idx,source,reference,prediction
35728,هذا مصنوع من القطن؟,هل هذا مصنوع من القطن ؟,هل هذا مصنوع من القطن ؟
50512,نفسى اتسدت.,لم يعد لي شهية .,لقد اتصلت .
34218,خلصنا من قبل .,لقد نفد منا للتو .,دعنا ننتظر من قبل .
28027,حلوة الاستضافة بالشامبانيا دي بعد الركوب، بصحتك.,أحب هذه الخدمة بتقديم شامبانيا للتحية بعد الإقلاع . دعني أشرب فى صحتك .,حسناً ، الاستضافة بالشمبوانيا بعد الإقلاع ، من فضلك .
17777,يوم الجمعة في الليل، الساعة تسع.,"مساء الجمعة , في التاسعة .",يوم الجمعة في الساعة التاسعة .
22992,قرسون.,نادل .,لقد ذهبت .
14160,عندك اى ا قتراحات؟,هل لديك أية مقترحات ؟,هل لديك أي قتراحات ؟
45108,أفضل مطعماً نباتياً .,أفضل مطعماً نباتياً .,أفضل مطعماً نباتياً .
38086,طبعا. تفتكر هياخد قد ايه؟,طبعاً . ما طول المدة التي تعتقد أنها ستستغرقها ؟,طبعاً . ماذا تريد أن أفعل ؟
35116,عايز لبن، لو تكرمت .,أريد لبناً ، من فضلك .,أريد لبن ، من فضلك .
3053,يصير ادفع بهالبطاقة؟,هل يمكنني الدفع بهذه البطاقة ؟,هل يمكنني أن أدفع هذه البطاقة ؟
48727,فين محل الكوافير؟,أين الحلاق ؟,أين محل الكوافير ؟
22575,شنطي مش هنا .,حقائبي ليست هنا .,لقد كانت حقيبتي هنا .
6230,سيارتي تعطلت.,لقد تعطلت سيارتي .,لقد تعطلت سيارتي .
17394,ابغا شامبو للشعر الطبيعي.,أريد شامبو للشعر العادي .,أريد شامبو للشعر الطبيعي .
20788,فيي إخد عشا عالسفينة؟,هل أستطيع تناول عشاء علي السفينة ؟,هل يمكنني أن أخذ بعض الوقت على السفينة ؟
11262,باخذ سبرايت كبير.,سوف أتناول زجاجة سبرايت كبيرة .,سآخذ سبرايت كبير .
6567,"ليلي خلصو شغل ""بشكركون كتير"" للتعبير عن الإمتنان.", شكرا جزيلا  للتعبير عن الامتنان لهؤلاء الذين انتهوا من العمل .,ليلي خلطني شغلاً رائعاً لتعبير عن الإمتنان .
13192,أنا كتير دايخ مالبحر. فيك تجبلي حكيم؟,أشعر بدوار البحر . هل يمكنك استدعاء طبيب ؟,أنا على ما يرام البحر . هل يمكنك أن تحضر لي طبيباً ؟
36099,هلا لففت هذا لي ؟,هلا لففت هذا لي ؟,هلا لففت هذا لي ؟
9634,شكرا . أنت أيضا .,شكرا . أنت أيضا .,شكرا . أنت أيضا .
7205,أريد كتاب للأطفال .,أريد كتاب للأطفال .,أريد كتاب للأطفال .
50066,و بالتالي، انت سقت تاكسيات لمده طويلة؟,إذن ألا زالت تقود السيارات الأجرة لفترة طويلة ؟,حسناً ، هل سقت تاكسيات لمدة طويلة ؟
34595,سأقيم في مسكن الطلبة الخاص بجامعة هارفارد .,سأقيم في مسكن الطلبة الخاص بجامعة هارفارد .,سأقيم في مسكن الطلبة الخاص بجامعة هارفارد .
47981,جهاز إنذار ضد الحريق تم تشغيله .,جهاز إنذار ضد الحريق تم تشغيله .,جهاز إنذار ضد الحريق تم تشغيله .
31307,تدخين ولا بدون؟,للمدخنين أم لا ؟,هل تدخين أم بدون ؟
37728,الاسم هو غورو موتوياما. والرقم هو صفر ثلاثة ثلاثة اثنين ستة واحد اثنين أربعة أربعة تسعة.,الاسم هو جورو موتوياما . والرقم هو صفر ثلاثة ثلاثة اثنان ستة واحد اثنان أربعة تسعة خمسة .,اسم هو جورو موتوياما . والرقم هو صفر ثلاثة ثلاثة اثنان ستة واحد اثنان أربعة أربعة تسعة .
19762,حسناً . أراك الساعة الثانية يوم الأحد .,حسناً . أراك الساعة الثانية يوم الأحد .,حسناً . أراك الساعة الثانية يوم الأحد .
35356,الساعة كم يمشي الباص لبيمليكو؟,متي يغادر الأتوبيس إلى بيمليكو ؟,متى يغادر الحافلة إلى بوسطن ؟
11799,هل هذا هو الرصيف الصحيح لنيويورك .,هل هذا هو الرصيف الصحيح لنيويورك .,هل هذا هو الرصيف الصحيح لنيويورك .
1640,سوينا دراسة دقيقة عن حاجات زبايننا.,لقد أجرينا مسحاً شاملاً لاحتياجات العملاء .,لقد بحثنا عن دراسة دقيقة عن ملابسنا .
33790,عايز أجرب نفس الحاجة اللي مع الراجل اللي على التربيزة اللي هناك.,أريد أن أجرب نفس الشيء الذي يتناوله الشخص الذي يجلس على هذه المائدة .,أريد أن أجرب نفس الحاجة مع الراجل على النافذة هناك .
15814,تحب كريمة وسكر فى القهوة بتاعتك؟,هل تحب أن تضع قشدة وسكر في قهوتك ؟,هل تريد بعض القهوة وسكر في القهوة ؟
8331,تقريبا حوالي كام تكلفني رسوم الخدمة؟,ما هي تكلفة الخدمة تقريبا ؟,كم تكلفة رسم الخدمة ؟
32227,من هو أفضل صديق لك ؟,من هو أفضل صديق لك ؟,من هو أفضل صديق لك ؟
19646,حسن ، الريمنجتون قد يكون جيداً .,حسن ، الريمنجتون قد يكون جيداً .,حسن ، الريمنجتون قد يكون جيداً .
8247,اسمح لي .,اسمح لي .,اسمح لي .
20850,هل يمكنني الحصول على خريطة للمترو ؟,هل يمكنني الحصول على خريطة للمترو ؟,هل يمكنني الحصول على خريطة للمترو ؟
24877,وين اكبر مركز تجاري هني؟,أين يوجد أكبر متجر متعدد الأقسام قريب من هنا ؟,أين أكبر مركز تجاري هنا ؟
36702,ممكن شنطة كبيرة؟,هل يمكنني الحصول على حقيبة كبيرة ؟,هل يمكن أن أخذ حقيبة كبيرة ؟
38950,إنت مغلط.,أنت مخطئ .,أنت لست على ما يرام .
31930,فيك تجبلي ظرف وكم ورقة؟,هلا أحضرت لي مظروفاً وبعض ورق الكتابة ؟,هل يمكنك أن تحضر لي مظروف ورقة ؟
16222,"أنا في فندق "" إيه بي سي ، "" غرفة ستة خمسة وثمانين . هل يمكنك أن تطلب منه أن يكلمني هنا من فضلك ؟","أنا في فندق "" إيه بي سي ، "" غرفة ستة خمسة وثمانين . هل يمكنك أن تطلب منه أن يكلمني هنا من فضلك ؟","أنا في فندق "" إيه بي سي ، "" غرفة ستة خمسة وثمانين . هل يمكنك أن تطلب منه أن يكلمني هنا من فضلك ؟"
3095,يصير ادخل بيوريلباس؟,هل أستطيع أن أركب القطار بتذكرة اشتراك ركوب القطار الأوروبي ؟,هل يمكنني الدخول إلى بيوريلباس ؟
38519,هل ترغب في أن تقوم بترتيبها ؟,هل ترغب في أن تقوم بترتيبها ؟,هل ترغب في أن تقوم بترتيبها ؟
6904,لأ، إزا بتريد ما تعمل هيك. هيدا لإستعمالي الشخصي.,لا ، من فضلك لا تفعل . هذا لاستخدامي الخاص .,لا ، من فضلك لا تعمل . هذا لاستخدامي الشخصي .
4449,نريد أن نلعب تنس اليوم .,نريد أن نلعب تنس اليوم .,نريد أن نلعب تنس اليوم .
6976,حسناًً . تفضل .,حسناًً . تفضل .,حسناًً . تفضل .
28265,بدي اتحمضلي هدا الفيلم. ايمتا بيجهز؟,أود تحميض هذا الفيلم . متي سيكون جاهزا ؟,أريد أن أحمض هذا الفيلم . متى يمكن أن يغادر ؟
1811,مرحبا. بدي إطلب أهوة وساندويش كلوب.,مرحباً . أريد أن أطلب قهوة ووجبة سندوتشات سريعة .,مرحباً . أريد أن أطلب بعض الطعام وساندش كلوب .
40715,غرفة مفردة بدون حمام، لو سمحت.,غرفة مفردة بدون دش من فضلك .,غرفة مفردة بدون حمام ، من فضلك .
8736,هل تبغي شراباً ؟,هل تبغي شراباً ؟,هل تبغي شراباً ؟
10896,لا أشعر بتحسن .,لا أشعر بتحسن .,لا أشعر بتحسن .
39591,عاوز أوصل حوالي من الضهر للساعة اتنين للوس انجلوس.,أريد الوصول إلى لوس أنجلوس ما بين الظهيرة حتى الساعة الثانية .,أريد الذهاب حوالي الساعة الثانية إلى لاس انجلوس .
36515,تقدر تشوف مبنى ابيض؟ هو مجابل المبنى.,هل ترى مبنىً أبيض ؟ إنه أمام المبنى .,هل يمكنك أن ترى مبنى أبيض ؟ إنه على هذا المبنى .
22583,بتحب ايه، اللحمة، الفراخ، ولا السمك؟,هل ترغب في تناول لحم بقري ، دجاج ، أم أسماك ؟,ماذا تريد ، اللحم ، الفرخ ، أم السمك ؟
27592,أنهو نوع من شنط السفر؟,أي نوع من حقائب السفر ؟,هل هذا هو نوع من حقائب السفر ؟
20037,أنا باخد شوكو سخن.,سآخذ شيكولاتة ساخنة .,أريد بعض البرد .
29093,إنني على يقين أن المجرم قريب .,إنني على يقين أن المجرم قريب .,إنني على يقين أن المجرم قريب .
8224,عمتي باردة و غريبة شوي .,إن خالتي فاترة الهمة وغريبة الأطوار بعض الشيء .,لقد كانت غرفتي صعوبة جداً .
2210,ساعتي. كانت سيكو رقمية.,ساعتي . كانت ساعة سيكو رقمية .,ساعتي . كانت سيكو رقمية .
18995,ممكن تلفلي ده؟,هلا لففت هذا لي ؟,هل يمكن أن تلف هذا ؟
4865,اكيد. انزل من الدرج هناك وبتشوف ارشادات، اتبعهم.,بالتأكيد ، انزل من على الدرج هناك وسوف تجد بعض الإرشادات فاتبعها من فضلك .,بالتأكيد . انزل من الدرج هناك وترى ارشادات ، لذلك سوف ننتظر .
39418,اي. ثمانين جنيه في الليلة، زيادة الضرايب.,نعم . ثمانون جنيهاً في الليلة ، زائد الضريبية .,نعم . ثمانون جنيه في الليلة ، زيادة الضرايب .
22655,وش هو ميعاد الوصول المتوقع حقنا؟,ما هو موعد وصولنا المقدر ؟,ما هو ميعاد الوصول المتوقع لدينا ؟
42875,لماذا لا نقوم بالدوران حول هذه الشعب ؟,لماذا لا نقوم بالدوران حول هذه الشعب ؟,لماذا لا نقوم بالدوران حول هذه الشعب ؟
36171,"هل لك أن ترسم لي خريطة , من فضلك ؟","هل لك أن ترسم لي خريطة , من فضلك ؟","هل لك أن ترسم لي خريطة , من فضلك ؟"
47892,لازم اصرح بالمحتويات وقيمتها؟,هل على أن أعلن عن المحتويات و قيمتها ؟,هل يجب أن أجد قائمة على حدة ؟
10289,انا عالخط متوصل ب ايه اف واحد اتنين تلاته .,أتصل على التردد الصوتي واحد اثنان ثلاثة .,أنا على الخط متصل برقم واحد اثنان ثلاثة .
25528,سأعة الليلة.,الليلة قارسة البرد .,سأعة الليلة .
36629,أود التحقق من وقت المغادرة .,أود التحقق من وقت المغادرة .,أود التحقق من وقت المغادرة .
3840,أين سترات الإنقاذ ؟,أين سترات الإنقاذ ؟,أين سترات الإنقاذ ؟
17180,العفو. هذي حلو.,على الرحب و السعة . إنها جميلة .,عفواً . هذا جميل .
39059,ما هو الآيس كريم الذي تزكيه ؟,ما هو الآيس كريم الذي تزكيه ؟,ما هو الآيس كريم الذي تزكيه ؟
1045,اكيد، تفضل الخردل.,بالتأكيد ، ها هي عجينة الخردل .,بالتأكيد ، تفضل الخردل .
19713,تعا لهون.  .,تعال هنا !,لقد ذهبت إلى هناك .
2372,أنا من أميركا.,أنا من الولايات المتحدة .,أنا من الولايات المتحدة .
31572,محفظتي اتسرقت في محل في السوق الحرة.,لقد سرق كيس نقودي في محل السلع المعفاة من الضرائب .,لقد سرقت محفظتي في محل في السوق الحرة .
5264,سأرى ما إذا كان أي منها يناسبني .,سأرى ما إذا كان أي منها يناسبني .,سأرى ما إذا كان أي منها يناسبني .
35936,محفظتي اتسرقت مني و انا في مترو الانفاق .,لقد سُرقت مني محفظتي وأنا في مترو الأنفاق .,لقد سرقت محفظتي وأنا في مترو الأنفاق .
21920,المسافرين اللي مغادرين على شركة طيران أيه بي سي رحلة رقم سبعة زيرو تلاتة الي رايحة طوكيو لو سمحتو إتقدمو لبوابة عشرين للإجراءات الحكومية.,الركاب المسافرون على خطوط إيه بي سي الجوية رحلة رقم سبعة صفر ثلاثة المتجهة إلى طوكيو التفضل بالتوجه إلى بوابة رقم عشرين لإنهاء الإجراءات الرسمية .,المسافرين الذين مغادرين على شركة طيران إيه بي سي رحلة رقم سبعة صفر ثلاثة إلي طوكيو من فضلك تقدموا إلى غرفة عشرين للإجراءات الحكومية .
18149,انت لازم تروح المستشفى حق فحص عام.,يجب أن تذهب إلى المستشفى للقيام بفحص عام .,يجب أن تذهب إلى المستشفى للحصول على فحص عام .
20783,ممكن تغيره تعطيني شي اصغر؟,"هل من الممكن تحويلها إلى "" فكة "" أصغر ؟",هل يمكنك أن تغير هذا إلى شيء أصغر ؟
7822,عندك عصير قريبفروت؟,هل لديك عصير جريب فروت ؟,هل لديك عصير قريب من فروت ؟
30946,انت فعلا حجزت؟,هل أجريت حجزاً بالفعل ؟,هل أنت حقا حجزت ؟
48328,كيف حالك ؟ أنا هيروكوسوزكي . هل يمكنني معرفة اسمك ؟,كيف حالك ؟ أنا هيروكوسوزكي . هل يمكنني معرفة اسمك ؟,كيف حالك ؟ أنا هيروكوسوزكي . هل يمكنني معرفة اسمك ؟
43396,شلونك، سيد تاكاقي؟ آخر مرة التقينا كانت في الربيع اللي راح، صح؟,كيف حالك يا سيد تاكاجي ؟ إننا لم نلتق منذ الربيع الماضي ، أليس كذلك ؟,شلونك ، يا سيدي ؟ لقد التقينا منذ وقت الربيع ، أليس كذلك ؟
17437,بتطلع معاي في موعد؟,هل ستحدد موعداً للخروج معي ؟,هل ستكون معي في موعد ؟
32341,على أن أحذر أن يغشني أحد بالنسبة لنقودي من الوحدات الصغيرة .,على أن أحذر أن يغشني أحد بالنسبة لنقودي من الوحدات الصغيرة .,على أن أحذر أن يغشني أحد بالنسبة لنقودي من الوحدات الصغيرة .
39376,اقوم الساعة ست كل يوم.,أستيقظ في تمام السادسة كل يوم .,سوف أقوم في الساعة السادسة كل يوم .
31947,اي شي بتصرح عنه؟,أي شيء لتعلنه ؟,أي شيء يؤلمني ؟
32301,عايز أقابل استاذ ويليام.,أريد لقاء السيد ويليم .,أريد أن أقابل السيد ويليام .
9195,وين أحسن نؤطة ليلية بسان فرانسيسكو؟,أين أفضل ملهي ليلي في سان فرانسيسكو ؟,أين أفضل نؤطة ليلية بسان فرانسيسكو ؟
11645,غرفة هادية إذا بتريد .,غرفة هادئة ، من فضلك .,غرفة هادئة ، من فضلك .
558,أوه، أوكي. فهمت. رح أجي عندك.,أوه ! موافق ، لقد فهمت ، سوف آتي إلى مكانك .,حسنا ، حسنا . أفهم . سأذهب إلى منزلك .
8962,حبيبي مو جنك كنت واجد سكران البارحة؟,ألم تكن مخمور بدرجة كبيرة بعض الشيء في الليلة الماضية يا عزيزي ؟,هل حبيبي لم يقدم مني كثيراً من الوقت ؟
25680,انا متأكد ان عندي حجز.,أنا متأكد أن لدى حجز .,أنا متأكد أن لدي حجز .
1444,معي حساسية أوية.,لدي التهاب جلدي حاد .,لدي حساسية صغيرة .
39511,حاخد طبقة مكرونه شرايط لينجوين .,سأتناول مكرونة لينجوين .,سأخذ طبقاً من شرايط لينجوين .
3931,بتعرف شي محل صرامي منيح؟,هل تعرف محل أحذية جيد ؟,هل تعرف أي محل صرام جيد ؟
5881,أود أن أشير إلى أن حكومتنا تتعامل بشدة مع من يطلق عليهم أناس المراكب . لقد أدركت أن اليابان بالفعل به زيادة سكانية بالدرجة التي لا تسمح باستضافة هؤلاء الضيوف غير المدعوين . لكن ومن ناحية أخرى ، فإن العديد من القطاعات الصناعية لدينا بحاجة إلى يد عاملة .,أود أن أشير إلى أن حكومتنا تتعامل بشدة مع من يطلق عليهم أناس المراكب . لقد أدركت أن اليابان بالفعل به زيادة سكانية بالدرجة التي لا تسمح باستضافة هؤلاء الضيوف غير المدعوين . لكن ومن ناحية أخرى ، فإن العديد من القطاعات الصناعية لدينا بحاجة إلى يد عاملة .,أود أن أشير إلى أن حكومتنا تتعامل بشدة مع من يطلق عليهم أناس المراكب . لقد أدركت أن اليابان بالفعل به زيادة سكانية بالدرجة التي لا تسمح باستضافة هؤلاء هؤلاء .
5683,انا مش فكر فين .,لا أتذكر أين .,لا أفكر في ذلك .
46013,"غلفها , من فضلك .","غلفها , من فضلك .","غلفها , من فضلك ."
19026,إزا بتريد اتصل بقدر أول شي بكرا الصبح.,من فضلك رد على في الصباح .,من فضلك اتصل بقدر ما يمكنني صباح الغد .
20959,طيب، أوضة رأم ميتان وتلاتة. تفضل مفاتيحك.,وهو كذلك ، الغرفة اثنان صفر ثلاثة . ها هو ذا المفتاح .,حسناً ، غرفة رقم اثنان ثلاثة . تفضل مفاتيحك .
27418,مر من هذا الباب واتجه إلى يمينك .,مر من هذا الباب واتجه إلى يمينك .,مر من هذا الباب واتجه إلى يمينك .
14558,بس اتفرج. مشكور.,أنا أتفرج فقط . شكراً .,فقط اتصل بك . شكراً .
16243,بدي شوية كلسات .,أريد بعض الجوارب .,أريد بعض الملابس .
29857,هل ثمة حافلة إلى وسط المدينة ؟,هل ثمة حافلة إلى وسط المدينة ؟,هل ثمة حافلة إلى وسط المدينة ؟
3850,في دكتور بالأوتيل او حدا منحكيه؟,هل هناك طبيب للفندق أو واحد على صلة بالفندق .,هل يوجد طبيب في الفندق أم أحد يحضرون ؟
7401,برأيي هيدي فكرة بتعئد. أنا دايمًا بئول إنو المتاحف هني أحسن مطرح لنبلش نتعرف عالبالد. طيب لوين لازم نروح؟ سمعت إنو في معرض هندي أمركاني كتير حلو بمتحف المؤاطعة.,أعتقد أنها فكرة طيبة . رأي دائما هو أن المتاحف هي أفضل ما يمكن البدء به للتعرف على بلد ما . حسنا ، إلى أين يجب أن نذهب ؟ لقد سمعت أنه يوجد معرض رائع للهنود الأمريكيين في متحف المقاطعة .,أنا معذرة . أنا أظن أن المتاحف هنا أفضل مكان لمشاهدة المتاحف . حسناً ، أين ينبغي أن نذهب ؟ سمعت أن المتاحف هنا أفضل مكان لمشاهدة
48089,اديه بدا وقت قصة الشعر؟,كم من الوقت سيستغرق حلاقة شعري ؟,كم وقت انتهاء قصة الشعر ؟
48480,سأبحث عن سيارة أجرة أخرى .,سأبحث عن سيارة أجرة أخرى .,سأبحث عن سيارة أجرة أخرى .
199,كرم منك انك تفرجني عالبلد .,كان لطفاً منك أن تفرجني على المدينة .,شكراً جزيلاً على أن تفرجني إلى البلد .
14283,كنت عايز الشهادة الصحية ووصل التامين بتاعي.,أريد شهادة طبية وإيصال من أجل التأمين الخاص بي .,أريد شهادة الصحية ووصل التامين الخاص بي .
33772,لا يوجد صابون .,لا يوجد صابون .,لا يوجد صابون .
16529,شكراً على أي حال .,شكراً على أي حال .,شكراً على أي حال .
49041,انا اروح اتزحلق مرتين بالشهر خلال الموسم.,إني أتزلك مرتين في الشهر خلال الموسم .,أذهب إلى زحلق مرتين في العام خلال الموسم .
30965,اشوفك الاثنين.,أراك يوم الاثنين .,سوف أراك اثنين .
21496,قرسون، ممكن تييب الفاتورة، لو سمحت؟,أيها النادل ، هلا أحضرت لي الفاتورة ، من فضلك ؟,حسنا ، هل يمكنني أن تحضر الفاتورة ، من فضلك ؟
9410,عطيني علكة، عمول معروف.,أعطني بعض العلكة من فضلك .,أعطني بعض الهدايا ، من فضلك .
27511,إزاي أروح هناك؟,كيف أصل إلى هناك ؟,كيف أذهب إلى هناك ؟
15951,طعمه غريب.,أنه ذو مذاق غريب .,طعمه غريب .
25158,عندك افلام؟,هل لديك أفلاما ؟,هل لديك أفلام ؟
4248,ممكن تصرف لي قيمة جيكي بو ميتين دولار كاش؟,هل يمكنكم صرف الشيك ذو المائتي دولار الخاص بي ؟,هل يمكنك أن تصرف قيمة جيكي بمائتي دولار نقدا ؟
49536,الدكتور عطاني وصفة.,أعطاني الطبيب روشتة .,لقد اكتشفت طبيباً .
47548,بكام لغاية المطار؟,كم سأدفع للوصول إلى المطار ؟,كم المدة التي ستغادر إلى المطار ؟
48964,بدي أخد عشرين من أكبر دب، لو سمحت.,سآخذ عشرين دب لعبة من أكبر حجم .,أريد أن أخذ عشرين دب من أكبر دب ، من فضلك .
46958,أقعد، اتفضل.,اجلس ، من فضلك .,أجلس ، أفضل .
28456,ألا تسأله أن يتصل بي ؟,ألا تسأله أن يتصل بي ؟,ألا تسأله أن يتصل بي ؟
42661,ما هي تكلفة الخدمة تقريبا ؟,ما هي تكلفة الخدمة تقريبا ؟,ما هي تكلفة الخدمة تقريبا ؟
8952,هل سأضطر إلى العودة إلى مكتبكم ثانية ؟,هل سأضطر إلى العودة إلى مكتبكم ثانية ؟,هل سأضطر إلى العودة إلى مكتبكم ثانية ؟
330,هكذا لدينا واحدة جيدة لك . إنها جولة يوم العطلة الكامل .,هكذا لدينا واحدة جيدة لك . إنها جولة يوم العطلة الكامل .,هكذا لدينا واحدة جيدة لك . إنها جولة يوم العطلة الكامل .
23848,ما هو السعر الذي تفكر فيه ؟,ما هو السعر الذي تفكر فيه ؟,ما هو السعر الذي تفكر فيه ؟
1281,أتمنى لو كنت مكانك .,أتمنى لو كنت مكانك .,أتمنى لو كنت مكانك .
3366,بدي درامامين.,أحتاج مركب لمنع الغثيان من صنف درامامين .,أريد درمامين .
27067,شنو اللون اللي هابين فيه هالفترة؟,ما هو أحدث لون هذا الموسم .,ما هو اللون الذي يبدو فيه هذه الفترة ؟
49709,كلها سلع شخصية .,كلها سلع شخصية .,كلها سلع شخصية .
49725,صباح الخير، نمت منيح؟  ؟,صباح الخير . هل استرحت في نومك ؟,صباح الخير ، هل أنت ذاهب ؟
33445,قفل من اقفال الدريشة مكسور.,أحد أقفال النوافذ مكسور .,لقد وضعت بعض الأمتعة مكسور .
1181,اتجه يسارا عند الناصية الثالثة .,اتجه يسارا عند الناصية الثالثة .,اتجه يسارا عند الناصية الثالثة .
50730,لو سمحت فرجيها مع المشتريات للجمارك في المطار.,من فضلك أظهرها مع المشتريات في الجمارك في المطار .,من فضلك أرني هذا مع المشتريات المشتريات في المطار .
144,ده ياقوت ازرق . عندنا بروش واحد من النوع ده و ده من المجوهرات المفضلة عندي . ممكن تجربه عليك؟,إنه ياقوت . لدينا بروش واحد فقط من هذا النوع وهو أحد مصوغاتي المفضّلة . هلا جربت أن ترتديه ؟,هذا ياقوت أزرق . لدينا بعض النوع من المجوهرات المفضلة عندي . هل يمكن أن تجربه عليك ؟
31251,انا حاسس اني احسن .,أشعر بتحسن كبير .,أشعر بحسن .
50251,استقل المسعد هابطا ، وستجد المكتب هناك مباشرة .,استقل المسعد هابطا ، وستجد المكتب هناك مباشرة .,استقل المسعد هابطا ، وستجد المكتب هناك مباشرة .
24246,عندي شظية في إصبعي . هل من الممكن أن تعطني ملقاط صغير ، من فضلك ؟,عندي شظية في إصبعي . هل من الممكن أن تعطني ملقاط صغير ، من فضلك ؟,عندي شظية في إصبعي . هل من الممكن أن تعطني ملقاط صغير ، من فضلك ؟
15246,أود مقعد خلفي .,أود مقعد خلفي .,أود مقعد خلفي .
11076,ليش عيل، اكيد طاح من جيبي. لازم ابلغ محقق الفندق.,"لماذا إذا , لابد أنها سقطت من جيبي . لابد أن أخبر مخبر الفندق بذلك .",لماذا ، أنا آسف للغاية . علي أن أبلغ محقق الفندق .
3986,زمان ما التقينا .,لم أراه منذ زمن .,لم التقينا .
31900,لأن الصيف في اليابان عادة يكون واجد حار، وقبل ما كان عندنا كنديشنات.,لأن الصيف في اليابان عادة ما يكون شديد الحرارة ، ولم يكن لدينا تكييف هواء قديماً .,لأن الصيف في اليابان عادة يكون حار ، وقبل أن كان لدينا بعض الكياجات .
31069,يصير احجز خمس كراسي مع بعض في نفس الصفة؟,هل يمكن أن أحجز خمسة مقاعد في الصف نفسه .,هل يمكن أن أحجز خمسة مقاعد مع بعضها في نفس الصف ؟
33261,محفظتي، وجواز سفري واشيائي الخاصة التانية.,"محفظتي , جواز السفر ومتعلقات شخصية أخرى .",محفظتي ، وجواز سفري واشيائي الخاصة .
32509,يستغرق عشر دقائق مشي على الأقدام.,إنها تستغرق عشر دقائق سيراً على الأقدام .,يستغرق عشر دقائق على الأقدام .
12618,أجل . هل لي أن أرى بطاقة هوية الطلاب الخاصة بك ؟,أجل . هل لي أن أرى بطاقة هوية الطلاب الخاصة بك ؟,أجل . هل لي أن أرى بطاقة هوية الطلاب الخاصة بك ؟
30658,هذي وصفة من عند دكتور تومسون.,إليك روشتة من د . تومسون .,هذه وصفة من فضلك .
2362,"اوكي. الحين، ممكن اشتري تذاكر حق ""ذا فانتوم اوف ذي اوبرا"" العرض الصباحي يوم السبت؟","حسناً . الآن , هل يمكن شراء تذاكر لـ "" شبح الأوبرا "" لحفلة يوم السبت الصباحية ؟","حسناً . الآن ، هل يمكنني شراء تذاكر ل "" ذا فانتوم أوف "" العرض الصباحي يوم السبت ؟"
24632,ممكن اخذ هذي وهذي، لو سمحت؟,هل لي بهذه وهذه ، من فضلك ؟,هل يمكنني أن أخذ هذا وهذه ، من فضلك ؟
25604,أمشى شمال على طول فى الشارع ده وخد أول يمين.,اتجه يساراً في هذا الشارع ثم انعطف عند أول منعطف يمين .,اتجه يساراً في هذا الشارع ثم اتجه يساراً .
42840,أعتقد إننا ممكن نحضر لك تربيزة خلال خمستاشر دقيقة.,اعتقد أننا نستطيع الحصول لك على مائدة خلال حوالي خمسة عشرة دقيقة .,أعتقد أننا يمكننا أن نحضر لك مائدة خلال خمسة عشر دقيقة .
33419,حأخد تعويض لو ما لقيتش شنطتي؟,هل أحصل على تعويض إذا لم تجدوا حقيبتي ؟,هل يمكنني أن أخذ تعويض إذا لم أضعها في حقيبتي ؟
24769,كنت عايز أخلع سناني.,أرغب في خلع أسناني .,أريد أن أخذ بعض الملابس .
38332,شروط العقد واضحين، بس ما قادر افهم النقطة بعد هيدا .,"شروط العقد واضحة , ولكنني لا أفهم النقطة التالية .",شروط العقد واضحة ، لكن لا أستطيع فهم النقطة بعد ذلك .
29452,فيي إحكي لإستاذ جونز؟,هل يمكنني التحدث مع السيد جونز ؟,هل يمكنني أن أحدث لسيد جونز ؟
36186,بحسب فايدة النهاردة، حنوصل للمبلغ ده .,سعر اليوم ، سيصل إلى هذا المبلغ .,طبقاً جيد اليوم ، سنصل إلى هذا المبلغ .
10835,بدك يا من دون ضريبة؟,هل تحب أن يكون معفى من الجمارك ؟,هل تريد أن تكون على خصم ؟
4070,انا اسف . نفسك يكون عندك ايه؟,آسف . ماذا كنت تريد ؟,آسف . ماذا عنك ؟
5395,ايوه، انا استمتعت بيه.,نعم ، تمتعت بها .,نعم ، لقد استمتعت بها .
27204,اقدر استأجر أدوات الغوص؟,هل أستطيع تأجير أداة للتنفس أثناء السباحة ؟,هل يمكنني استئجار أدوات الغوص ؟
26645,تذكرة لديترويت، من فضلك .,تذكرة إلى ديترويت من فضلك .,تذكرة لمشاهدة المعالم ، من فضلك .
7499,ماذا تخص هذه الفاتورة ؟,ماذا تخص هذه الفاتورة ؟,ماذا تخص هذه الفاتورة ؟
46421,هل لديك بعض الجوارب ؟,هل لديك بعض الجوارب ؟,هل لديك بعض الجوارب ؟
26053,خدني عند الحكيم.,خذني إلى طبيب .,خذني إلى المستشفى .
31609,عايز استعمل صندوق امانات.,أود استخدام صندوق أمان .,أريد أن أستخدم صندوق ائتمان .
14467,"يا. هذه الفضة نادرة ""القمر والجرس"". متأكد من أنك تبغا تبادلها؟","آه . هذه الفضية نادرة "" القمر والجرس "" . هل تريد أن تغيرها أكيد ؟","يا . هذه الفضة نادرة "" القمر والجرس "" . هل تريد أن تقوم بتبادلها ؟"
31462,هو بيطلع كل عشر دقايق.,إنه يغادر كل عشرة دقائق .,إنه يبعد كل عشر دقائق .
27212,متى يتم توقيع عقود المكتب ؟,متى يتم توقيع عقود المكتب ؟,متى يتم توقيع عقود المكتب ؟
37603,أنا مفهمتش الشرح بتاعك.,لا أفهم شرحك .,أنا أفهم شرحك .
36369,بعد إزنك، وين التليفون العام؟,معذرة . أين التليفون العمومي ؟,معذرة ، أين الهاتف العام ؟
23899,اي، اخوي. بحول مكالمتك الحين. انتظر شوي لو سمحت.,"أجل , سيدي . سأحول مكالمتك حالاً . انتظر من فضلك .",نعم ، يا سيدي . سأحول مكالمتك الآن . انتظر مرة أخرى .
2338,في أي اتجاه ذهب ؟,في أي اتجاه ذهب ؟,في أي اتجاه ذهب ؟
31134,احد حاول يدخل. شاب ملثم، اظن.,حاول أحد الأشخاص دخول الشقة . مجرم شاب على ما أظن .,حاول أحد إجراء اتصال . شاب ملثم ، أعتقد .
36811,هو برة المكتب دلوقتي. ممكن اوصله رسالة؟,إنه خارج المكتب الآن . هل يمكنني أن آخذ رسالة ؟,إنه في المكتب الآن . هل يمكن أن أرسل رسالة ؟
18159,الليله ب تسعة و تسعين دولار مع الضريبة .,السعر تسعة تسعون دولار بالإضافة إلى الضريبة في الليلة .,الليلة تسعة وتسعون دولاراً مع الضريبة .
8238,كم تاخذ على الوزن الزايد؟,ما هو مقدار الرسوم للوزن الزائد ؟,كم تتقاضى على الوزن الزائد ؟
16812,ايه الفرق بين الفنادق دي؟,ما هي الفوارق بين هذه الفنادق ؟,ما هي الفرق بين هذه الفنادق ؟
45282,الجودة ممتازة، والصفقة زينة.,الجودة ممتازة ، إنها صفقة رابحة .,الجودة ممتازة ، وصفقة رائعة .
31699,هل يتوقف القطار السريع في سان ديجو ؟,هل يتوقف القطار السريع في سان ديجو ؟,هل يتوقف القطار السريع في سان ديجو ؟
6381,شكلك تعبان.,تبدو مجهداً .,يبدو أنك تعاني من المرض .
30612,إزا بتريد زغرلي الخصر تلاتة سنتيمتر.,من فضلك وسع منطقة الخصر لمسافة ثلاثة سنتيمترات .,من فضلك زغر لي الخصر ثلاثة سنتيمترات .
8853,انا هبلغ دة للبوليس.,سوف أبلغ الشرطة بذلك .,سوف أبلغ ذلك إلى البنوك .
10708,ضليت هونيك شي ست سنين.,لقد قضيت هناك نحو ستة أعوام .,لقد قضيت هناك منذ ست سنوات .
38895,هذي الطيارة الصح؟,هل هذه هي الرحلة الصحيحة ؟,هل هذه هي الرحلة الصحية ؟
43304,اوكي. اقدر اتحمل لك فيه.,حسناً . يمكنني أن أناولها لك .,حسناً . يمكنني أن أحمل لك .
29547,هل ترى ذلك المطعم هناك ؟,هل ترى ذلك المطعم هناك ؟,هل ترى ذلك المطعم هناك ؟
15695,ممكن تسجل لي هالشنطتين، لو سمحت؟,"هل لك أن تفحص لي هاتين الحقيبتين , من فضلك ؟",هل يمكنك أن تسجل لي هذه الحقائب ، من فضلك ؟
28999,في ديسكوتك قريب من هنا؟,أين منضدة الروليت ؟,هل هناك ديسكو قريب من هنا ؟
34043,ديه حاجه تبسطني . انا بأخطط اعمل جولة اشوف معالم البلد و اشوف اصحاب من زمان ليا .,متعة . أخطط أن أقوم برؤية المعالم وزيارة بعض الأصدقاء القدامى .,هذا شيء يبدو . أخطط أن أقوم بعمل جولة لمشاهدة معالم البلد ومشاهدة أصدقاء من قبل .
30871,بوجع كتير ما بئا بقدر إتحمله.,إنه يؤلم بشدة حتى إنني لا أستطيع تحمله أكثر من هذا .,ألم شديد للغاية لا أستطيع تحملها .
45011,متى موعد وصولنا المتوقع؟,ما هو موعد وصولنا المقدر ؟,متى موعد وصولنا المتوقع ؟
14411,احتاج إلى نعل داخل الحذاء .,احتاج إلى نعل داخل الحذاء .,احتاج إلى نعل داخل الحذاء .
37628,المسافرين على رحلة إيه بي سي رقم سبعة صفر ثلاثة لطوكيو من فضلكم روحوا بوابة عشرين للاجراءات الحكومية.,الركاب المسافرون على خطوط إيه بي سي الجوية رحلة رقم سبعة صفر ثلاثة المتجهة إلى طوكيو التفضل بالتوجه إلى بوابة رقم عشرين لإنهاء الإجراءات الرسمية .,المسافرين على رحلة إيه بي سي رقم سبعة صفر ثلاثة إلى طوكيو من فضلك ذهبوا إلى بوابة عشرين للاجراءات الحكومية .
4504,وقد حظرت المسيحية وأغلقت البلاد أمام بقية العالم.,حظرت المسيحية وأغلقت البلاد بالنسبة لبقية العالم .,لقد حظرت المسيحية وأغلقت البلاد في بقية العالم .
43902,مشكور. رقم غرفتك سبعمية وعشرين. تفضل مفتاحك. حامل الشنط بيشيل لك شناطك.,شكراً جزيلا . رقم غرفتك هو سبعة عشرونز هذا مفتاحك . سوف يحمل حمالنا الحقائب لك .,شكراً . رقم غرفتك هو سبعة عشر . تفضل مفتاحك . املأ حقائبك .
42816,ابغي اسوي حجز حق اليوم المسا الساعة ست.,أريد أن أعمل حجز للساعة السادسة هذه الليلة .,أريد حجز لمدة الساعة السادسة .
48347,خلينا نتصل بيه.,دعنا نتصل به هاتفيا .,دعنا نتصل به .
33379,هذي كان مكسور لما طلعته من العلبة.,لقد كسرت هذه عندما أخرجتها من الصندوق .,لقد كان مكسور عندما خرجت من العلبة .
9258,إزا بتريد كتوب رأم بطاءة الإئتمان تبعك.,من فضلك دون رقم بطاقتك الائتمانية .,من فضلك ، اتصل برقم بطاقة الائتمان .
43062,التعليم تشدد و قوة الجيش زادت .,التعليم تم الاهتمام به ، والقوة العسكرية زادت .,التعليم تشدد و قوة الجيش زادت .
37910,الرحلة الجاية للوس أنجلوس إمتى؟,متى الرحلة القادمة إلى لوس أنجلوس ؟,متى يمكنني الانتقال إلى لاس أنجلوس ؟
454,كان من اللطيف جدا أن أقابلك .,كان من اللطيف جدا أن أقابلك .,كان من اللطيف جدا أن أقابلك .
21347,هالفستان نايلون؟,هل هذا الفستان مصنوع من النايلون ؟,هل هذا الفستان نايلون ؟
45222,هوت دوج حجم صغير وكولا كبيرة ، من فضلك .,هوت دوج حجم صغير وكولا كبيرة ، من فضلك .,هوت دوج حجم صغير وكولا كبيرة ، من فضلك .
43094,اوك .,ذلك لا بأس به .,حسناً .
8569,هالجسر تقريباً اطول من ذاك الجسر مرتين.,هذا الجسر أطول من ذاك حوالي مرتين .,هذا الجسر يبلغ أطول قليلاً من هذا الجسر .
25897,بدي شنطة أرخص.,أريد حقيبة أرخص سعرا .,أريد حقيبة أرخص .
14366,الحساب، من فضلك .,الحساب ، من فضلك .,الحساب ، من فضلك .
39079,لاء، حزرت صح . تطلقت من حوالي الست تشهر.,لا ، لقد خمنت صواباً . لقد طلقت من حوالي ستة أشهر .,لا ، لقد حزرت . لقد أغلقت من حوالي ثلاثة أشهر .
50031,أي نوع من القصص هي ؟,أي نوع من القصص هي ؟,أي نوع من القصص هي ؟
38577,على ما يبدو أعاني من خفقان بالقلب .,على ما يبدو أعاني من خفقان بالقلب .,على ما يبدو أعاني من خفقان بالقلب .
47824,المفروض أجى الساعة كام؟,متى ينبغي أن آتي ؟,كم عدد الوقت الذي يجب أن أجري في الساعة ؟
9590,فيك تنصحني بمطعم صيني منيح أريب من هون؟,هل من الممكن أن ترشح مطعما صينيا جميلا قريب من هنا ؟,هل يمكنك أن تحضر لي مطعماً صيني جيداً من هنا ؟
43281,تقدر تشوف المبنى الأبيض، صح؟ تراه قدام داك المبنى.,يمكنك رؤية مبنى ابيض اللون ، أليس كذلك ؟ إنه أمام ذلك المبنى .,يمكنك أن ترى المبنى الأبيض ، أليس كذلك ؟ إنه على هذا المبنى .
26187,الساعة اربع وثلث.,الرابعة وعشرون .,الساعة الرابعة والثلاثون .
11605,فيك تتصل فيي إزا لئيت شنطي؟,هل يمكنك الاتصال بي إذا عثرت على حقائبي ؟,هل يمكنك أن تتصل بي كيف أعطيت حقائبي ؟
46034,أنت رايح البيت لقضاء العطلة؟,هل ستعود لبلادك في الاجازات ؟,هل أنت ذاهب إلى المنزل لقضاء العطلة ؟
5966,عاوز تيجي معانا ع الغدا؟,هل ترغب في تناول الغداء معنا ؟,هل تريد أن تحضر معنا في الغداء ؟
18527,وين بتنعرض المسرحية؟,أين يجري عرض هذه المسرحية حالياً ؟,أين يمكنني أن نعرض المسرحية ؟
47383,لازم تظبط مراية السيارة.,من الأفضل أن تضبط المرآة العاكسة للرؤية الخلفية .,يجب أن تضع بعض المقاعد السيارة .
25024,تفضل.,هاهي .,تفضل .
19058,إمشى على طول اخر القاعة دى ولف شمال عند الناصية. هتشوفه على يمينك.,سر للأمام إلى آخر هذه القاعة وانعطف يسارا عند الركن . سوف تجدها على يمينك .,خذ هذه القاعة ثم اتجه يساراً عند الناصية . سوف تجدها على يمينك .
26656,باي .,مع السلامة .,حسناً .
47044,انا طلبت دجاج.,طلبت دجاجا .,لقد طلبت دجاج .
20885,هل بإمكاني أن ابدأ الرحلة بهذه التذكرة ؟,هل بإمكاني أن ابدأ الرحلة بهذه التذكرة ؟,هل بإمكاني أن ابدأ الرحلة بهذه التذكرة ؟
35679,أي ساعة؟,كم الوقت ؟,متى ؟
32367,سآخذ هذا من فضلك .,سآخذ هذا من فضلك .,سآخذ هذا من فضلك .
11901,لا ، لا شيء إطلاقاً .,لا ، لا شيء إطلاقاً .,لا ، لا شيء إطلاقاً .
6585,اي نوع، اخوي؟,أي نوع سيدي ؟,أي نوع ، يا سيدي ؟
50634,أوه، مرقت عليه. رجاع، عمول معروف.,"أوه لقد تعديتها ارجع ثانية , من فضلك .",أوه ، لقد اتصلت بها . الرجاع من فضلك .
49586,بس لأن هذي تذكرة تخفيض، ما يصير.,فقط لأنها تذكرة عليها خصم ، هذا لا يمكن أن يكون .,لكن لأن هذه تذكرة تخفيض ، لا يمكن .
16420,بغيت يلد.,أريد بعض الأربطة المطاطية .,أريد أن يلد .
12892,انا صج آسف، بس بتأخر على الاجتماع. صادتني الزحمة.,أنا آسف جدا ، لكن سوف أتأخر على الاجتماع . تعطلت من المواصلات .,آسف ، لكنني تأخر على الاجتماع . لقد صادفت الزحمة .
20052,عملت الحجز في طوكيو منذ شهر .,عملت الحجز في طوكيو منذ شهر .,عملت الحجز في طوكيو منذ شهر .
6623,إي، بس وحدة. أيمتا بعرف؟ كيف بتعوضولي؟,أجل ، واحدة فقط . متى سأعرف ؟ وكيف سيتم تعويضي ؟,نعم ، ولكن واحدة . ماذا أعرف ؟ كيف تعوضني ؟
46335,هل د . توفلر مدرس حازم ؟,هل د . توفلر مدرس حازم ؟,هل د . توفلر مدرس حازم ؟
24311,فيك تعبي إستمارة التأمين الصحي إزا بتريد؟,هل يمكنك أن تملأ استمارة التأمين الصحي هذه ، من فضلك ؟,هل يمكنك أن تعطيني تذكرة التأمين الصحي ، من فضلك ؟
24755,أصدك بألب المدينة؟,تعني في نطاق المدينة ؟,هل أنت ذاهب إلى هذه المدينة ؟
47018,أود أن تقلني الحافلة المتجهة إلى محطة بين فأي الحافلات أركب ؟,أود أن تقلني الحافلة المتجهة إلى محطة بين فأي الحافلات أركب ؟,أود أن تقلني الحافلة المتجهة إلى محطة بين فأي الحافلات أركب ؟
17193,معي ألف جنيه .,لدى ألف جنيه .,معي ألف جنيه .
41835,أكيد. مانو شي. ما تعتل همو. بتمنى تكون منتبه أكتر بالمرة الجاية.,بالطبع . هذا لا يعتبر أي شيئ . لا تقلق لهذا الأمر . أتمنى أن تكون أكثر حذرا المرة القادمة .,بالتأكيد . ليس هذا شيء . لا تعتقد أنه لا تعتقد . أتمنى أن تكون على ما يرام مرة أخرى .
29718,أقلتني حافلة خطئاً . هل بمقدوري الحصول على تذكرة لتغيير الحافلة ؟,أقلتني حافلة خطئاً . هل بمقدوري الحصول على تذكرة لتغيير الحافلة ؟,أقلتني حافلة خطئاً . هل بمقدوري الحصول على تذكرة لتغيير الحافلة ؟
23217,تتهجاه ج-و-ر-و-ه.,تتهجي جي أوه آر أوه اتش .,تتهجاه ج-و-ر-ه .
2554,عندكم حاجة اصغر؟,هل لديك واحدة أخرى أصغر ؟,هل لديك أي شيء أصغر ؟
28058,كم يستغرق الوقت من لوس أنجلوس إلى سان فرانسسكو ؟,كم يستغرق الوقت من لوس أنجلوس إلى سان فرانسسكو ؟,كم يستغرق الوقت من لوس أنجلوس إلى سان فرانسسكو ؟
18314,بيوصل عا بورتلاند الضهر.,سوف يصل إلى بورتلاند عند الظهيرة .,إنه يصل إلى بورتلاند الآن .
41614,ستة مشروبات بعشرة دولار وخمسين سنت إستاز.,حساب ست مشروبات هو عشر دولارات وخمسون سنتاً سيدي .,ستة مشروبات بعشرة دولارات وخمسين سنتاً .
33677,شارع بارك، رقم ميتين وثمانين، لو سمحت.,"إلى شارع بارك أفنيو رقم اثنان ثمانون , من فضلك .",شارع بارك ، رقم اثنان وثمانين ، من فضلك .
20844,الضمان ده ساري في اليابان؟,هل هذا الضمان صالح في اليابان ؟,هل هذا الضمان ساري في اليابان ؟
49061,سيداتي سادتي ، لدينا على متن رحلتنا اليوم مضيفين يتحدثون اليابانية يمكن التعرف عليهم من خلال الشارة التي يلبسونه . إذا كنت تعرف أي شخص يريد مساعدة في الترجمة ، من فضلك دعنا نعرف .,سيداتي سادتي ، لدينا على متن رحلتنا اليوم مضيفين يتحدثون اليابانية يمكن التعرف عليهم من خلال الشارة التي يلبسونه . إذا كنت تعرف أي شخص يريد مساعدة في الترجمة ، من فضلك دعنا نعرف .,سيداتي سادتي ، لدينا على متن رحلتنا اليوم مضيفين يتحدثون اليابانية يمكن التعرف عليهم من خلال الشارة التي يلبسونه . إذا كنت تعرف أي شخص .
1853,مشكور ما قصرت، بس.,أنا أقدر ذلك ، ولكن .,شكراً جزيلاً . لكن .
38911,حدث كله فجأة . لذلك لم أر وجوههم .,حدث كله فجأة . لذلك لم أر وجوههم .,حدث كله فجأة . لذلك لم أر وجوههم .
998,لدي موعد آخر .,لدي موعد آخر .,لدي موعد آخر .
30243,هيو.,هاهي .,هذه هي .
35273,ما أقدرش أوافق ع السعر ده.,لا يمكن الموافقة على هذا السعر .,لا أستطيع أن أوافق على هذا السعر .
31178,لازم تاخده لمكتب لف الهدايا.,ستضطر إلى أن تأخذها إلى الكاونتر الخاص بتغليف الهدايا .,يجب أن تأخذها إلى مكتب الهدايا .
12575,لو سمحت اربط حزامك.,من فضلكم . اربطوا الأحزمة .,من فضلك اربط حزامك .
42177,فيك تقلي الطريق لأقرب صيدلية، إذا بتريد؟,أيمكن أن تدلّني على الطريق إلى أقرب متجر لبيع الأدوية والمرطبات ، من فضلك ؟,هل يمكنك أن تخبرني عن الطريق إلى أقرب صيدلية ، من فضلك ؟
41582,من أصل مية.,من مائة .,من أصل مائة .
31942,ممكن آخد اسمك، اليوم اللي هاتمشي فيه ورقم الرحلة؟,هل يمكنني أن أعرف أسمك ، وتاريخ الرحيل ورقم الرحلة ؟,هل يمكنني أن أعرف اسمك ، اليوم الذي ستمشي فيه ورقم الرحلة ؟
7112,بنكلمك لما يجهز البرقر المشوي على الفحم مالك.,سنتصل بك عندما يكون الهامبورجر المشوي على الفحم حسب طلبك قد تم إعداده .,سنحدث عندما يقوم بإجراءات الدخول على الفحم .
32597,إذا بتريد دق لتاكسي عالتنتين العصر.,من فضلك استدعي سيارة أجرة في الثانية بعد الظهر .,من فضلك اتجه إلي الفندق في الثانية مساءاً .
770,دخلت فلوس.,لقد أودعت وديعة .,لقد دخلت فلوس .
16677,في غير مكتبة بتبيعو؟,هل هناك مكتبة أخرى تبيعها ؟,هل هناك أي مكتبة تبيعها ؟
6420,هل لك أن تريني مكان المقعد على خريطة من فضلك ؟,هل لك أن تريني مكان المقعد على خريطة من فضلك ؟,هل لك أن تريني مكان المقعد على خريطة من فضلك ؟
12950,هايبقى انهي مدخل؟,أية بوابة ستكون ؟,هل هذا مدخل ؟
25621,بس بدي إص شعري.,أريد قص شعري فقط .,أريد أن أقص شعري .
4305,هل من الممكن استخدام البطاقة الائتمانية ؟,هل من الممكن استخدام البطاقة الائتمانية ؟,هل من الممكن استخدام البطاقة الائتمانية ؟
6113,"اسمي "" تارو تاناكا "" لدي حجز مسبق .","اسمي "" تارو تاناكا "" لدي حجز مسبق .","اسمي "" تارو تاناكا "" لدي حجز مسبق ."
15121,وين غرفة تبديل اللبس؟,أين حجرة الخزائن ؟,أين غرفة تبديل الملابس ؟
46976,نحن مهتمين بالموضة.,نحن مهتمون بالأزياء .,نحن مهتمون بالموضة .
39588,تكلفة نص يوم اد ايه؟,كم السعر لنصف يوم ؟,ما هو تكلفة نصف يوم ؟
12761,ائتمان، لو سمحت.,البطاقة الائتمانية ، من فضلك .,ائتمان ، من فضلك .
43176,وين البوب؟,أين تُقدم أغاني البوب ؟,أين البوب ؟
38330,أيش افضل مكان للسياحة؟,أين أفضل مكان لمشاهدة المعالم ؟,ما هو أفضل مكان للمشاهدة المعالم ؟
15368,عندك شي تخفيض للأعضاء؟,هل ثمة تخفيضات للأعضاء المشاركين ؟,هل لديك أي تخفيضات للأعضاء ؟
46465,لقد فهمت ما أردت أنت بالضبط . هل لي أن اقترح ذلك ؟,لقد فهمت ما أردت أنت بالضبط . هل لي أن اقترح ذلك ؟,لقد فهمت ما أردت أنت بالضبط . هل لي أن اقترح ذلك ؟
25558,اسف . بس ما اقدرشي اروح معاك .,"عفواً , لكن لا أستطيع أن أذهب معك .",آسف . لكنني لا أستطيع الذهاب إلى مكان ما .
22493,طاولة عالتراس إذا بتريد .,مائدة بالشرفة ، من فضلك .,مائدة في الخلف ، من فضلك .
48498,عايز أبدل ده.,أود أن أبدل هذا .,أريد أن أبدل هذا .
42617,هذا مكلف نوعا ما .,هذا مكلف نوعا ما .,هذا مكلف نوعا ما .
27502,أود استئجار شمسية .,أود استئجار شمسية .,أود استئجار شمسية .
13238,"حسنا , حجرتك يا آنسة هي رقم تسعة صفر ثمانية . هذا مفتاحك .","حسنا , حجرتك يا آنسة هي رقم تسعة صفر ثمانية . هذا مفتاحك .","حسنا , حجرتك يا آنسة هي رقم تسعة صفر ثمانية . هذا مفتاحك ."
35482,أنا مش حاسس إنى كويس. ممكن أتنى الكرسى بتاعى؟,لا أشعر براحة . هل يمكنني حني مقعدي ؟,لا أشعر بذلك . هل يمكنني أن أتناول بعض الكرسى ؟
12859,فيك تنطر هون لحظة؟ رح شفلك .,أيمكنك الانتظار هنا لحظة ؟ سوف أراجع من أجلك .,هل يمكنك أن تنتظر هنا لحظة ؟ سأراك .
16604,لديك بطاقة بريدية إضافية ؟,لديك بطاقة بريدية إضافية ؟,لديك بطاقة بريدية إضافية ؟
14720,فية اى كافيتيريا قريبه من هنا؟,هل توجد أية كافيتريا قريب من هنا ؟,هل هناك أي كافيتيرا قريبا من هنا ؟
11574,أنا آسف ماتقدرش. بس إنت تقدر من برة وفي الدير.,كلا . ولكن تستطيع ذلك من الخارج أو في الرواق .,آسف لأنني لا تقلق . لكنك يمكنك أن تقوم بعمل بعض الدير .
7841,كم يجب علي أن أنتظر حتى يصل ؟,كم يجب علي أن أنتظر حتى يصل ؟,كم يجب علي أن أنتظر حتى يصل ؟
43290,أريد بعض لحم البتلو .,أريد بعض لحم البتلو .,أريد بعض لحم البتلو .
40579,إزا بتريد طلوب الرأم صفر وبعدين رأم التليفون اللي بدك تصل في.,من فضلك ، اضغط على الرقم صفر ثم اتصل بالرقم الذي تريده .,من فضلك طلوب الرأة صفر وبعد رقم الهاتف الذي تريد الاتصال به .
9064,خذ حبتين مرتين في اليوم.,تناول كبسولتين مرتين في اليوم .,خذ بعض اللحم مرتين في اليوم .
8466,ازاي اروح نص البلد؟,كيف يمكنني أن أذهب إلى وسط المدينة ؟,كيف أذهب إلى نصف البلد ؟
48219,ممكن تحجزلي أوضة؟,هل لك أن تحجز لي غرفة ؟,هل يمكنك أن تحجز لي غرفة ؟
18747,وجبة أضلاع لحم خنزير شعبية هنا .,وجبة أضلاع لحم خنزير شعبية هنا .,وجبة أضلاع لحم خنزير شعبية هنا .
12492,وش ميزة البيت؟,ما هو الصنف المميز للمحل ؟,ما هي ميزة المنزل ؟
21978,هلا قمت بتغليفها لي ، من فضلك ؟,هلا قمت بتغليفها لي ، من فضلك ؟,هلا قمت بتغليفها لي ، من فضلك ؟
3001,ذاك الحضيض؟,ذلك الحد الأدنى للسعر .,هل هذا هو الحضيض ؟
50685,متى مرضت ؟,متى مرضت ؟,متى مرضت ؟
33788,واحد كنت، لو سمحت.,واحدة . كنت ، من فضلك .,واحدة كنت ، من فضلك .
20404,حلو هو، صح؟,إنه شخص مرغوب ، أليس كذلك ؟,هذا جميل ، أليس كذلك ؟
18430,تمام. الطريق دة لو سمحت. أنا هوريك الطريق لأوضتك.,حسناً . خذ هذا الاتجاه . من فضلك ، سأوصلك إلى غرفتك .,حسناً . هذا الطريق ، من فضلك . سأريك الطريق إلى الغرفة .
14704,شكرا لانك اخدتني .,شكراً لأخذى معك .,شكراً لك على أن أرسلني .
4034,هل تناولت هذا من قبل ؟,هل تناولت هذا من قبل ؟,هل تناولت هذا من قبل ؟
36415,ممنوع الازعاج .,لا تزعج .,ممنوع الازعاج .
12030,ده سخن .,الجو حار .,هذا سخن .
13608,في اي رسايل ليا؟,أية رسائل لي ؟,هل هناك أي رسومات لي ؟
21626,ما هي الفوارق بين هذه الفنادق ؟,ما هي الفوارق بين هذه الفنادق ؟,ما هي الفوارق بين هذه الفنادق ؟
28498,هو كينج كونج عمره لعب بينج بونج ف هونج كونج؟,هل لعب كينج بنوج كرة البنج بنوج في هونج كونج ؟,هل هو كينج كونج عمره لعب بينج بينج في هونج كونج ؟
31651,امش مع النهر سيدة نص ميل. بتوصل الحديقة.,سر في خط مستقيم على طول النهر حوالي نصف ميل . ستصل للمتنزه .,املأ النهر سيدة نصف ميل . ستصل إلى الحديقة .
18954,إنت فاضي السبت الجاي بليل؟ عايز أعزمك على حفلة أول عيد جواز لينا.,هل أنت غير مشغول مساء السبت القادم ؟ أحب أن أدعوك إلى حفلة الذكرى الأولى لزواجنا .,هل أنت مقيم في السبت القادم ؟ أريد أن أعتقد أنني أعيد جواز لنا .
9253,هل يوجد لديكم حقيبة أكبر ؟,هل يوجد لديكم حقيبة أكبر ؟,هل يوجد لديكم حقيبة أكبر ؟
48623,شو نوع الصوص؟,أي نوع من الملابس ؟,ما نوع الملابس ؟
12287,أنت تتابع ؟,أنت تتابع ؟,أنت تتابع ؟
26280,هل لك أن تخبرني عن ميعاد وصول الحافلة إلى شارع رقم اثنين وأربعون ؟,هل لك أن تخبرني عن ميعاد وصول الحافلة إلى شارع رقم اثنين وأربعون ؟,هل لك أن تخبرني عن ميعاد وصول الحافلة إلى شارع رقم اثنين وأربعون ؟
4086,هل هو صوف خالص ؟,هل هو صوف خالص ؟,هل هو صوف خالص ؟
48636,علي إيديك بالهوا .,ارفع يديك .,علي إيديك بالهوا .
33413,ألا يوجد بار صغير ؟,ألا يوجد بار صغير ؟,ألا يوجد بار صغير ؟
26397,أوكي. من فضلك احجز مكان درجة أولى ف القطر اللي هايتحرك الساعة عشرة بكرة.,حسن . من فضلك احجز مقعد في الدرجة الأولى على القطار الذي يغادر الساعة العاشرة غداً .,حسناً . من فضلك احجز مكان درجة أولى في الساعة العاشرة غداً .
45672,تأخرت رحلتي ، وفقدت رحلة التوصيل .,تأخرت رحلتي ، وفقدت رحلة التوصيل .,تأخرت رحلتي ، وفقدت رحلة التوصيل .
8703,لاء، أنا ما . بعدني جايي لهون من اليابان.,كلاُ ، ليس لدي . لقد أتيت لتوي من اليابان .,لا ، أنا لا . لقد ذهبت إلى اليابان .
24093,ما في كهربا.,لا كهرباء .,لا يوجد كهربا .
14321,انا متأسف . عندي صداع . معاك أى دوا؟,عذراً . عندي صداع . هل لديك أية أدوية ؟,آسف . لدي صداع . هل لديك أي دواء ؟
32935,مش قصير قوي . قصة كويسه بس .,ليس قصيراً جداً . ولكن تشذيب جيد .,ليس قصيراً جداً . قصة رائعة فقط .
5360,وين احصل محل معفي من الضرايب؟,أين محل للأسواق الحرة ؟,أين يمكنني أن أجد محل معفي من الضرائب ؟
35599,مفيش حد اتعور جامد.,لم يصب أحد إصابة خطيرة .,لا يوجد أي شخص يشعر بألم .
40032,ممكن أشوف المنيو تاني؟,هل يمكنني أن ألقي نظرةً أخرى على قائمة الطعام ؟,هل يمكنني أن أرى المنيو آخر ؟
7780,اللي ب خمسمية دولار، صح؟,هل تريد فئة الخمسمائة دولار ، صحيح ؟,مائة دولار ، أليس كذلك ؟
15864,وين أحسن محل تزورو مع حبيبي؟,أين أفضل مكان يمكنني زيارته مع صديقي ؟,أين أفضل محل تزورو مع صديقي ؟
17474,الو. معاك كارول براون. ممكن اكلم سوزان؟,أهلا كارول براون يتحدث . هل يمكنني أن أتحدث إلى سوزان ؟,حسنا . أنت كارول براون . هل يمكن أن أتحدث إلى سوزان ؟
11751,متهيألى حاسس بدوار جو.,أظن أنني مصاب بدوار الجو جواً .,أعتقد أنني أشعر بألم في جو .
33601,هو انا محتاج اى معاملة خاصة؟,هل أحتاج لعلاج خاص ؟,هل أحتاج إلى أي معاملة خاصة ؟
22271,يصير اقعد هني عشان اشوفه؟,هل يمكنني أن أبقى هنا لرؤيتها ؟,هل يمكن أن أجلس هنا لكي أرى ذلك ؟
19044,ده يتنفع يتغسل؟,هل هذه قابلة للغسل ؟,هل هذا يتنفع ؟
25804,أريد مشاهدة مبانٍ تاريخية .,أريد مشاهدة مبانٍ تاريخية .,أريد مشاهدة مبانٍ تاريخية .
29755,احنا بنحط مبلغ اضافي عند الغاء الحجز .,نحن نتقاضى غرامة إلغاء .,نضع مبلغاً اضافي عند الغاء الحجز .
39047,فريق سينسيناتي ريدز خسرانين بتلات أشواط .,إن فريق سينسيناتي ريدز يخسر بثلاثة جولات .,فريق سينسيناتي ريدز خمسين أشواط .
16392,اظن انك لازم تعملي ريجيم، مش بتعملي تمارين كتيرة اليومين دول، مش كده؟,أعتقد أنه يجب عليك اتباع نظام غذائي . إنك لا تقوم بتمارين رياضية كافية هذه الأيام ، أليس كذلك ؟,أعتقد أنك لا بد أن تقوم بعمل ريجيم ، لكن ليس لديك بعض التمارين التي تريدها اليومين ، أليس كذلك ؟
46401,بدي خاتم خطبة.,أريد خاتم خطوبة .,أريد خاتم خطبة .
29901,هو إنت عندك مكنة الحظ اللي بخمس سنتات في الكازينو ده؟,هل يوجد لديكم قوائم فئة الخمسة سنتات في هذا الكازينو ؟,هل لديك أية أمتعة ذات خمسة سنتات في هذا الكازينو ؟
34044,هنتاقبل فين؟,أين نتقابل ؟,أين يمكنني أن نحضر ؟
40292,بتعملي خصم إزا بئيت ليلتين؟,هل يمكنك عمل خصم في حالة الإقامة ليلتين ؟,هل تريدني أن أدفع خصماً لثلاثين دقيقة ؟
38940,من فضلك تحدث ببطء .,من فضلك تحدث ببطء .,من فضلك تحدث ببطء .
16612,من فضلك خليني اعرف لما نوصل شارع هدسون .,أرجو إبلاغي عندما نصل إلى شارع هدسون .,من فضلك دعني أعرف عندما نصل إلى شارع هدسون .
42235,في مطعم تايلندي قريب من هون؟,هل يوجد مطعم تايلاندي قريب من هنا ؟,هل يوجد مطعم تايلندي بالقرب من هنا ؟
10115,"نعم ، هو كذلك . نحن نسمي موسم المطر في اليابان باسم "" تسويو "" .","نعم ، هو كذلك . نحن نسمي موسم المطر في اليابان باسم "" تسويو "" .","نعم ، هو كذلك . نحن نسمي موسم المطر في اليابان باسم "" تسويو "" ."
50402,انا قاعد في هيلتون سيسايد. تدري، احتاج الشنطة. كل ثيابي فيها.,أنا مقيم بفندق هيلتون سي سايد . تعرف ، أنا بحاجة إلى تلك الحقيبة فإن بها كل ملابسي .,أنا ذاهب إلى هيلتون سيسايد . تعلم ، أحتاج حقيبة . كل ثيابي فيها .
16962,ممكن تنادي على صاحبي؟ راح مني في الزحمة .,هل يمكنك الاتصال بزميلي بالبيجر ؟ لقد ضل طريقه منى في الزحمة .,هل يمكنك أن تنادي على صديقي ؟ لقد ذهبت إلى الزحمة .
12365,خليني أخد الكور .,دعني آخذ الكرات .,دعني أخذ الكور .
18896,عندنا مجموعة كبيرة من الحلو، مثل الكيك والآيسكريم.,لدينا تشكيلة كبيرة من الحلويات بما فيها الكعك والمثلجات .,لدينا مجموعة كبيرة من الحلو ، مثل الكيك والآيس كريم .
23240,وزني تقريبا مية و خمسين رطل.,وزني حوالي مائة وخمسين رطلاً .,وزني حوالي مائة وخمسين رطل .
6847,أكيد. وين بدك تروح؟,بالتأكيد . أين تريد أن تذهب ؟,بالتأكيد . أين تريد الذهاب ؟
3715,صباح الخير . اد ايه؟,صباح الخير . كم العدد ؟,صباح الخير . ماذا عنك ؟
28236,أنا اتثبت فى شاطئ واي مانولا. تعالالي حالاً لو سمحت.,لقد سرقت في شاطئ وايمانالو . من فضلك تعالى فوراً .,لقد اتثبت في شاطئ وايمانولا . سوف أتصل بي حالاً .
13293,أنا عايز اسبرين.,أريد بعض الأسبرين .,أريد بعض الملابس .
16424,وين بنزل لروح عاليونيون سكوير؟,من أين أبدأ كي أصل إلى ميدان ينيون ؟,أين يمكنني أن أنزل إلى مدينة يونيون سكوير ؟
47352,ايه، عمفتش عكبوت .,نعم ، أنني أبحث عن معطف .,نعم ، لقد وضعت عكبوت .
36907,في أي متاجر متنوعها فيها تخفيضات؟,هل أي من المتاجر الكبيرة به يعمل الآن ؟,هل هناك أي متاجر متعددة نوعية منها تخفيضات ؟
6059,عندك سلطة خضره؟,هل لديكم سلطة خضراء ؟,هل لديك سلطة خضراء ؟
31038,من فضلك اعمل مكالمة على حساب المتلقي .,من فضلك اعمل مكالمة تتحصل على ثمنها من المطلوب .,من فضلك اعمل مكالمة على حساب المتلقي .
9744,هذا اللون مرغوب هذه الأيام .,هذا اللون مرغوب هذه الأيام .,هذا اللون مرغوب هذه الأيام .
43927,لا شكرا . إنه صغير للغاية . هل لديك آخر ؟,لا شكرا . إنه صغير للغاية . هل لديك آخر ؟,لا شكرا . إنه صغير للغاية . هل لديك آخر ؟
24477,عندك مسكن؟,هل لديك أي عقار مسكن ؟,هل لديك مسكن ؟
664,اديه حقو؟,بكم هذه ؟,كم تكلفة هذا ؟
40565,نعم ، يمكنك شراء الطوابع من آلات البيع في البهو .,نعم ، يمكنك شراء الطوابع من آلات البيع في البهو .,نعم ، يمكنك شراء الطوابع من آلات البيع في البهو .
9441,يقولون إن الأنفلونزا منتشرة هناك .,يقولون إن الأنفلونزا منتشرة هناك .,يقولون إن الأنفلونزا منتشرة هناك .
21998,حداعشر وخمسة وأربعين في الصباح.,الساعة الحادية عشر وخمس وأربعون دقيقة في الصباح .,أحد عشر وخمسة وأربعين في الصباح .
2710,كان معي جوازي وبطاقتي الائتمانية في شنطتي.,كان معي جواز سفري وبطاقتي الائتمانية في جيبي .,كان معي جواز سفري وبطاقتي الائتمانية في حقيبتي .
40989,ممكن تعطيني مفتاح غرفة ميتين وخمسطعش؟,هل أستطيع الحصول على مفتاح الحجرة رقم اثنان خمس عشرة ؟,هل يمكن أن أخذ مفتاح غرفة رقم اثنان خمسة عشر ؟
28665,السكان الكبار بالعمر عم يزيدو.,تزداد أعداد الأشخاص المسنين بشكل ثابت .,السكان الكبار في عمرهم .
14543,أعطني تذكرتين للجاليري ليوم الخميس هذا .,أعطني تذكرتين للجاليري ليوم الخميس هذا .,أعطني تذكرتين للجاليري ليوم الخميس هذا .
167,في اكسبريس عبوسطن؟,هل يوجد أي قطار سريع إلى بوسطن ؟,هل يوجد مكان لمشاهدة المعالم في بوسطن ؟
4524,بكم تأجير الملعب في الساعة؟,ما تكلفة إيجار الملعب في الساعة الواحدة ؟,كم تتقاضى تأجير الملعب في الساعة ؟
40807,دي متلجة الليلة دي.,الجو شديد البرودة هذه الليلة .,هذه الليلة .
22825,احنا عايلة من اربعة، والديني، واختي الصغيرة وانا.,معنا أسرة من أربعة أفراد بما فيهم والداي وأختي الصغرى وأنا .,نحن على الساعة الرابعة ، والسيدتي صغيرة وانا .
24728,مين يلعب؟,من الذي يعزف ؟,من يلعب ؟
22237,"هل كانت سنة بالفعل ؟ الوقت حقاً يمر سريعاً . بالطبع , سوف أحضر . فقط أخبرني الوقت و المكان .","هل كانت سنة بالفعل ؟ الوقت حقاً يمر سريعاً . بالطبع , سوف أحضر . فقط أخبرني الوقت و المكان .","هل كانت سنة بالفعل ؟ الوقت حقاً يمر سريعاً . بالطبع , سوف أحضر . فقط أخبرني الوقت و المكان ."
8451,ممكن نناقش دة فى الكوفى شوب.,يمكن أن نتحدث حول هذا الموضوع في مقهى .,يمكننا أن نقش هذا في هذا الكوفى .
29244,إن ركبتي تؤلمني .,إن ركبتي تؤلمني .,إن ركبتي تؤلمني .
44703,اعتقد انه صاخب شوي بالنسبة لي.,اعتقد أن هذا عالي قليلا بالنسبة لي .,أعتقد أنها صاخب قليلاً بالنسبة لي .
46557,أنا هقفل دلوقتى. شكرا على اهتمامك.,سأغلق الآن . شكراً على انتباهكم .,لقد قفل الآن . شكراً على اهتمامك .
43542,إنّ التلفزيون هناك وها هو جهاز التحكّم عن بعد .,إنّ التلفزيون هناك وها هو جهاز التحكّم عن بعد .,إنّ التلفزيون هناك وها هو جهاز التحكّم عن بعد .
2791,شكلك مرهق .,تبدو مجهداً .,يبدو أنك عاجلة .
30271,من وين هالتفاحات؟,من أين يأتي هذا التفاح ؟,أين هذه الفاتورة ؟
27320,مفيش أي مكان نرتاح فيه؟,هل يوجد أي مكان للراحة ؟,ما هو مكان نتاح فيه ؟
48691,من فضلك ارجع عشر دقائق بعد الثانية .,من فضلك ارجع عشر دقائق بعد الثانية .,من فضلك ارجع عشر دقائق بعد الثانية .
11968,تحب تيجى معايا نعمل شوبينج النهاردة بعد الضهر؟,هل تريد أن تذهب للتسوق معي بعد الظهر ؟,هل تريد أن تقوم بعمل بعض الأعمال اليوم بعد الظهر ؟
2874,يوصل بورتلاند الظهر.,سوف يصل إلى بورتلاند عند الظهيرة .,سوف يصل إلى بورتلاند الظهر .
40430,الخامس عشر من سبتمبر يوم احترام المسنين .,الخامس عشر من سبتمبر يوم احترام المسنين .,الخامس عشر من سبتمبر يوم احترام المسنين .
10901,في أي حتة من تلاتين لخمسين دولار في الليلة.,في أي مكان من ثلاثين حتى خمسين دولارا لليلة .,في أي وقت من ثلاثين لخمسين دولاراً في الليلة .
30071,مكالمتك لقطت.,تم الاتصال بمكالمتك .,لقد قطت مكالمتك .
15532,هيدا المفتاح و هيدا العقد .,هاهو المفتاح وهاهو العقد .,هذا المفتاح وهذا العقد .
49839,وين اقرب سوبرماركت؟,أين يقع أقرب سوبر ماركت ؟,أين أقرب سوبرماركت ؟
21127,خد ده لأخر محطة . من هناك تروح الاوتيل مع نفسك .,خذ هذا حتى المحطة . من هناك عليك أن تذهب إلى الفندق على قدميك .,خذ هذا إلى آخر محطة . من هناك تذهب إلى الفندق مع نفسك .
182,إنني من السويد .,إنني من السويد .,إنني من السويد .
8020,هذا لأنها مصنوعة من الحرير .,هذا لأنها مصنوعة من الحرير .,هذا لأنها مصنوعة من الحرير .
25477,أعتقد إن أحب آخد اتنين من اللي أرخص.,أعتقد أنني سأحصل على اثنين أقل سعراً .,أعتقد أنني أحب أن أخذ اثنين من الذي أرخص .
38343,عطيني علبة من هالماركة.,أعطني صندوقاً من هذا الصنف .,أعطني بعض الهدايا التي لدي هذه الماركة .
38533,يصير اروح اشوف المعالم السياحية والسفينة في الميناء؟,هل يمكن أن أذهب لمشاهدة المعالم أثناء رسو السفينة في الميناء ؟,هل يمكنني الذهاب إلى مشاهدة المعالم والسفينة في الميناء ؟
18924,خذ خمسة دولار لك.,خذ خمسة دولارات لك .,خذ خمسة دولارات لك .
49997,الساعات اللي في الشنطة ديه العادية اللي بتتلبس كل يوم، اما ديه ساعات اغلى .,الساعات الموجودة في هذه الفترينة تناسب الاستعمال اليومي أما تلك فهي الأغلى ثمنا .,الساعات التي تلبس في الحقيبة هذه كل يوم ، ولكن هذه ساعات أخرى .
14233,بغيت لعبة حق صبي.,أريد لعبة لصبي .,أريد لعبة لصبي .
13914,اد ايه ظريف. لازم تعيش على امل تشوفهم .,كم هو لطيف . أكيد أنك تتطلع إلى رؤيتهم .,نعم ، هذا ظريف . يجب أن تعيش على املأ تشوفهم .
35514,أشعر أنني مريض . أين الطبيب الخاص بالسفينة ؟,أشعر أنني مريض . أين الطبيب الخاص بالسفينة ؟,أشعر أنني مريض . أين الطبيب الخاص بالسفينة ؟
17612,اربع تفاحات.,أربع تفاحات .,أربع تفاحات .
31092,انا أستاذ تاكاهاشى فى أوضة خمسة تسعة وأربعين. ممكن تبعت فوق أربع أزايز بيرة بادوايزر، لو سمحت؟,أنا السيد تكاهاشي بالغرفة رقم خمسة تسعة وأربعين . من فضلك أرسل أربع زجاجات من بيرة بودفايزر .,أنا السيد تاكاهاشى في غرفة خمسة تسعة وأربعين . هل يمكنك أن تحضر أربعة أنواع من البيرة بيرة يابانية ، من فضلك ؟
11037,عندك من هيدا بلون أخضر غامئ؟,هل لديك هذا باللون الأخضر الداكن ؟,هل لديك هذا بلون أخضر ؟
40500,وين احصل محل ساعات؟,أين يمكن أن أجد محل ساعات ؟,أين يمكنني أن أجد محل ساعات ؟
7144,ده مشطشط؟,هل هذا متُبل ؟,هل هذا حار ؟
45847,في عندك خبز؟,هل لديكم أي خبز ؟,هل لديك خبز ؟
20201,شكلك حلو.,تبدو جميلا .,يبدو جميلاً .
37161,سجلاتي كلها انسرقت، بعد.,سرقت سجلاتي ، أيضاً .,لقد سرقت سجلاتي ، أيضاً .
45068,في تدفئة؟,هل توجد تدفئة ؟,هل هناك تدفئة ؟
41584,انا فصل عندي. ممكن توصلني تاني؟,لقد قطع الخط . هل يمكنك إعادة الخط لي ؟,أنا فصل عندي . هل يمكنك أن تصلني ثانية ؟
29941,هايبقى حلو أوي لو كويس بكرة.,سيكون مناسباً إذا كان الجو جميلاً غداً .,سوف يكون هذا جميلاً لو كان جميلاً غداً .
50079,بدفع خمسين دولار.,أنا سوف أدفع خمسون دولاراً .,سأدفع خمسين دولاراً .
24602,هل يمكنني أن أتلقي درساً خصوصياً ؟,هل يمكنني أن أتلقي درساً خصوصياً ؟,هل يمكنني أن أتلقي درساً خصوصياً ؟
4579,اي ممر ادوات التجميل؟,أيّ ممر توجد به مستحضرات التجميل ؟,أي ممر ادوات التجميل ؟
21720,على أي قسم من (أي) أنت ذاهب !,على أي قسم من (أي) أنت ذاهب !,على أي قسم من (أي) أنت ذاهب ؟
34955,ايوه، الجوده بتاعة ديه احسن . ديه معموله من صوف الكشمير .,أجل ، هذا من نوع أفضل . هذا مصنوع من الكشمير .,نعم ، هذه الجودة أفضل . إنها مصنوعة من صوف الكشمير .
44683,بغيت جيز برقر مع كل شي، بطاطس وشيك فراولة.,"أريد شطيرة لحم مشوي بالجبن مع كل شيء , ومقليات ومشروب فراولة .",أريد بعضاً من لحم الخنزير ، بطاطس وبطاطس .
28037,الموقع كان على الكرسي في بهو الفندق.,المكان كان على كرسي في البهو .,لقد كان الموقع على مقعدي في هذا الفندق .
10734,بغيت جدول القطار.,أريد جدولاً للقطارات .,أريد جدول القطار .
36532,بدي شوية دبابيس ورق .,أريد بعض مشابك الورق .,أريد بعض الدبابيس ورق .
33392,ده وحش جدا . كان كويس قوي اني اتكلم معاك .,هذا سيئ للغاية . كان لطيفا جدا أن أتحدث معك .,إنه حار جداً . كان هذا جيد أن أتحدث معك .
15956,ممكن تغلفه؟,هلا غلفتها ؟,هل يمكن أن تغيرها ؟
19543,فيي اخد شوكة تانية؟,هل لي بشوكة أخرى ؟,هل يمكنني أن أخذ شوكة أخرى ؟
45551,كان معي تكت طيارة بالشنطة .,كانت معي تذكرة طائرة في حقيبتي .,كان معي تذكرة طائرة بالحقيبة .
2247,عايز أقدم علشان إعادة إصدار.,أريد أن أقدم طلباً للحصول على إصدار جديد .,أريد أن أقدم لإصدار إصدار .
35964,شكرا. وأنا كمان. باى لحد وقتها.,شكراً . وأنا أيضاً . إلى اللقاء فيما بعد .,شكراً . وأنا أيضاً . سأعود حتى الآن .
42455,السيد جونز بالخارج الآن . من المقرر أن يعود بعد الثالثة بقليل .,السيد جونز بالخارج الآن . من المقرر أن يعود بعد الثالثة بقليل .,السيد جونز بالخارج الآن . من المقرر أن يعود بعد الثالثة بقليل .
44161,تلوث الهوا هوي مشكلة خطيرة بهالمدينة .,تلوث الهواء مشكلة خطيرة في هذه المدينة .,تلوث الهوا هو مشكلة خطيرة في المدينة .
46410,اي، بغيت اسوي مكالمة خارجية لليابان على حساب الطرف الثاني. الرقم ثلاثة اربعة سبعة ستة اثنين تسعة ثلاثة ستة طوكيو.,"نعم , أريد أن أقوم بعمل اتصال دولي لليابان . على حساب المتلقي . الرقم في طوكيو ثلاثة أربعة سبعة ستة اثنان تسعة ثلاثة ستة .",نعم ، أريد أن أقوم بإجراء مكالمة هاتفية لليابان على حساب الطرف الآخر . الرقم هو ثلاثة أربعة سبعة ستة اثنين تسعة ثلاثة ستة طوكيو .
2893,آمل أن أستطيع زيارة بلدك .,آمل أن أستطيع زيارة بلدك .,آمل أن أستطيع زيارة بلدك .
6415,كيف اثرت الازمة على الاعمال؟,كيف أثر الركود على الشركة ؟,كيف يمكنني أن أقوم بعمل عمال ؟
5086,وين استلام أمتعة الرحلة سبعة صفر تلاتة؟,أين بيان أمتعة الرحلة سبعة صفر ثلاثة ؟,أين استلام أمتعة الرحلة سبعة صفر ثلاثة ؟
17510,الجزء المكتوب بالخط المايل متعلأ بالتغييرات اللي صارت بالتسعينات.,الجزء المكتوب بالطريقة المائلة يشير إلى التغييرات التي حدثت في التسعينات .,الجزء المكتوب بالخط المائل يبدو أنه يبدو أنه يبدو أنه يبدو أنه يبدو أنه يبدو أنه يبدو مختلفاً في الحال .
20364,بغيت كريم تنظيف.,أريد بعضاً من كريم التنظيف .,أريد كريم تنظيف .
26565,ضروري تجيك الأكل في هالمحل.,ينبغي عليك أن تجرب الطعام الذي يقدم في هذا المكان ؟,ضروري أن تأكل الطعام في هذا المكان .
3885,يطلع من لثتي دم.,لثتي تنزف .,يخرج من لثتي دم .
33958,رقبتي انقصعت و أنا نايم.,عانيت من ألم في الرقبة أثناء نومي ؟,لقد فقدت رقبتي وأنا نايم .
40038,هي تبغي بير.,هي تريد بيرة .,أنت تريد بعض البيانات .
25113,ممكن تجي هني عشان تصلحه؟,أيمكنك الحضور إلى هنا لإصلاحه ؟,هل يمكنك أن تحضر هنا لتصلحه ؟
25541,عأصنتني شوكة توتيا بالبحر.,لقد أصبت بوخزه من الشوك الذي يغطي ظهر قنفذ البحر .,لقد أصبت ببعض الشوكة المعدنية في البحر .
35719,إيه التخصص في المطعم ده؟,ما هو تخصص هذا المطعم ؟,ما هو التخصص في هذا المطعم ؟
41400,الحين، بفتح المسامات بالبخار.,الآن ، سأفتح مسامك بالمبخرة .,الآن ، سأفتح المسامات بالبخار .
12690,مشقق .,لقد تعرّض للشرخ .,أنا مشقق .
36836,فيك تفرجيني كيف بيستعملو المضخة؟,هل يمكنك أن تريني كيفية استعمال المضخة ؟,هل لك أن تفحصني كيفية استخدام المضخة ؟
21619,متى آخر وقت اقدر اسوي فيه جيك ان؟,ما هو أخر وقت لتسجيل الدخول ؟,متى يمكنني أن أقوم بعمل اتصالاً هاتفياً ؟
13480,بالتايد. كيف اقدر اساعدك؟,بالتأكيد . كيف يمكننا خدمتك ؟,هذا جيد . كيف أستطيع مساعدتك ؟
7294,اي، عندي هذيلا.,أجل ، معي هؤلاء .,نعم ، لدي هذا .
15298,بقدر آخد صفحة غلاف للإرسال بالفاكس؟,هل أستطيع الحصول على بيان تغطية الإرسال بالفاكس ؟,هل يمكنني أن أخذ صفحة لنقل الهاتف ؟
6468,تشيز برغر وبطاطا مئلية.,أريد سندويتش برجر بالجبن ومقليات .,تشيز برجر وبطاطس مئلية .
39788,بعتقد الطقس حيتحسن بكرا .,أعتقد أن الجو سيكون افضل في الغد .,أعتقد أن الطقس يحسن غداً .
31989,ما في ورق كفاية للكتابة.,ليس ثمة ورق يكفي للكتابة .,لا يوجد ورق كافي للكتابة .
6930,لدي اجتماع ثاني.,لدي موعد آخر .,لدي اجتماع آخر .
19080,تشوف لوحة المترو هناك.,أنت تري علامة المترو هناك .,يمكنك رؤية لوحة مترو الأنفاق هناك .
20212,هل لديكم فول سوداني ؟,هل لديكم فول سوداني ؟,هل لديكم فول سوداني ؟
32042,بدي روح برمة حول الجزيرة.,أريد أن أتجول حول الجزيرة .,أريد الذهاب إلى وسط الجزيرة .
43909,الملاية مش نضيفة .,الملاءات متسخة .,ليست ضيفة .
41175,فيني إخد منشفة حمام؟,هل لى بفوطة حمام ؟,هل يمكنني أن أخذ منشفة حمام ؟
18253,ممكن محلي اصطناعي؟,هل يمكن أن أحصل على محلي اصطناعي ؟,هل يمكنني أن أجد محلي اصطناعي ؟
1114,فهمت. هذي مالي. حق مركز التصميم الداخلي مالنا.,فهمت . هذا ملكي . أنا أنتمي إلى مركز التصميم الداخلي .,أفهم . هذا مالي . لمركز التصميم الداخلي .
35621,عندي خطط.,عندي خطط .,لدي خطط .
27620,عايز حاجة ماتخلينيش حاسس اني عايز انام .,أريد شيئاً لا يجعلني متعب .,أريد شيئاً لا يناسبني .
40981,فين الحمامات؟,أين غرف الراحة ؟,أين الحمامات ؟
19079,اوكي، بتنتظرك الرسايل في اقرب شباك تذاكر. شكراً لأنك اتصلت في تذاكر برودوي.,حسنا ، سوف تكون التذاكر بانتظاركم في نافذة تذاكر المسرح . شكراً على اتصالكم بشركة تذاكر برودواي تيكتز .,حسناً ، سوف تجد تذكرتك في أقرب شباك تذاكر . شكراً على أن اتصلت بتذاكر برودواي .
15888,إذا بتريد دق لتاكسي عالعشرة الصبح .,من فضلك استدعي سيارة أجرة في العاشرة صباحاً .,من فضلك اتجه إلي الفندق حتى العاشرة صباحاً .
34988,الساعة سبع، لو سمحت.,في الساعة السابعة ، من فضلك .,الساعة السابعة ، من فضلك .
46710,ما نوع تسريحة الشعر المحببة في الولايات المتحدة الأمريكية الآن ؟,ما نوع تسريحة الشعر المحببة في الولايات المتحدة الأمريكية الآن ؟,ما نوع تسريحة الشعر المحببة في الولايات المتحدة الأمريكية الآن ؟
17179,لسه عندك تذاكر لبولز وماجيك يوم عشرة يناير؟,أما زالت لديكم تذاكر لحفل بولز وماجيك في العاشر من يناير ؟,هل لديك تذاكر لبولز وماجيك في العاشر من يناير ؟
45225,بغيت اشتري شي من اطباقكم الاقليمية المميزة.,أريد أن أشتري اثنين من بضائعكم الإقليمية المميزة .,أريد شراء شيئاً من اطباقكم الخاصة بك .
4193,اوك شكرا . بيتي فيكي تجي إذا بتريد؟,أوه ، شكراً . بيتي ، هلا أتيت ، من فضلك ؟,شكراً . هل يمكن أن تحضر لي ، من فضلك ؟
22532,تمام، لأننا عارفين ان الحكومة حتاخد اجراءات لتحفيز الاقتصاد اكتر بسبب الركود .,حسنا ، لأنك تعرف أن الحكومة ستقدم المزيد من الإجراءات التي تحث على الضخ .,حسناً ، لأننا تعرف أن الحكومة ستأخذ اجراءات لتحفيز الاقتصاد أكثر بسبب الركود .
39824,في شي إستعراض بكرا؟,هل يوجد استعراض عسكري غداً ؟,هل هناك أي أطباق غداً ؟
8318,هل يوجد محل يقدم تخفيضات قريب من هنا ؟,هل يوجد محل يقدم تخفيضات قريب من هنا ؟,هل يوجد محل يقدم تخفيضات قريب من هنا ؟
3156,هذا غال قليلاً ، ألا تعتقد ؟,هذا غال قليلاً ، ألا تعتقد ؟,هذا غال قليلاً ، ألا تعتقد ؟
16974,ده تقيل .,إنه ثقيل .,هذا يناسبني .
34261,اكيد. اوكي. احنا هني في المتحف. بس روح فوق، امش مجمعين، وبيكون هناك عند الزاوية.,حسنا . نحن هنا في المتحف . ما عليك إلا أن تواصل الطريق ، وبعد عمارتين ستجدها هناك عند تلك الناحية .,بالتأكيد . حسناً . لقد كنا هنا في المتحف . لكن اتجه يساراً ، ثم اتجه يساراً ، ثم اتجه يساراً .
21366,والله، اذا انتوا الاثنين مصرين، بجي معاكم.,"حسناً ، في حالة إصرار كليكما , سأذهب معكما .",حسناً ، إذا كنت زوجتي مصرون ، سأحضر معكم .
19587,اوه، ودي.,أوه ، أود ذلك .,أوه ، أنا أحب .
40331,لا مؤاخذة . ممكن تقوللي يكلف اد ايه عشا متوسط؟,عذراً . هل يمكنك أن تخبرني عن متوسط تكلفة عشاء عادي ؟,معذرة . هل يمكنك أن تخبرني عندما يكون متوسطاً ؟
5770,شيك سياحي وين ياباني، اوكي؟,هل يمكن استخدام شيكات سياحية وعملة ين ياباني ؟,شيك سياحي و ياباني ، أليس كذلك ؟
39315,المدام تحب تشرب ايه؟,ماذا تحب سيدتي أن تشرب ؟,ماذا تحب أن تشرب المدام ؟
36283,شوف الحمام إذا بتريد .,افحص الإطارات من فضلك .,أرى الحمام ، من فضلك .
18585,اوكي، خلك عالخط لو سمحت. سيد ناكاجيما، آنسة سايتو ما ترد عالمكالمة. تبيني اخليه يرن زيادة؟,حسنا ، ابق على الخط . سيد/ ناكاجيما ، الآنسة/ سايتو يبدو أنها لا ترد على المكالمة . هل تريدني أن أتصل عليها فترة أطول ؟,حسنا ، دعني أخطئ . السيد ناكاجيما ، آنسة سايتو لا ترد على المكالمة . هل يمكن أن يحضرها مرة أخرى ؟
23686,هذا الرقم لم يعد موجوداً .,هذا الرقم لم يعد موجوداً .,هذا الرقم لم يعد موجوداً .
11402,هل يمكنك سحب سيارتي إلى محطة الغاز القادمة ؟,هل يمكنك سحب سيارتي إلى محطة الغاز القادمة ؟,هل يمكنك سحب سيارتي إلى محطة الغاز القادمة ؟
20075,هيدا مشغل خدمة الاتصال للتلفون الدولي.,هذا هو مشغل خدمة الاتصالات الهاتفية الدولية .,هذا هو موظف خدمة الاتصال الخاص بي .
6809,عندك أفلام ببلاش؟,هل لديكم أفلام مجانية ؟,هل لديك أفلام بلاش ؟
48995,أرجو ذلك .,أرجو ذلك .,أرجو ذلك .
8659,فيك تزيد خس و بندورة؟,هل يمكن أن تضيف الخس والطماطم ؟,هل يمكنك أن تزيد خس وبندورة ؟
39818,عشرين ألف ين، عمزل معروف .,"عشرون ألف ين , من فضلك .",عشرون ألف ين ، من فضلك .
14875,كم ساعة ياخذ؟,كم ساعة يستغرقها ذلك ؟,كم ساعة ستغادر ؟
36342,فهمني غلط .,لقد أساء فهمي .,أشعر بخطأ .
44224,ما الذي يتم عرضه في دار الأوبرا ليلة الجمعة ؟,ما الذي يتم عرضه في دار الأوبرا ليلة الجمعة ؟,ما الذي يتم عرضه في دار الأوبرا ليلة الجمعة ؟
17004,إنني أنوي قضاء الإجازة في وسط المدينة حتى الخامس من شهر مايو .,إنني أنوي قضاء الإجازة في وسط المدينة حتى الخامس من شهر مايو .,إنني أنوي قضاء الإجازة في وسط المدينة حتى الخامس من شهر مايو .
26574,وين نودي شناطك اذا حصلناهم؟,أين تود أن نحضر لك أمتعتك عندما نجدها ؟,أين نستطيع أن نأخذ بعض الشائب التي تقدمون لنا ؟
9267,هي دي وزارة التجارة الخارجية، مش كدة؟ أنا تارو تاناكا من اليابان. عندي معاد لمقابلة السيد كولمان على اتنين.,هذه هي وزارة التجارة الخارجية ، أليس كذلك ؟ أنا تارو تاناكا من اليابان . لدي موعد لمقابلة السيد كوليمان في الثانية .,هذه هي وزارة التجارة الخارجية ، أليس كذلك ؟ أنا تارو تاناكا من اليابان . لدي معاد لمقابلة السيد كولمان في اثنين .
46728,أودّ حجز موعد مع طبيب .,أودّ حجز موعد مع طبيب .,أودّ حجز موعد مع طبيب .
48253,بصراحة، عندي شوية أخبار. بدي أتجوز.,بالفعل لدي أخبار . أنا سأتزوج .,بصراحة ، لدي بعض الأخبار . أريد أن أتجوز .
46146,عاوز أسبرين.,أحتاج إلى أسبرين .,أريد أسبرين .
50033,"نعم . زجاجة بيرة , من فضلك .","نعم . زجاجة بيرة , من فضلك .","نعم . زجاجة بيرة , من فضلك ."
50432,من فضلك أحضر نبيذاً مناسباُ .,من فضلك أحضر نبيذاً مناسباُ .,من فضلك أحضر نبيذاً مناسباُ .
45748,اي منيو تنصح فيه؟,ما القائمة التي توصي بها ؟,ماذا تفضل فيه ؟
36984,عدي الشارع و امشي علطول لحد ما توصل للتقاطع التاني . فندق كى ورا التقاطع ده .,أعبر الشارع هناك وامشي للأمام حتى تأتي إلى التقاطع الثاني . فندق كيه خلف التقاطع .,لقد اتصلت بالطريق وانعطف مباشرة حتى تصل إلى التقاطع الآخر . فندق كى يساراً .
45216,بالتأكيد. إحنا هنكون مبسوطين نعمل كدة.,بكل تأكيد . سنكون سعداء لفعل هذا .,بالتأكيد . سنكون سعداء لذلك .
47260,بالمفرد إزا بتريد.,الدخول فرداً فردا ، ً من فضلكم .,من فضلك .
5459,من كان المهندس؟,من كان المهندس المعماري ؟,من كان المهندس ؟
1632,فندق أمن يقدم فطار كويس، لو سمحت.,أريد فندقاً آمنا يقدم إفطاراً جيدا ، من فضلك ؟,فندق أمن يقدم فطار جيد ، من فضلك .
17820,بكون في فندق الهيلتون.,سأكون في فندق هيلتون .,سأكون في فندق هيلتون .
17690,بكام الشنطة ديه؟,كم ثمن الحقيبة ؟,كم تكلفة هذه الحقيبة ؟
37308,أبا بعض مزيل صبغ الاظافر.,أريد مزيلا لطلاء الأظافر .,أريد بعض مزيل صبغ الاظافر .
42208,ودني هناك لو سمحت.,من فضلك خذنى إلى هناك .,خذني إلى هناك ، من فضلك .
29286,ديه رايحة سيدني؟,هل هذا يذهب إلى سيدني ؟,هل هذه هي رايحة سيدني ؟
7615,انا بحاجه لتغيير هالدولار.,أريد أن أستبدل تلك الدولارات .,أريد تغيير هذا الدولار .
47082,شنطتى باظت.,لقد أتلفت حقيبتي .,لقد اتصلت بحقيبتي .
30787,المرحاض مسدود .,المرحاض مسدود .,المرحاض مسدود .
36193,أنا طلبت لحمة، مش سمك. بتقدر تغيرو؟,لقد طلبت لحما لا سمكا . هل يمكنك تغيير هذا ؟,لقد طلبت لحمة ، ليس سمك . هل يمكن أن تقوم بتقديمها ؟
43840,من أي مطار بدي روح؟,من أي المطارات سأغادر ؟,من أي مطار أريد الذهاب ؟
1866,قول لي شلون شكل الشناط، لو سمحت.,أخبرني كيف تبدو الأمتعة ، من فضلك ؟,أخبرني كيف يبدو شكل الشنافذة ، من فضلك .
22590,هل يمكنك أن تقترح محل ملابس مشهور بين الشباب ؟,هل يمكنك أن تقترح محل ملابس مشهور بين الشباب ؟,هل يمكنك أن تقترح محل ملابس مشهور بين الشباب ؟
20965,كده تمام؟,هل كان عندك الكفاية ؟,هل هذا حسن ؟
35614,عاوز أرجع أأكد حجزي.,أريد إعادة تأكيد حجزي .,أريد أن أعيد التأكيد على حجزي .
24279,للحين يبينون خضر شوي.,لا تزال تبدو عليهم علامات المرض وشحوبة الوجه .,يبدو أن الآن بعض الخضراوات الآن .
29820,في بناية حلوة هونيك .,إن هناك مبنىً جميلا .,في غرفة جميلة هناك .
28738,إحنا بنوقف عند فندق بريفلي. ممكن تنزل هناك.  إنت هو يا دوب شوية دقايق مشي للسمت.,نتوقف عند فندق بيفرلي . يمكنك أن تنزل هناك . إنها تبعد دقائق سيراً إلى القمة .,سنوقف عند فندق بريفلي . يمكنك أن تنزل هناك . إنه سوف تجد هناك . إنه سوف تجد هناك بضعة دقائق على الجانب الأيمن .
20604,فين مكان استلام الشنط لرحلة طيران سبعة زيرو ثلاثة؟,أين بيان أمتعة الرحلة سبعة صفر ثلاثة ؟,أين مكان استلام الأمتعة لرحلة طيران سبعة صفر ثلاثة ؟
4729,هل تريد مزيداً من القهوة ؟,هل تريد مزيداً من القهوة ؟,هل تريد مزيداً من القهوة ؟
27585,كل شي تمام؟,هل كل شيء على ما يرام ؟,هل كل شيء حسن ؟
35018,محتاج اني ابلغ عن ده؟,هل أنا بحاجة إلى الإعلان عن هذا ؟,هل أحتاج إلى أن أبلغ عن هذا ؟
49428,اي باص اخذ حق اروح المحطة؟,أية حافلة يجب أن آخذ إلى المحطة ؟,أي حافلة يمكنني أن أذهب إلى المحطة ؟
7289,فيي إخد صور بالمتحف؟,هل يمكن أن ألتقط صوراً بالمتحف ؟,هل يمكنني أن أخذ صوراً بالمتحف ؟
26889,إنت لازم تعمل طلب تأمين مع مكتب التأمين في اليابان.,سيتعين عليك أن تقدم طلب تأمين إلى مكتب التأمين باليابان .,يجب أن تعمل طلب تأمين مع مكتب التأمين في اليابان .
48507,شو رأيك نجتمع عالساعة أربعة؟,ما رأيك لو التقينا هنا في الساعة الرابعة ؟,ماذا عن الذهاب في الساعة الرابعة ؟
48206,اي باص يروح فندق القراند؟,أية حافلة متجهة إلى فندق جراند ؟,أي حافلة تذهب إلى فندق القران ؟
16247,اي، مع اني احس اني جيت هني من قبل مرات عديدة بالافلام والبرامج التلفزيونية.,أجل . رغم شعوري وكأنني جئت هنا مرات كثيرة من خلال الأفلام وبرامج التليفزيون .,نعم ، أشعر بألم في هذا المكان من قبل مرات عديدة في الأفلام وبرامج التلفزيونية .
45894,أقدر أقعد فين خلال الجولة؟,أين يمكنني أن أقيم أثناء الجولة ؟,أين يمكنني أن أجلس خلال الجولة ؟
1566,البالوعة مسكرة من الغبرا .,الصرف مسدود بسبب النفايات .,البالوعة مسكرة من الغبرا .
40614,أدي بالليلة؟,كم سعر الليلة ؟,كم المدة التي يمكن أن تكون هذه الليلة ؟
36608,لازم اقوم من وقت بكرة الصبح. لازم امشي.,علىّ الاستيقاظ مبكراً غدا . لذا سأذهب الآن .,يجب أن أقوم بذلك غداً صباحاً . يجب أن أمشي .
37630,مية ين حق الدولار.,مائة ين مقابل الدولار .,مائة ين للدولار .
4408,تركت محفظتي بالمحل عندكن .,لقد تركت محفظتي في محلك .,تركت محفظتي في محلك .
45736,مبين زغير بس أنا أطعت التلاتين.,أبدو صغير السن ، مع أني قد جاوزت الثلاثين .,يبدو أنني لست على ما يرام .
16941,كم عمر هذا الولد؟,كم عمر هذا الصبي ؟,كم عمر هذا الولد ؟
20736,ما هي الماركات التي توجد لديك ؟,ما هي الماركات التي توجد لديك ؟,ما هي الماركات التي توجد لديك ؟
5035,يصير يتعدل؟,هل من الممكن تعديلها ؟,هل يمكن أن يتعدل ؟
24431,في شي سناك بار هون؟,هل يوجد مطعم للوجبات الخفيفة هنا ؟,هل يوجد هنا مكان لمشاهدة المعالم ؟
9331,مش عارف أدي هوي الحجم.,لا أعلم ما هو المقاس .,لا أعرف ما هو الحجم .
4157,عندي مشكلة . لما كنت ماشي في الشارع، محفظتي انسرقت . فين قسم البوليس؟,لدي مشكلة ، حينما كنت أسير في الشارع ، سرقت حافظة نقودي . أين يوجد قسم الشرطة ؟,لدي مشكلة . عندما كنت أغادر في الشارع ، لقد سرقت محفظتي . أين قسم البوليس ؟
22642,وين بوابة الطلعة ع آي بي سي مية وواحد؟,أين بوابة الركوب ايه . ب . سي . واحد صفر واحد ؟,أين بوابة طيران ايه بي سي رقم مائة وواحد ؟
25885,آلو . أن آسف إنه الآن في اجتماع .,آلو . أن آسف إنه الآن في اجتماع .,آلو . أن آسف إنه الآن في اجتماع .
33517,معايا حوالي الفين و خمسميت دولار بالين الياباني .,يوجد لدى حوالي ألفي وخمسمائة دولار بالين الياباني .,معي حوالي ألفين وخمسمائة دولار بالين الياباني .
14192,دايخ شوي.,أشعر بدوار بسيط .,إنها صغيرة جداً .
41795,في عندك زي هاي البلوزة ألوان تانية؟,هل لديك ألوان أخرى لهذا التي شيرت ؟,هل لديك بعض هذه الحقيبة الألوان الأخرى ؟
49308,أنا محتاج كارت المغادرة؟,هل أحتاج إلى بطاقة للركوب ؟,هل أحتاج إلى بطاقة المغادرة ؟
37608,وصل سلامي لأهلك بالنيابة عني، لو سمحت.,ارسل تحياتي إلى والديك ، من فضلك .,وصلت سلامي إلى هناك بالنيابة عني ، من فضلك .
46630,هل لديك أي طراز آخر ؟,هل لديك أي طراز آخر ؟,هل لديك أي طراز آخر ؟
10689,نسيت تذكرة الطيران الخاصة بي في الفندق .,نسيت تذكرة الطيران الخاصة بي في الفندق .,نسيت تذكرة الطيران الخاصة بي في الفندق .
48670,مين المخرج؟,من المدير ؟,من المخرج ؟
25967,طيحت الشوكة. تقدر اتييب لي غيرها لو سمحت.,وقعت منى الشوكة . من فضلك أحضر واحدة أخرى .,لقد وضعت الشوكة . يمكنك أن تغيرها من فضلك .
18219,لو سمحت كبر الطباعة للحجم ده .,من فضلك كبر المطبوعة إلي هذا الحجم .,من فضلك كبر هذا الحجم .
11661,فيك تعبي هالورئة وتبعتلو ياها بالفاكس؟,استوف بيانات هذه الاستمارة من فضلك ثم أعدها بالفاكس إليه .,هل يمكنك أن تعطيني هذه البطاقة و تبعتها من فضلك ؟
35756,انا يوكو سوزوكي من شركة يونيفيرسال.,أنا يوكو سوزوكي من الشركة العالمية .,أنا يوكو سوزوكي من شركة يونيفيرسال .
47325,عايز مربى .,ارغب في بعض المربّى .,أريد بعض القهوة .
15612,ممكن توصلهم على بكرة الصبح؟,هل يمكنك أن توصلهم غداً صباحاً ؟,هل يمكن أن توصلهم غداً صباحاً ؟
10424,هيدا الك .,هذا لك .,هذا الك .
16501,هل يمكنك أن تقوم بهجاء اسمك الأخير ، من فضلك ؟,هل يمكنك أن تقوم بهجاء اسمك الأخير ، من فضلك ؟,هل يمكنك أن تقوم بهجاء اسمك الأخير ، من فضلك ؟
49806,أنا كنجي.,أنا كينجي .,أنا كنجي .
30588,خدمة الغرف.,خدمة حجرة .,خدمة الغرف .
26166,اوه، صج؟ خذ شي؟,آه ، حقا ؟ هل أخذ أي شيء ؟,أوه ، كيف حالك ؟ هل خذ شيء ؟
35692,لو سمحت إحود شمال .,من فضلك اتجه لليسار .,من فضلك اتجه يساراً .
28045,"نعم , لا بد أن يكون عندك رخصة قيادة ، ولا بد أن تحصل على رخصة من لجنة التاكسي والليموزين .","نعم , لا بد أن يكون عندك رخصة قيادة ، ولا بد أن تحصل على رخصة من لجنة التاكسي والليموزين .","نعم , لا بد أن يكون عندك رخصة قيادة ، ولا بد أن تحصل على رخصة من لجنة التاكسي والليموزين ."
2325,ده معناه ايه؟,ماذا يعنى ذلك ؟,ما هذا معناه ؟
35004,هلا طلبت تاكسي ؟,هلا طلبت تاكسي ؟,هلا طلبت تاكسي ؟
25589,أي واحد خفيف؟,أيها الأخف ؟,أيهما خفيف ؟
32072,لدي حجز لمدة ليلتين . اسم ريسا كوباياشي .,لدي حجز لمدة ليلتين . اسم ريسا كوباياشي .,لدي حجز لمدة ليلتين . اسم ريسا كوباياشي .
198,اثنين واحد اثنين ثلاثة اربعة ثمانية ثلاثة ثلاثة آلاف.,اثنان واحد اثنان ثلاثة أربعة ثمانية ثلاثة ثلاثة ألف .,اثنان واحد اثنان ثلاثة أربعة ثمانية ثلاثة ثلاثة آلاف .
34291,أيمتا مبارات الفوتبول؟,متى تقام مباراة كرة القدم ؟,متى مبارات الكرة القدم ؟
2729,ما بعتمد عليه .,لا أعتمد على ذلك .,لا أعتمد عليها .
1687,لقد فقدت تذكرة الطائرة .,لقد فقدت تذكرة الطائرة .,لقد فقدت تذكرة الطائرة .
18969,بوصل عالأوتيل بتمنتعش أيلول.,سأصل الفندق في الثامن عشر من سبتمبر .,سأصل إلى فندقي في الثامنة من سبتمبر .
46661,أبغي كرة .,أبغي كرة .,أريد كرة .
20283,السكرجية نفس الشي وين ما كان.,السكارى هم أنفسهم في كل بلد .,لقد كانت السكرجية نفسها .
49343,الى الفندق لو سمحت. عنواني مكتوب اهني.,إلى فندقي ، من فضلك ، إن عنوان فندقي في هذه الورقة .,إلى الفندق من فضلك . عنواني مكتوب هنا .
21659,"حجز , من فضلك .","حجز , من فضلك .","حجز , من فضلك ."
23313,مش حاسس إنى كويس. لو سمحت تدينى دوا.,لا أشعر أنني على ما يرام . من فضلك اعطني بعض الدواء .,لا أشعر بمرض . من فضلك أعطني دواء .
4107,من فضلك أوقف كل التعاملات على هذه البطاقة .,من فضلك أوقف كل التعاملات على هذه البطاقة .,من فضلك أوقف كل التعاملات على هذه البطاقة .
46524,أنا حاولت أعمل مكالمة دولية، وصلت؟,لقد حاولت إجراء مكالمة دولية ، هل نجح ذلك معك من قبل ؟,لقد حاولت إجراء مكالمة دولية ، هل وصلت ؟
38704,ما تعتل هم . دقيت لواحد من محطة الإطفاء .,لا تقلق . اتصلت بواحد من محطة الإطفاء .,لا تعتل هم . دقيت لوأحد من محطة الإطفاء .
47151,أود إلغاء موعدي مع السيد إيه ؟,أود إلغاء موعدي مع السيد إيه ؟,أود إلغاء موعدي مع السيد إيه ؟
50327,طلع الأشياء الثمينة، من فضلك.,"أخرج متعلقاتي الثمينة , من فضلك .",خذ الأشياء الثمينة ، من فضلك .
7284,كل الكمية المطلوبة متين تلاتة واربعين جنيه، يا مدام.,إجمالي المبلغ المطلوب مائتان وثلاثة وأربعون جنيه ، يا سيدتي .,كل تكلفة المطلوب ثلاثة وأربعون جنيه ، يا سيدي .
17258,عندك تلج كتير السنة دي؟,هل هطل كثير من الثلج هذا العام ؟,هل لديك بعض الملابس الرائعة هذا العام ؟
21327,العلاءات بين الناس مهمة بحياالله مجتمع، بس الهيئة المجتمع الياباني عم بجرب يحافظ عالعلاءات المنيحة ويوسعا.,العلاقات الإنسانية مهمة في أي مجتمع ، لكن يبدو أن اليابانيين يسعون بجد إلى الحفاظ على العلاقات الطيبة وتعميقها .,العلاءات بين الناس مهمة في حياة المجتمع ، ولكن الهيئة المجتمع الياباني يحافظ على الاحتياجات المنخفضة .
35347,كسرت المزهرية بالغلط .,لقد كسرت الزهرية بسبيل الخطأ .,كسرت المزهرية بالغلق .
32727,اسعار النقل كلها مشمولة؟,هل تم إدراج جميع تكاليف النقل ؟,هل هذه أسعار النقل كلها ؟
11398,شكرا لك . بالمناسبة ، كيف تفضل أن تدفع الفاتورة ؟,شكرا لك . بالمناسبة ، كيف تفضل أن تدفع الفاتورة ؟,شكرا لك . بالمناسبة ، كيف تفضل أن تدفع الفاتورة ؟
1097,أين أقرب مصور ؟,أين أقرب مصور ؟,أين أقرب مصور ؟
644,ميهمش، على أى حال، لوسمحت خدنى لوسط المدينة الصينية. وأنا هحاول أكتشفها بنفسى.,لا تهتم . على أي حال ، خذني من فضلك إلى مركز الحي الصيني . سأحاول أن أجده بنفسي .,ميهمش ، في أي حال ، من فضلك اذهب إلى وسط المدينة الصينية . سوف أحاول أن أحاول أن أعرفها بنفسي .
50189,أبحث عن شئ ما بعلامة برادا المعدنية .,أبحث عن شئ ما بعلامة برادا المعدنية .,أبحث عن شئ ما بعلامة برادا المعدنية .
28978,اكيد في استاذ. بتحب تشوف هالبروشور؟,بالتأكيد موجودة ، يا سيدي . أتود أن تُلقي نظرة على هذه النشرة الإرشادية ؟,بالتأكيد ، سيدي . هل تريد أن ترى هذاالبروشور ؟
48672,ممكن اخلي شناطي في الدبة؟,أيمكنني أن أضع حقائبي في صندوق السيارة ؟,هل يمكن أن أضع حقائبي في الدبة ؟
29219,أنا حدفع الفرق، عشان كدة لو سمحت إعمل الحساب.,"سأقوم بدفع الفارق , لذلك من فضلك اعد الحساب .",سأدفع الفرق ، لذلك من فضلك اعمل الحساب .
17893,إنها باردة ، أليس كذلك ؟,إنها باردة ، أليس كذلك ؟,إنها باردة ، أليس كذلك ؟
18273,ممكن أحضر الدرس ده حتي لو أنا لسه مبتدئ؟,هل يمكنني الالتحاق بهذا الفصل حتى مع كوني مبتدئاً ؟,هل يمكنني أن أحضر هذا الدرس حتى أنا لم يقدم ؟
17356,هيا نرقص .,هيا نرقص .,هيا نرقص .
12895,فيك تجبلي الفاتورة؟,هل يمكنك أن تحضر لي الفاتورة ؟,هل يمكنك أن تحضر لي الفاتورة ؟
35894,هيدا موديلنا الجديد. سمينا كمبيوتر الأحلام.,هذا هو نموذجنا الجديد . نطلق عليه كمبيوتر الأحلام .,هذا هو موديلنا الجديد . سمينا كمبيوتر الأحلام .
33692,كبف بقول للشوفير لما بدي انزل من الباص؟,كيف أخطر السائق إذا أردت أن أنزل من الحافلة ؟,هل يمكن أن أقول لي أن أذهب إلى الحافلة عندما أخرج من الحافلة ؟
50200,بالمناسبة، بقدر صرف هالشيك كمان؟,على فكرة ، هل أستطيع صرف هذا الشيك أيضا ؟,بالمناسبة ، هل يمكنني صرف هذا الشيك أيضا ؟
3263,في اي مدينة يوقف الباص عقب؟,ما هي البلدة التي ستتوقف عندها الحافلة المرة التالية ؟,هل يوجد مدينة يوقف الحافلة بعد ذلك ؟
48307,حسبما يقول جورو ، فاللسيد يامادا طفلان .,حسبما يقول جورو ، فاللسيد يامادا طفلان .,حسبما يقول جورو ، فاللسيد يامادا طفلان .
27548,انت آخر واحد في هالصف؟,هل أنت الأخير في هذا الصف ؟,هل أنت آخر في هذا الصف ؟
30070,"أود أن أحصل على مكالمة إيقاظ , من فضلك .","أود أن أحصل على مكالمة إيقاظ , من فضلك .","أود أن أحصل على مكالمة إيقاظ , من فضلك ."
40933,"من فضلكم , هل لكم أن ترتدوا رابطات العنق ؟","من فضلكم , هل لكم أن ترتدوا رابطات العنق ؟","من فضلكم , هل لكم أن ترتدوا رابطات العنق ؟"
15671,عندك من هيدي بلون فاتح؟,هل لديك هذه بلون زاهي ؟,هل لديك هذا بلون فاتح ؟
39840,احب افلام الخيال العلمي اكثر من قصص الحب.,أفضل أفلام الخيال العلمي على قصص الغرام ؟,أحب أفلام الخيال العلمي أكثر من قصص حب .
5235,من فضلك قف في منتصف مجموعتنا .,من فضلك قف في منتصف مجموعتنا .,من فضلك قف في منتصف مجموعتنا .
8908,يومى؟ خايف أسأل، بس تقصد إيه؟,أخشى أن أسأل ، لكن ماذا تعني ؟,هل هذا يوم ؟ أريد أن أسأل ، لكن ماذا عنك ؟
30466,تقدر تقترح مطعم زين، ومو غالي يم هالفندق؟,هل توصي بمطعم جيد رخيص بالقرب من هذا الفندق ؟,هل يمكنك أن تفضل مطعماً جيداً ، ولكن غالي جداً في هذا الفندق ؟
41550,هالو . أنا عامل المكالمات الدولية . ما هو الرقم الذي تريد طلبه ؟,هالو . أنا عامل المكالمات الدولية . ما هو الرقم الذي تريد طلبه ؟,هالو . أنا عامل المكالمات الدولية . ما هو الرقم الذي تريد طلبه ؟
22069,الليتات في غرفتي ما يشتغلون.,الأضواء في غرفتي لا تعمل .,غرفتي لا تعمل .
41995,يصير انزل في الفندق؟,هل ممكن أن أنزل عند الفندق ؟,هل يمكن أن أنزل في الفندق ؟
18080,العاشر من نوفمبر .,العاشر من نوفمبر .,العاشر من نوفمبر .
34255,عايز واحد تاني .,أريد واحدة أخرى .,أريد واحدة أخرى .
38502,"نعم , ذلك صحيح .","نعم , ذلك صحيح .","نعم , ذلك صحيح ."
42560,كم ستمكث ؟,كم ستمكث ؟,كم ستمكث ؟
33685,إذا أتكلمنا عالمزيكا، ماحدش يقدر يقف قصاد فرقة شارع اتنين و اربعين . المسرح بيكون مليان على اخرة كل يوم و ماتقدرش حتى تجيب تذكرة . ديه حاله نادرة في تاريخ المزيكا، متهيألي .,عندما يتعلق الأمر بالموسيقى ، لا أحد يستطيع أن يبز شارع أربعين-اثنين . إن المسرح يكتظ عن آخره كل يوم حتى لا يستطيع أحد أن يحصل على تذكرة مفردة . هذه حالة نادرة في تاريخ الموسيقى كما أخمن .,إذا تكلمنا في شركة زيكا ، أحد يمكن أن يقوم بعمل نقانق في شارع اثنين وأربعين . المسرح سيكون على نحو أخر كل يوم وسوف يكون جاهزا حتى تحضر تذكرة
40723,عايز أنزل هنا.,ارغب في النزول هنا .,أريد أن أنزل هنا .
28073,خلص البترول.,لقد نفد الغاز .,خذ البترول .
14441,ايوة كدة. علشان انت ممكن تشوف العلم قدام البوستة.,نعم ، هي ، لأنك تستطيع أن ترى العلم أمام مكتب البريد .,نعم ، لذلك يمكنك أن ترى العلم أمام البوستة .
42559,رح آخد هيدا.,ساتناول هذا .,سأرسل هذا .
39528,إذا منحتني خصماً ، سأشتري هذه ، أيضاً .,إذا منحتني خصماً ، سأشتري هذه ، أيضاً .,إذا منحتني خصماً ، سأشتري هذه ، أيضاً .
7890,عندي وجع خفقان بدينتي .,عندي آلم ينبض في أذني .,لدي ألم خفقان .
30150,القطر لشيكاغو هايتحرك من رصيف خمسة؟,هل القطار إلى شيكاغو يغادر من الرصيف خمسة .,هل يمكن أن تتحرك القطار إلى شيكاغو من رصيف خمسة ؟
38567,مفتاح غرفة الف واربعة وخمسين، لو سمحت.,المفتاح لغرفة أحد عشر خمسة وأربعين ، رجاءً .,مفتاح غرفة رقم أربعة وخمسين ، من فضلك .
33546,بدي أنينة مي.,أريد زجاجة مياه معدنية .,أريد بعضاً من ماء .
28292,ابغي هدية حق امي.,أبحث عن تذكار لوالدتي .,أريد هدية لامي .
44320,حيكون كويس لو اخدنا وجبة خفيفة؟,هل من المناسب أن نتناول وجبة خفيفة ؟,هل سيكون هذا مناسباً لو أخذنا وجبة خفيفة ؟
5012,هى الطيارة دى هتطلع امتى؟,متى تغادر هذه الطائرة ؟,متى ستعود هذه الرحلة ؟
2185,مرحبا . ماذا أحضر لكم ؟,مرحبا . ماذا أحضر لكم ؟,مرحبا . ماذا أحضر لكم ؟
10418,مساء الخير . هل لي أن أساعدك ؟,مساء الخير . هل لي أن أساعدك ؟,مساء الخير . هل لي أن أساعدك ؟
45879,أود أن أشتري طوابع لعشرة بطاقات بريدية إلى اليابان ، من فضلك .,أود أن أشتري طوابع لعشرة بطاقات بريدية إلى اليابان ، من فضلك .,أود أن أشتري طوابع لعشرة بطاقات بريدية إلى اليابان ، من فضلك .
18175,لا أستطيع العثور على صديقي . أيمكنك استدعاؤه ؟,لا أستطيع العثور على صديقي . أيمكنك استدعاؤه ؟,لا أستطيع العثور على صديقي . أيمكنك استدعاؤه ؟
21480,بحتاج كردت كارد.,سأحتاج إلى بطاقة ائتمان .,أريد بعض الائتمان .
31244,كم قيمتها جملة ؟,كم قيمتها جملة ؟,كم قيمتها جملة ؟
33563,لو شنطي ما وصلتش بكرة، حأتنقل لأوتيل تاني في يومين .,في حالة عدم وصول أمتعتي غداً ، فسأنتقل إلى فندق آخر في غضون يومين .,إذا لم وصلت حقائبي غداً ، سأنقل إلى فندق آخر في يومين .
34892,هل لك أن تخبرني قيمة المبلغ ؟,هل لك أن تخبرني قيمة المبلغ ؟,هل لك أن تخبرني قيمة المبلغ ؟
49296,ما عندك شي في الوسط؟,ألم تتناول شيئاً فيما بينهما ؟,هل لديك أي شيء في الوسط ؟
27600,اوك . فيني اترك السيارة باي مكان؟ وقديه الكلفة؟,حسنا . هل يمكن أن أترك السيارة في أي مكان ؟ ما هي رسوم ركن السيارة ؟,حسناً . هل يمكنني أن أترك السيارة في أي مكان ؟ هل هذه هي الكلفة ؟
24211,أرجو أن تجيء إلى البوابة التاسعة والثلاثين الساعة الرابعة و خمس وأربعون دقيقة .,أرجو أن تجيء إلى البوابة التاسعة والثلاثين الساعة الرابعة و خمس وأربعون دقيقة .,أرجو أن تجيء إلى البوابة التاسعة والثلاثين الساعة الرابعة و خمس وأربعون دقيقة .
29421,تحمل بروحك ترى الجو واجد يتغير في الجبال.,احترس لأن الجو في الجبال شديد التقلب .,حمل بروحك لأن الجو يغير في الجبال .
34548,انبسط بسفرتك.,تمتع برحلتك .,سوف أقوم برحلتك .
44281,يللا نروح تانى.,لنذهب مرة أخرى .,سوف نذهب ثانية .
3861,عايز ألحق طيارة لوس انجلوس بكرة الصبح بدري.,علي أن ألحق طائرة متجهة للوس أنجليس باكر صباح غد .,أريد أن ألحق طائرة لوس أنجلوس صباح الغد .
39302,يمديك تقولها اني كلمتها؟ انا حتصل عليها مرة تانية.,حسنا ، هل يمكنك أن تخبرها أنني اتصلت ، من فضلك ؟ سأتصل بها مرة أخرى فيما بعد .,هل يمكنك أن تقول لي أنني سوف أتصل عليها مرة أخرى .
30877,في الواقع أريد استصدار صك تأمين على هذا الطرد أيضاً .,في الواقع أريد استصدار صك تأمين على هذا الطرد أيضاً .,في الواقع أريد استصدار صك تأمين على هذا الطرد أيضاً .
14617,انتظر دقيقة من فضلك .,انتظر دقيقة من فضلك .,انتظر دقيقة من فضلك .
31074,متى أعود ؟,متى أعود ؟,متى أعود ؟
11807,إنه مركز للتخفيضات على التذاكر . يمكنك شراء تذاكر بنصف السعر .,إنه مركز للتخفيضات على التذاكر . يمكنك شراء تذاكر بنصف السعر .,إنه مركز للتخفيضات على التذاكر . يمكنك شراء تذاكر بنصف السعر .
6583,هل قُدمت الوجبات ؟,هل قُدمت الوجبات ؟,هل قُدمت الوجبات ؟
28970,ايه فاتحين كل الليل .,نعم ، نحن نفتح طوال الليل .,نعم ، هذا يناسب كل الليل .
11680,لنتصل به هاتفيا .,لنتصل به هاتفيا .,لنتصل به هاتفيا .
25593,شكراً. بروح حفلة.,شكرا . أنا ذاهب إلى حفل .,شكراً . سأذهب إلى حفلة .
1122,يي، هيدا اللي بدي أعملو هلأ. واحد، تنان، عالنوم.,"آه ، هذا ما أريد أن أقوم به الآن . واحد , اثنان ، نم .",نعم ، هذا ما أريد أن أفعل الآن . واحدة ، اثنان ، في النوم .
36865,بشوفك، اتصل بقدر الليلة.,إلى اللقاء ، اتصل بي الليلة .,سأرى ذلك ، سأصل بك الليلة .
21678,انا كنت مسؤول عن الموظفين لفترة عشان جذي احب اتكلم مع الناس.,كنت مسئول عن الأفراد لبعض الوقت ولذلك أنا مهتم بشكل خاص بالتحدث مع الناس .,لقد اتصلت بالعاملين لفترة لذلك سوف أتحدث مع الناس .
26716,لازم اروح المستشفى؟,يجب أن أدخل المستشفى ؟,هل يجب أن أذهب إلى المستشفى ؟
43729,شكراً. عيل ممكن توريني نعل بمقاس ستة ونص دي؟,شكراً . ثم هل يمكن أن تُريني بعض الصنادل مقاس ستة ونصف (دال) ؟,شكراً . هل يمكنك أن تريني بعض السجائر في خمسة وثلاثين دقيقة ؟
25841,هى الخطوط الجوية حتدفعلي علشان اشتري حاجات شخصية اسايه؟,هل ستدفع لي شركة الطيران لشراء بعض الاحتياجات الشخصية الأساسية ؟,ما تكلفة دفع هذه الخطوط الجوية لكي أشتري بعض الملابس الشخصية ؟
32868,فين أقرب محل خياطة؟,أين أقرب حائك للفساتين ؟,أين أقرب محل خياطة ؟
9025,ممكن كوبايه ميه؟,هل لي أن آخذ كوبا من الماء ؟,هل يمكن أن أحضر كوب من الماء ؟
48205,اي، بس تأكد ان تكون معاك ذكرتك.,نعم ، ولكن تأكد أن تذكرتك معك .,نعم ، ولكن تأكد أنك ستكون معي تذكرتك .
24382,الخط فصل .,إن الخط مقطوع .,الخط فصل .
42328,لو سمحت عطني ثلاثة اثنين ستة اثنين تسعة واحد ثمانية.,من فضلك اتصل لي برقم ثلاثة اثنان ستة اثنان تسعة واحد ثمانية .,من فضلك أعطني ثلاثة اثنان ستة اثنان تسعة واحد ثمانية .
43429,فقط هذب الأطراف ، من فضلك .,فقط هذب الأطراف ، من فضلك .,فقط هذب الأطراف ، من فضلك .
35006,في أي وقت أعاود الاتصال بك ؟,في أي وقت أعاود الاتصال بك ؟,في أي وقت أعاود الاتصال بك ؟
7687,خطر تروح سوهو؟,هل التوجه إلي سوهو خطير ؟,هل يمكن أن تذهب إلى سوهو ؟
44457,بغيت أأجر لوح.,أود استئجار لوح شراعي .,أريد استئجار لوح .
45179,معذرة . أظن أنني دفعت أقل من المطلوب .,معذرة . أظن أنني دفعت أقل من المطلوب .,معذرة . أظن أنني دفعت أقل من المطلوب .
12261,فيك تفرجيني كيف بيتاكل هيدا؟,هل لك أن ترينى طريقة أكل ذلك ؟,هل لك أن تفحصني كيفية الوجبات ؟
42000,هذا اللون الخافت مشهور جدا هذا العام .,هذا اللون الخافت مشهور جدا هذا العام .,هذا اللون الخافت مشهور جدا هذا العام .
14521,طيب، فيك تقلا إني دقيت، عمول معروف؟ رح دقلا مرة تاني.,حسنا ، هل يمكنك أن تخبرها أنني اتصلت ، من فضلك ؟ سأتصل بها مرة أخرى فيما بعد .,حسنا ، هل لك أن تقول لي أنني اتصلت ، من فضلك ؟ سأعود ثانية .
38199,هل شفت معطف أزرق؟ حطيته على هذا الكرسي.,هل رأيت معطف أزرق ؟ وضعته على هذا الكرسي .,هل رأيت معطف أزرق ؟ وضعته على هذا المقعد .
33331,هل يسعني إعادة السيارة في موقع آخر ؟,هل يسعني إعادة السيارة في موقع آخر ؟,هل يسعني إعادة السيارة في موقع آخر ؟
35329,عمول معروف ما تحط سكر .,أرجو عدم وضع سكر .,من فضلك لا تضع سكر .
26559,انت بتروح عشرين ابريل، وبترجع واحد وعشرين ابريل. صح؟,سترحل في العشرين أبريل ، وستعود في الحادي والعشرين أبريل . هل هذا صحيح ؟,أنت تذهب في العاشر من أبريل ، وسوف تعود في الثاني وعشرين أبريل . أليس كذلك ؟
16749,لقد أثيرت مشاعري .,لقد أثيرت مشاعري .,لقد أثيرت مشاعري .
47158,فيه حاجه ليك هنا .,ها هو شيء لك .,هناك شيء لك هنا .
31060,شتعرف عنه؟,ماذا تعرف عنه ؟,ماذا تعرف عنها ؟
26413,عندك كفاية؟,هل كان عندك الكفاية ؟,هل لديك أي خصم ؟
28434,سآخذ ما تزكيه .,سآخذ ما تزكيه .,سآخذ ما تزكيه .
50421,في أي رسايل حقي؟,هل هناك أي بريد لي ؟,هل هناك أي رسومات لديك ؟
28600,بغيت كوت طويل.,أريد معطف طويل .,أريد بعضاً من الملابس الطويلة .
26182,ممكن أرجعه في مدينة تانية؟,هل يمكنني إعادتها في مدينة مختلفة ؟,هل يمكنني أن أرجعها في مدينة أخرى ؟
49311,ياخد وقت اد ايه؟,كم من الوقت يستغرق ؟,ما وقت الذي يمكن أن آخذ ؟
23737,صندوق الأمانات، من فضلك.,"خزينة الودائع , من فضلك .",صندوق الأمانات ، من فضلك .
8385,ساعتي كانت نوعية سايكو الرقمية.,ساعتي . كانت ساعة سيكو رقمية .,ساعتي كانت نوعية سايكو الرقمية .
38825,بدي شوية خيوط.,أريد بعض الخيط .,أريد بعض الخوط .
3714,هو كل واحد المفروض يدفع المشاريب بتاعته؟,هل سيحاسب كل واحد منا على مشروباته منفردا ؟,هل يمكن أن يدفع كل واحدة على دفعها ؟
35180,سمعت ان السل منتشر هناك.,أسمع أن مرض السل شائع هناك .,سمعت أن السل منتشر هناك .
18826,ماني أكيد إزا هالتنورة بتجي عخصري.,لست متأكدا ما إذا كان مقاس هذه الجيبة مناسبا في منطقة الوسط .,لا أظن أن هذه التنورة تكون على خصري .
41760,أنا بعتذر، بس هوي بمقابلة هلأ .,أنا آسف ، لكنه في اجتماع الآن .,آسف ، لكنه يمكنني أن أمقابله الآن .
46308,عنجد تسليت و أنا معك .,أنا شعرت بالسعادة حقيقة وأنا معك .,لقد تسليت وأنا معك .
21992,شهالحفلة العجيبة. عجبتك؟,يا لها من حفلة عظيمة . هل أعجبتك ؟,ما هي الحفلة العجيبة . هل عجبتك ؟
6923,ممكن توريني الساعة ديه؟,هلاّ أريتني تلك الساعة ؟,هل يمكنك أن تريني الساعة الآن ؟
37849,كنت عايز الشكل ده في وضع خمس اماكن.,أريد هذا الطراز لخمسة أماكن مرصعة .,أريد هذا الشكل في وضع خمس أماكن .
12058,بحتاج كنزة؟,هل سأحتاج إلى سويتر ؟,هل تحتاج إلى بعض الملابس ؟
43912,عندك موستنق؟,هل لديك سيارة من طراز ستانج ؟,هل لديك موسيقي ؟
44119,نفضل مائدة بجوار النافذة .,نفضل مائدة بجوار النافذة .,نفضل مائدة بجوار النافذة .
5158,هذه هديه لصديق .,هذه هديه لصديق .,هذه هديه لصديق .
47308,أجل . أريد شراء بعض التذكارات . هل لك أن ترشح لي شيئاُ نموذجياُ ؟,أجل . أريد شراء بعض التذكارات . هل لك أن ترشح لي شيئاُ نموذجياُ ؟,أجل . أريد شراء بعض التذكارات . هل لك أن ترشح لي شيئاُ نموذجياُ ؟
11029,لا ألومك على شعورك بالغضب .,لا ألومك على شعورك بالغضب .,لا ألومك على شعورك بالغضب .
11449,أنا أبحث عن حذاء للجري .,أنا أبحث عن حذاء للجري .,أنا أبحث عن حذاء للجري .
34517,اي خط هذي؟,أي خط هذا ؟,ما هو الخط الذي يبدو هذا ؟
29557,مدة الاستراحة نص ساعة. تقدر تاكل شي خفيف في السناك بار في الطابق الأول.,فترة الاستراحة ثلاثين دقيقة . يمكنك أن تأكل وجبة خفيفة في الحانة التي تقدم أطعمة خفيفة بالدور الأول ؟,هذه هي مدة الاستراحة نصف ساعة . يمكنك أن تأكل شيئاً خفيف في السناك في الطابق الأول .
5455,بعتذر . بعد مرة، إذا بتريد .,أنا أسف . مرة أخرى ، من فضلك .,آسف . بعد مرة ، من فضلك .
22587,كام السعر النهاردة؟,ما هو سعر الصرف اليوم ؟,ما هو السعر اليوم ؟
18012,لساتهم مبينين أخضر شوي.,لا تزال تبدو عليهم علامات المرض وشحوبة الوجه .,لقد كانت لديهم بعض الملابس الأخضر .
817,شكراً، بس ابغي افكر فيها.,شكراً ، لكنني أريد أن أمعن التفكير فيها .,شكراً ، لكنني أريد أن أفكر فيها .
1738,اخرد لي هالدولار، لو سمحت.,فك لي هذه الدولار فكة صغيرة ، من فضلك .,سوف أخذ هذا الدولار من فضلك .
41267,شو نوعا هيدي اللحمة؟,أي نوع من اللحوم هذا ؟,ما نوع اللحم هذه ؟
46448,لايق مع بدلتك.,إنه يلائم بزتك .,لايق مع بدلتك .
35526,اديه نسبة التحويل؟,ما هو سعر الصرف ؟,كم تكلفة الحصول على خصم ؟
16861,لا يوجد مخزون ، لكن تم طلبها .,لا يوجد مخزون ، لكن تم طلبها .,لا يوجد مخزون ، لكن تم طلبها .
19761,هل لديك كعك لمرضى السكر ؟,هل لديك كعك لمرضى السكر ؟,هل لديك كعك لمرضى السكر ؟
3419,شلون اروح المحطة؟,كيف أصل إلى المحطة ؟,كيف أذهب إلى المحطة ؟
13943,فول، لو سمحت.,املأ خزان الوقود من فضلك .,زجاجة ، من فضلك .
11153,بخلي يدئلك بس يرجع؟,هل أجعله يعاود الاتصال بك عندما يعود ؟,هل يمكن أن يرجع لك ، لكن هل يرجع ؟
12214,لو مؤاخذة، هو فيه مكتبة قريب من هنا؟,عذراً . هل يوجد محل كتب قريب من هنا ؟,معذرة ، هل يوجد مكتبة قريبة من هنا ؟
15297,ما مدي دقة هذا ؟,ما مدي دقة هذا ؟,ما مدي دقة هذا ؟
16062,سيتعين عليك أن تقدم طلب تأمين إلى مكتب التأمين باليابان .,سيتعين عليك أن تقدم طلب تأمين إلى مكتب التأمين باليابان .,سيتعين عليك أن تقدم طلب تأمين إلى مكتب التأمين باليابان .
46492,إنها ليست بعيدة جدا . يمكن أن نصل هناك في حوالي الساعة العاشرة صباحا .,إنها ليست بعيدة جدا . يمكن أن نصل هناك في حوالي الساعة العاشرة صباحا .,إنها ليست بعيدة جدا . يمكن أن نصل هناك في حوالي الساعة العاشرة صباحا .
42360,المحتويات بساوو شي ميتان دولار.,المحتويات تستحق نحو مائتي دولار .,المحتويات ليست مائتان دولاراً .
16386,دول جعانين .,انهم جوعي .,إنها نادرة .
35535,ممكن .,ربما .,يمكن .
28313,عيلتنا فيا أربع أشخاص، أهلي وإختي الزغيرة وأنا.,معنا أسرة من أربعة أفراد بما فيهم والداي وأختي الصغرى وأنا .,لقد قضينا أربعة أشخاص ، أهلي وأنا .
609,جاكيتتي نتلا مي، نشفلي ياها إذا بتريد.,سترتي مبللة ، لذلك من فضلك جففها .,جاكيتتي نُضطر إلى زجاجة ماء ، من فضلك .
46395,وين اقدر اروح للاجراءات الرسمية؟,أين يمكنني أداء الإجراءات الرسمية ؟,أين يمكنني الذهاب إلى إجراء الإجراءات الرسمية ؟
11321,بدي شامبو ضد القشرة .,أريد مستحضر ضد قشرة الشعر .,أريد شامبو ضد القشرة .
18418,ما تقدرش تديهاني بسعر اقل شوية؟,أليس باستطاعتك أن تعطيها لي مقابل سعر أقل ؟,هل يمكنك أن تقوم بعمل بعض الهدايا على الأقل ؟
24567,هل لديكم كتيب حول العروض ؟,هل لديكم كتيب حول العروض ؟,هل لديكم كتيب حول العروض ؟
20314,إيه الفرق بين الفنادق دى؟,ما هي الفوارق بين هذه الفنادق ؟,ما هي الفرق بين هذه الفنادق ؟
46174,فيك تخليلي شنطاتي للساعة أربعة؟,هل يمكنك أن تحتفظ بأمتعتي حتى الرابعة تماماً ؟,هل يمكنك أن تملأ حقيبتي في الساعة الرابعة ؟
27363,حابب أخد ديه معايا .,أود أن أخذ هذه معي .,أود أن أخذ هذه معنا .
20898,"مساء الخير , هل لديك أي موائد مفتوحة لشخصين ؟","مساء الخير , هل لديك أي موائد مفتوحة لشخصين ؟","مساء الخير , هل لديك أي موائد مفتوحة لشخصين ؟"
48304,شسويت في اجازة الصيف؟,كيف قضيت إجازات الصيف ؟,هل يمكن أن أقوم بعمل إجازات الصيف ؟
12792,كنت معصب عاللي قالو موظف المبيعات .,أنا كنت غضبان مما قاله موظف البيع .,كنت معصباً لشركة المبيعات .
27989,كلا ، شكراً . أنا نعسان الآن .,كلا ، شكراً . أنا نعسان الآن .,كلا ، شكراً . أنا نعسان الآن .
29624,اوضتي دوشه قوي .,غرفتي شديدة الضوضاء .,غرفتي دوشه للغاية .
35971,هو احنا هنوصل امتى؟,متى سنصل ؟,متى سنصل ؟
30304,ممكن أكلم موظف تليفون ياباني؟,هل يمكنني أن أتحدث إلى أحد الموظفين اليابانيين المسؤول عن الاتصالات الهاتفية ؟,هل يمكنني الاتصال بمدير تليفون ياباني ؟
5227,وين نشأت هذه اسماك الفراشة؟,أين نشأت سمكات الفراش هذه ؟,أين نشأت هذه الأسماك الفراش ؟
33296,بقدر أوظف مرشد بيحكي ياباني؟,هل يمكنني استئجار مرشداً يتحدث اللغة اليابانية ؟,هل يمكنني أن أجد مرشد يتحدث اليابانية ؟
36808,ابغي هذي.,أريد هذه .,أريد هذا .
47983,فين بوابه رحلة اتناشر اللي اللي رايحة واشنطن؟,أي بوابة تؤدي إلى الطائرة رقم اثنا عشر المتجهة إلى واشنطن ؟,أين بوابة رحلة رقم ثمانية عشر التي يمكن أن ترتفع واشنطن ؟
25410,اوكي اخوي. وشنو تبغي الحلو؟,حسناً سيدي . وما الحلو الذي تريد أن تختم به الطعام ؟,حسناً ، يا سيدي . ماذا تريد أن تفعل ؟
11264,لا أفهم شرحك .,لا أفهم شرحك .,لا أفهم شرحك .
35161,مبسوط إني قابلتك، أنا كمان، بوبي. تحب تيجي تعوم معانا؟,سررت بلقائك أيضا يا بوبي . هل تود أن تذهب للسباحة معنا ؟,أنا آسف لأنني قابلتك ، أنا أيضاً ، بوبي . هل تريد أن تحضر معي ؟
460,كان فيني دوار الجو، بس الحين احس اني احسن.,"أعاني من دوار الجو , لكن أشعر أنني أتحسن .",كان لدي دوار الجو ، لكنني أشعر بأني أفضل .
36161,الساعة خمسة ونص. معك نص ساعة تا تروح.,الساعة الآن الخامسة النصف . أمامك ثلاثون دقيقة للرحيل .,الساعة الخامسة والنصف . لديك نصف ساعة لذهاب .
14128,ممكن تسوي حجز لتاكي الساعة ستة الصباح، لو سمحت؟,"هلا حجزت لي تاكسي الساعة السادسة صباح غد , من فضلك ؟",هل يمكنك أن تقوم بالحجز في الساعة السادسة صباحاً ، من فضلك ؟
28519,اوه، انا مش متأكد اني موافق على طرية التفكير ديه .,أوه ، لست متيقناً من موافقتي على هذا النمط من التفكير .,أوه ، لا أعلم أنني لا أوافق على طرية التفكير هذه .
21206,بالتأكيد. خلني اشوف. أتوقع تعور من مهرجان.,بالتأكيد . دعني أراها . أظن أن المرجان جرحك .,بالتأكيد . دعني أرى . أعتقد أنني أستطيع أن أرى .
18083,فى جولة أتوبيس للمدينة؟,هل هناك جولة بالحافلة تجوب المدينة ؟,هل هناك جولة حافلة إلى مدينة ؟
31632,لاي وقت متأخر بقدر أستعمل مطعم الأوتيل؟,إلى متي يظل مطعم الفندق متاحا للاستخدام من قبلي ؟,هل يمكنني أن أستعمل مطعم الفندق ؟
9538,بكون في الفندق الليلة على العشر ونص.,سأصل الفندق في حوالي الساعة العاشرة والنصف مساءاً .,سأكون في الفندق الليلة على الساعة العاشرة والنصف .
1253,طبعا . حأديلك كارت الشغل بتاعي .,بالطبع . سوف أعطيك بطاقة العمل الخاص بنا .,طبعاً . سأبدلك بطاقة الأعمال .
23239,هالمدينة فيها واجد مساحات خضرة.,هذه المدينة حافلة بالمساحات الخضراء .,هذه المدينة كثيرة من مساحات خضراء .
12400,انا باروح الحمام كل عشر دقايق.,أذهب إلى الحمام كل عشرة دقائق .,سأذهب إلى الحمام كل عشر دقائق .
20712,أذكر أنني التقطت صورة في المطعم حيث تناولنا الغداء .,أذكر أنني التقطت صورة في المطعم حيث تناولنا الغداء .,أذكر أنني التقطت صورة في المطعم حيث تناولنا الغداء .
3519,في مطعم صيني قريب من هون؟,هل يوجد بالقرب من هنا مطعم صيني ؟,هل يوجد مطعم صيني بالقرب من هنا ؟
9376,أحب موسيقي الجاز .,أحب موسيقي الجاز .,أحب موسيقي الجاز .
49256,أيش تنادو الشي داك بالإنجليزي؟,ماذا تسمون هذا بالإنجليزية ؟,ماذا تفضل هذا الشيك بالإنجليزية ؟
39506,وين الجامعة؟,أين الجامعة ؟,أين الجامعة ؟
41285,اي بوابة رحلة تناعش عواشنطن؟  ؟,أي بوابة تؤدي إلى الطائرة رقم اثنا عشر المتجهة إلى واشنطن ؟,أي بوابة رحلة رقم ثمانية إلى واشنطن ؟
23198,في قواعد خاصة؟,هل هناك أي قواعد خاصة ؟,هل هناك قواعد خاصة ؟
7785,ممكن أفتش؟,هل أستطيع المرور ؟,هل يمكن أن أقوم بعمل ذلك ؟
46468,هي الجولة دي بتشمل زيارة لبرج سيرز؟,هل تشمل هذه الرحلة زيارة لبرج سيرز ؟,هل هذه الجولة تضم زيارة لبرج سيرز ؟
9447,كم سيستغرق إصدار التأشيرة لي ؟,كم سيستغرق إصدار التأشيرة لي ؟,كم سيستغرق إصدار التأشيرة لي ؟
50052,إزا بتريد عطيني رأيك الصريح بهيدا.,من فضلك أعطني رأيك بصراحة في هذا .,من فضلك أعطني رأيك في هذا الصريح .
24528,حد نشل محفظتي مني .,شخص ما انتزع حافظة نقودي مني .,لقد نُرسل مني محفظتي .
17520,اكيد، أركب أوتوبيس رقم خمسة من عند فندق رويال و إنزل عند داونتاون سكوير.,بالتأكيد ، استقل الحافلة رقم خمسة من فندق رويال وانزل في ميدان داون تاون .,بالتأكيد ، أركب حافلة رقم خمسة من عند فندق رويال وانعطف عند داونتون سكوير .
2135,ممكن تبدلهالي؟,هل ستبدلها ؟,هل يمكنك أن تقوم بعملها ؟
28705,إي. أي نوع صوص بدك عالسلطة؟,اجل . وما هو نوع خلطة السلطة .,نعم . أي نوع من الملابس التي تريد في السلطة ؟
43739,أنا رايح شيكاغو، كمان.,سأذهب إلى شيكاغو أيضاً .,أنا ذاهب إلى شيكاغو ، أيضاً .
15805,بدك قلم حبر او رصاص؟,هل تحتاج قلم حبر ، أو قلم رصاص ؟,هل تريد قلم حبر أم رصاص ؟
42861,هو مفيش غلط في الفاتورة كدة؟,أليس ثمة خطا في الفاتورة ؟,هل هذا خطأ في الفاتورة ؟
11429,اكيد. هذي ثلاث قطع مع بعض؟ بنخليهم حقك.,بكل تأكيد . عددها جميعا حوالي ثلاث قطع ؟ سوف نحجزها لك .,بالتأكيد . هل هذه ثلاثة قطع مع بعضنا ؟ سنقوم بذلك .
34363,مش عايز الكبيرة .,لا أريد واحدة ضخمة .,لا أريد الكبيرة .
501,عايز عربية لعبة .,أرغب في سيارة لعبة .,أريد عربة لعبة .
47995,عايز فول سوداني، من فضلك .,أريد بعضاً من السوداني ، من فضلك .,أريد بعضاً من فول سوداني ، من فضلك .
48992,أريد مياه معدنية .,أريد مياه معدنية .,أريد مياه معدنية .
20410,إذا كان فقط خمسة عشر دقيقة من المحطة، انا بمشي.,لو إن المسافة خمسة عشرة دقيقة فقط من المحطة ، إذن سأمشيها .,إذا كان هناك خمسة عشر دقيقة من المحطة ، سأمشيها .
37948,شو نوع الوجع؟,ما هو نوع الالم ؟,ما نوع الوجع ؟
2132,إنه في هذا الطريق في اتجاه الشاطئ .,إنه في هذا الطريق في اتجاه الشاطئ .,إنه في هذا الطريق في اتجاه الشاطئ .
34559,ممكن اخلي هالبطاقة عندي؟,هل يمكنني الاحتفاظ ببطاقة المفتاح هذه ؟,هل يمكن أن أترك هذه البطاقة ؟
2541,هم واجد قويين؟,هل هم أقوياء جدا ؟,هل هذا جيد ؟
31628,واو، شكرًا كتير.,يا ، شكراً جزيلاً .,أوه ، شكراً جزيلاً .
11960,فيه اى بريد ليا؟,هل هناك أي بريد لي ؟,هل يوجد أي بريد لي ؟
42015,عندك أي أشكال تانية؟,هل لديك أي طراز آخر ؟,هل لديك أي أشكال أخرى ؟
45462,هل لك أن تخبرني عن طريقة استخدام ساعة الحائط ؟,هل لك أن تخبرني عن طريقة استخدام ساعة الحائط ؟,هل لك أن تخبرني عن طريقة استخدام ساعة الحائط ؟
12848,بتعرف زوق رفيقك بالتياب؟,هل تعرف ذوق صديقك في الملابس ؟,هل تعرف زجاجة صديقك في اليابانية ؟
20755,مش عمبقدر شغل المكيف .,لا أستطيع تشغيل التكييف .,لا أستطيع استخدام المكيف .
42295,زفير. عنا بروش واحد من هالنوع، وواحد من القطع المفضلة عندي. حتجربيه؟,إنه ياقوت . لدينا بروش واحد فقط من هذا النوع وهو أحد مصوغاتي المفضّلة . هلا جربت أن ترتديه ؟,حسناً . لدينا واحدة من هذا النوع وواحد من القطع المفضلة لدي . هل يمكنك أن تجربها ؟
17031,فى دكتور فندق او واحد على اتصال؟,هل هناك طبيب للفندق أو واحد على صلة بالفندق .,هل يوجد طبيب فندق أم واحد على اتصال ؟
39647,أود أن أذهب للساونا .,أود أن أذهب للساونا .,أود أن أذهب للساونا .
22248,دي الساعة واحدة.,الساعة الآن الواحدة .,هذه الساعة الواحدة .
25686,مسامحة، ما نسمح بالجينز والفانيلة.,آسف ، لا نسمح بارتداء الجينز والتشيرتات .,آسف ، لا نسمح بالجينز والفانيلة .
43184,طلب الحضور للأوضة غالي. لو سمحت استخدم غرفة التدليك في الفندق.,الزيارات الطبية المنزلية للغرفة مرتفعة الثمن . من فضلك استخدم غرفة الكشف بالفندق .,طلب الحضور للأغرفة غالي جداً . من فضلك استخدم غرفة التدليك في الفندق .
7340,ماذا ؟ آه ، أكيد . لم تؤخذ .,ماذا ؟ آه ، أكيد . لم تؤخذ .,ماذا ؟ آه ، أكيد . لم تؤخذ .
9693,اي، مفتوح للعموم.,نعم ، إنه مفتوح للجمهور ؟,نعم ، إنها مفتوحة للعموم .
37463,هل يمكنني النزول من السيارة في بوسطن ؟,هل يمكنني النزول من السيارة في بوسطن ؟,هل يمكنني النزول من السيارة في بوسطن ؟
17863,أوو ، ساعة تقريباً . هذا بعيد بعض الشيء .,أوو ، ساعة تقريباً . هذا بعيد بعض الشيء .,أوو ، ساعة تقريباً . هذا بعيد بعض الشيء .
8474,شو بتنصحني بتزكار من فرنسا؟,ما الذي تقترح أخذه كتذكار من فرنسا ؟,ماذا تفضلني في زكار من فرنسا ؟
23337,اي، نقدر نخدمك من السبع.,"أجل , يمكننا القيام بخدمتك بداية من السابعة .",نعم ، يمكننا أن نحضرك من السابع .
33105,فى حد فتح الطرد بتاعى.,شخص ما فتح الطرد الخاص بي .,هناك فتح الطرد الخاص بي .
2174,نريد ركناً هادئاً ، إن أمكن .,نريد ركناً هادئاً ، إن أمكن .,نريد ركناً هادئاً ، إن أمكن .
18828,التهب الجرح .,الجرح أصبح ملتهبا .,التهب الجرح .
46779,بدي اتصال لفيق .,أبغي اتصالاً للاستيقاظ .,أريد اتصال لفيق .
43412,ممكن الماستر كارد ؟,ممكن الماستر كارد ؟,هل يمكن أن أجد الماستر كارد ؟
32462,التوى مفتاح البطاقة . هل أعطيتني واحد آخر من فضلك ؟,التوى مفتاح البطاقة . هل أعطيتني واحد آخر من فضلك ؟,التوى مفتاح البطاقة . هل أعطيتني واحد آخر من فضلك ؟
9928,مو واجد.,ليس كثيراً جدا .,ليس هذا كثيراً .
39552,ممكن أستخدم فلاش؟,هل يمكنني استخدام إِشارة ضوئية ؟,هل يمكنني استخدام فلاش ؟
42755,حسنا ، أعتقد أنه من الأفضل أن أغادر الآن .,حسنا ، أعتقد أنه من الأفضل أن أغادر الآن .,حسنا ، أعتقد أنه من الأفضل أن أغادر الآن .
33364,فيني زكام.,عندي نزلة برد .,أنا زجاجة .
33052,تكت رجعة، إذا بتريد .,"تذكرة عودة , من فضلك .",تذكرة عودة ، من فضلك .
46859,أه. اسمك و رقم غرفتك، لو سمحت.,"أجل . اسمك ورقم غرفتك , من فضلك .",أجل . اسمك ورقم غرفتك ، من فضلك .
6529,تقدم للأمام اتجه يمنياً عند الناصية الثالثة .,تقدم للأمام اتجه يمنياً عند الناصية الثالثة .,تقدم للأمام اتجه يمنياً عند الناصية الثالثة .
17554,سيكون هناك تأخير بسيط .,سيكون هناك تأخير بسيط .,سيكون هناك تأخير بسيط .
33433,إلى الفندق من فضلك .,إلى الفندق من فضلك .,إلى الفندق من فضلك .
7339,شوية حلويات أو لبان، لو سمحت.,بعض الحلوي أو اللبان ، من فضلك .,بعض الحلويات أو الحلويات ، من فضلك .
40897,اوه. غريبة اشوفك هني.,آه . كم كنت مشتاق لرؤيتك هنا .,أوه . أنا آسف لمشاهدة هذا المكان .
43019,مقاس مظبوط، لو سمحت.,المقاس العادي من فضلك .,مقاس رائع ، من فضلك .
15176,عندك هدية منيحة لزوجي؟,هل عندك هدية جميلة لزوجي ؟,هل لديك هدية مناسبة لزوجي ؟
34562,كيف بقدر أوصل عأوتيل واني؟,كيف يمكنني الوصول إلى فندق واني ؟,كيف يمكنني الوصول إلى فندق واني ؟
18053,ممكن تصدر لي تذكرة ثانية بس حق رسوم المناولة؟,هل يمكنك إعادة إصدار تذكرة أخرى لرسوم الشحن فقط ؟,هل يمكنك أن تصدر لي تذكرة أخرى لرسم المناولة ؟
50731,اسمي إيليزابيث.,اسمي إليزابيث .,اسمي إيليزابيث .
11239,هل هناك مكان ما يمكنني أن أجري منه مكالمة هاتفية ؟,هل هناك مكان ما يمكنني أن أجري منه مكالمة هاتفية ؟,هل هناك مكان ما يمكنني أن أجري منه مكالمة هاتفية ؟
16503,تركت المفتاح بالأوضة. بقدر إستعير نسخة عن المفتاح، إزا بتريد؟,لقد تركت مفتاح الغرفة داخلها . هل لي أن استعير النسخة المطابقة من المفتاح من فضلك ؟,لقد تركت المفتاح في الغرفة . هل يمكنني أن أستعير نسخة من المفتاح ، من فضلك ؟
31729,تعرف المطعم، كويويا؟,هل تعرف المطعم يا كيويا ؟,هل تعرف المطعم ، حسناً ؟
25422,انت واجد طيب. ما كنت اعرف شاسوي.,أنت طيب للغاية . لم أكن أعرف ماذا أفعل .,أنت طيب للغاية . لم أعرف ماذا أفعل .
7821,أخدت قلم؟,هل لديك قلم ؟,هل رأيت قلماً ؟
24543,قديش بتاخد وقت مشي؟,كم تستغرق مشياً على الأقدام ؟,كم تستغرق وقتاً للوصول ؟
21848,بدي ميزان حرارة.,أريد ترمومتر .,أريد ميزان حرارة .
38172,لأ، انا خأخده خلال اقامتي.,لا ، سوف أخذها خلال فترة إقامتي .,لا ، سأأخذه خلال الإقامة .
45266,متى سيأتي الطبيب ؟,متى سيأتي الطبيب ؟,متى سيأتي الطبيب ؟
22238,أبا غلاية.,أريد غلاية .,أريد غلاية .
9073,متى تسكر؟,متى تغلقون ؟,متى تسكر ؟
17233,عايز أرتب سريري.,أريد الذهاب للنوم مباشرة .,أريد أن أرتب سريري .
19625,المقاس العادي من فضلك .,المقاس العادي من فضلك .,المقاس العادي من فضلك .
35172,هذي عايلتي.,هذه عائلتي .,هذا على وجه الطريق .
44667,باللهي جبلي تلاتة اتنين ستة تسعة واحد تمانية.,من فضلك اتصل لي برقم ثلاثة اثنان ستة اثنان تسعة واحد ثمانية .,أنا أحضر لي ثلاثة اثنان ستة تسعة واحد ثمانية .
38447,كنيش، لو سمحت.,"مجعد , من فضلك .",هذا ، من فضلك .
16618,أقف عند التقاطع اللى جاى.,توقف عند التقاطع القادم .,أقف عند التقاطع التالي .
35486,أنا سآخذ شريحة لحم بقري من الخصر ، ولحم حَمَل مشوياً لزوجتي .,أنا سآخذ شريحة لحم بقري من الخصر ، ولحم حَمَل مشوياً لزوجتي .,أنا سآخذ شريحة لحم بقري من الخصر ، ولحم حَمَل مشوياً لزوجتي .
30097,هو ممكن أستخدم فلاش؟,هل يمكنني استخدام إِشارة ضوئية ؟,هل يمكنني استخدام فلاش ؟
20679,هذه هدية ، لذا غلفها من فضلك .,هذه هدية ، لذا غلفها من فضلك .,هذه هدية ، لذا غلفها من فضلك .
39258,هو جاي.,إنها قادمة .,إنه جاهزا .
7976,ما تظن اني بحتاج دليل؟,ألا تعتقد أنني سأكون في حاجة إلى دليل ؟,هل يمكنك أن تحضر دليل ؟
44502,أتمنى إنك تيجي تاني.,أتمنى أن تأتى مرة أخرى .,أتمنى أن تحضر ثانية .
36271,كم من الوقت ستقضي هنا ؟,كم من الوقت ستقضي هنا ؟,كم من الوقت ستقضي هنا ؟
15726,الفاتورة ديه شاملة رسوم الخدمة؟,هل الفاتورة تشمل رسم الخدمة ؟,هل هذه الفاتورة شاملة رسوم الخدمة ؟
45769,تبغي تروح معاي نتسوق الظهر؟,هل تريد أن تذهب للتسوق معي بعد الظهر ؟,هل تريد أن تذهب معي للتسوق الظهر ؟
21640,من فضلك ازقر سيارة إسعاف.,من فضلك استدع سيارة إسعاف .,من فضلك استدع سيارة إسعاف .
21538,مقاس الوسط كبير جداً . هل يوجد لديكم مقاس أصغر من ذلك ؟,مقاس الوسط كبير جداً . هل يوجد لديكم مقاس أصغر من ذلك ؟,مقاس الوسط كبير جداً . هل يوجد لديكم مقاس أصغر من ذلك ؟
38020,أريد المغادرة الساعة الثامنة . هل أخبرتني ما المبلغ المستحق علي ؟,أريد المغادرة الساعة الثامنة . هل أخبرتني ما المبلغ المستحق علي ؟,أريد المغادرة الساعة الثامنة . هل أخبرتني ما المبلغ المستحق علي ؟
37076,ايه أسم الجنينة العامة ديه؟,ما اسم هذه المحمية ؟,ما هو اسم الجنينة العامة ؟
46856,بالتأكيد . تي إيه إن إيه كيه إيه . رقم البطاقة هو واحد اثنان ثلاثة أربعة خمسة ستة سبعة ثمانية . وستنتهي صلاحيته في شهر سبتمبر سنة ألفين وواحد .,بالتأكيد . تي إيه إن إيه كيه إيه . رقم البطاقة هو واحد اثنان ثلاثة أربعة خمسة ستة سبعة ثمانية . وستنتهي صلاحيته في شهر سبتمبر سنة ألفين وواحد .,بالتأكيد . تي إيه إن إيه كيه إيه . رقم البطاقة هو واحد اثنان ثلاثة أربعة خمسة ستة سبعة ثمانية . وستنتهي صلاحيته في شهر سبتمبر سنة سنة .
8113,فلفل ، من فضلك .,فلفل ، من فضلك .,فلفل ، من فضلك .
14871,انا مش معايا شهادة.,لستُ معتمداً قانونياً .,ليس لدي شهادة .
381,رح ينعمل الجمعة بيوم تلاتة و عشرين .,سيعقد يوم الجمعة الثالث والعشرون .,سأقوم بعمل الجمعة في الثالث والعشرين .
11900,"بغيت تذكرة روحة ورجعة حق ""إس"" ستيشن، لو سمحت.","أنا أريد تذكرة ذهاب وعودة إلى محطة "" س "" من فضلك .","أريد تذكرة ذهاب وعودة إلى "" س "" ستيشن "" ، من فضلك ."
12426,لا، احنا بعد نقبل الطلبات اللي تقدمها.,"لا , نحن أيضا نقبل الطلبات التي ترغب فيها .",لا ، نحن نقوم بعمل طلبات التي تقدمها .
19176,السواقة كانت جميلة لينا . نشكرك .,استمتعنا بجولة لطيفة بالسيارة . شكراً لك .,كانت السواقة جميلة لنا . شكراً لك .
21934,ما عم بقدر ابرم المفتاح بقفل بابي .,لا أستطيع إدارة المفتاح في قفل بابي .,لا أستطيع أن أجد المفتاح في نافذة .
28571,قريت اى كتب كويسه قريب؟,هل قرأت أية كتب جيدة حديثاً ؟,هل قرأت أي كتب جيدة قريباً ؟
29603,تقدر تقترح واين مو غالي؟,هل يمكنك تزكية نوع رخيص من الخمور ؟,هل يمكنك أن تطلب بعض الأقراص الغالية ؟
19780,ده بعيد اوي . انا محتاج ركوبة .,إنها بعيدة للغاية . أريد وسيلة مواصلات .,إنه بعيد جداً . أنا أحتاج إلى ركوب ركوب .
10460,أخبرني عندما نصل إلى المتحف .,أخبرني عندما نصل إلى المتحف .,أخبرني عندما نصل إلى المتحف .
27479,استسلم.,ارفعوا أيديكم .,شكراً .
1576,حجزت عالرحلة خمسة اللي رايحة سياتل بكرة .,أنا حاجز على رحلة رقم خمسة المتجهة إلى سياتل غداً .,لقد حجزت لرحلة رقم خمسة التي يذهب إلى سياتل غداً .
31620,صندوق الأمانات، لو سمحت.,"خزينة الودائع , من فضلك .",صندوق الأمانات ، من فضلك .
15507,يصير انتظر هني؟,هل يمكنني أن أنتظر هنا ؟,هل يمكنني أن أنتظر هنا ؟
35446,شو نوع الالعاب البيلعبوا فيا الصبيان الاعمارن خمسة و ستة؟,ما نوع اللعب التي يلعب بها الأطفال في سن الخامسة أو السادسة في إنجلترا ؟,ما نوع الألعاب الخاصة بأطفال الصبيان الصناعية التي لعبتها في الصبيان المتوسط خمسة و ستة ؟
10881,في لي رسايل؟,هل توجد رسائل لي ؟,هل هناك أي رسومات ؟
2982,عنا نظام مترو بأغلبية المدن متل طوكيو .,لدينا أنظمة مترو أنفاق في المدن الكبرى مثل طوكيو .,لدينا نظام مترو في أغلبية المدن مثل طوكيو .
48974,ألعاب نارية يابانية .,ألعاب نارية يابانية .,ألعاب نارية يابانية .
9287,ما حجم هذا البرج ؟,ما حجم هذا البرج ؟,ما حجم هذا البرج ؟
8870,وين المفقودات، إذا بتريد.,أين ، قسم المفقودات من فضلك .,أين المفقودات ، من فضلك .
43903,بحب غويا . متحمس شوفن .,أنا أحب جويا . أنا مشتاق لرؤيتهم .,أحب بعض الغذاء . لقد أغلقت شوفن .
13596,فيك تقلي وين بلاقي خضرا معلبة؟,هل لك أن تخبرني أين يمكنني أن أجد خضراوات معلبة ؟,هل لك أن تخبرني أين يمكنني أن أجد خضراوات معلبة ؟
14956,شو اسم هيديك النبتة؟,ما اسم هذا النبات ؟,ما اسم هذه النبتة ؟
36503,معدتي ااحسها ثقيلة.,معدتي ثقيلة .,معدتي ثقيلة .
24197,غرفة مفردة من فضلك .,غرفة مفردة من فضلك .,غرفة مفردة من فضلك .
21166,للأسف الكمام كتير طوال .,أخشى أن الأكمام أطول من اللازم .,أخشى أن الكمام طويل جداً .
22962,هو يدري اني هني؟,هل يعرف أنني هنا ؟,هل يمكن أن أخبرني عندما يكون هنا ؟
2868,أين أقرب مكتبة ؟,أين أقرب مكتبة ؟,أين أقرب مكتبة ؟
35366,أديش السعر بالشهر؟,كم تتقاضى في الشهر ؟,كم تكلفة الحساب في شهر ؟
7801,بيفتحوا البنوك السبت؟,هل المصارف مفتوحة يوم السبت ؟,هل يفتح البنوك السبت ؟
22845,اي، عادي. كم الرسوم الاضافية اذا ورا وجدام؟,نعم ، سيكون هذا مناسبا . كم يبلغ الرسم الزائد للنسخ المضاعفة ؟,نعم ، هذا صحيح . كم تكلفة الحساب إذا كان ثمنه ؟
45302,رجلي اتأذت .,قدمي تؤلمني .,لقد استأذت رجلي .
10239,في حالة السلع المعفاة من الرسوم ، أعبر عبر طاولة التفتيش ذات الضوء الأخضر .,في حالة السلع المعفاة من الرسوم ، أعبر عبر طاولة التفتيش ذات الضوء الأخضر .,في حالة السلع المعفاة من الرسوم ، أعبر عبر طاولة التفتيش ذات الضوء الأخضر .
23201,عايز يكون عندي تأمين .,إنني أحتاج إلى شراء بوليصة تأمين .,أريد تأمين .
14170,كم تكلّف الرحلة إلى برج لندن ؟,كم تكلّف الرحلة إلى برج لندن ؟,كم تكلّف الرحلة إلى برج لندن ؟
19707,هو في الطابق السابع. خذ اللفت اللي في نهاية الممر.,إنه في الدور السابع . خذ المصعد في نهاية البهو .,إنه في الطابق السابع . خذ اللفت الذي في نهاية الممر .
3118,أريد شيئاً خفيفاً .,أريد شيئاً خفيفاً .,أريد شيئاً خفيفاً .
11575,لازم الحق على طيارة لوس انجليس بكرة بداية الصبح.,علي أن ألحق طائرة متجهة للوس أنجليس باكر صباح غد .,يجب أن أقوم بعمل رحلة لوس أنجلوس غداً صباحاً .
19785,أريد أن أرى ذاك الذي في نافذة العرض ، من فضلك .,أريد أن أرى ذاك الذي في نافذة العرض ، من فضلك .,أريد أن أرى ذاك الذي في نافذة العرض ، من فضلك .
7460,هل تعلم اسم تلك المحطة ؟,هل تعلم اسم تلك المحطة ؟,هل تعلم اسم تلك المحطة ؟
47348,بدي بدل عنفس السفرة بس بأربعة أدار.,أريد تحويلها إلى نفس الرحلة . ولكن في الرابع من مارس .,أريد أن أبدل السفرة لكن في أربعة أيام .
9580,كيف الاهل اليابانين بربوا ولادن؟ شديدين مع ولادن؟,كيف يربي الآباء اليابانيون أولادهم ؟ هل هم صارمون مع أطفالهم ؟,كيف يبدو الأطفال اليابانية بربوا ولادن ؟ هل يبدو أنهم على وجه المطالبة مع أطفالهم ؟
6807,كشف بتحسوب رسم الإلغا؟,كيف يمكنك حساب رسوم الإلغاء ؟,هل يمكن أن ترسم رسم الإلغا ؟
39331,وين اقرب مكتب بريد، لو سمحت؟,كيف أستطيع الوصول إلى أقرب مكتب بريد ، من فضلك ؟,أين أقرب مكتب بريد ، من فضلك ؟
42385,أعذرني . احنا سألنا تلات مرات على مشروباتنا .,معذرة ، لقد طلبنا ثلاث مرات لإحضار مشروباتنا .,أعذرني . نحن سألنا ثلاث مرات على مشروباتنا .
37727,بحولك على احد يتكلم انجليزي.,سوف أصلك بشخص يتحدث الإنجليزية .,سوف أتصل بك على شخص يتحدث الإنجليزية .
9006,بريد جوي، من فضلك.,بالبريد الجوي ، من فضلك .,بريد جوي ، من فضلك .
18490,أي ساعة ببلش الترين؟,متى يبدأ القطار ؟,متى يغادر الفندق ؟
12066,معاك تذكرة؟,هل لديك تذكرة ؟,هل لديك تذكرة ؟
16169,هل نستطيع تأجير قاعة ؟,هل نستطيع تأجير قاعة ؟,هل نستطيع تأجير قاعة ؟
34468,عشرين صورة، إزا بتريد.,عشرون طبعة تحميض من فضلك .,عشرون صورة ، من فضلك .
27694,تلت ميات، خمسنتين، و خمس عشرينات، إذا بتريد .,ثلاثة من فئة المائة ، واثنان من فئة الخمسين ، وخمسة من فئة العشرين ، من فضلك .,ثلاثة ميات ، خمسين ، وخمس عشرينات ، من فضلك .
3035,سأعة كتير.,الجو شديد البرودة .,إنني أشعر بألم .
27196,ممكن توريلي الخاتم ده؟,هل يمكن أن تريني هذا الخاتم ؟,هل يمكن أن تريني هذا الخاتم ؟
21837,فيك تحطلي هيدا بصندوق الامانات؟,هل يمكنك إيداع هذا في صندوق الأمانات ؟,هل يمكنك أن تضع هذا في صندوق الأمانات ؟
10104,فيه راكب ثانية هناك يقدر يغير مكانه معاك.,راكب آخر هناك قال انهم يستطيعون أن يبدلوا مقاعدهم معك .,هناك حافلة أخرى يمكن أن يغير مكاناً معك .
19557,فيي شيل هيدا؟,هل يمكنني أن أوضح هذا ؟,هل يمكنني أن أحضر هذا ؟
45570,معذرة . أين مكتب البريد ؟,معذرة . أين مكتب البريد ؟,معذرة . أين مكتب البريد ؟
31669,خليك بعيد عن الشغل لحد التلات، و ماتاكلش كتير .,"لا تذهب إلي العمل حتى الثلاثاء , و لا تأكل كثيرا .",سوف أعيد العمل حتى الثالثة ، ولكن لا تناول بعض الوقت .
30892,قضيت وقت رائع اليوم .,لقد أمضيت وقتاً ممتعاً اليوم .,قضيت وقت رائع اليوم .
28686,الغذاء الرئيسي في اليابان هو الأرز .,الغذاء الرئيسي في اليابان هو الأرز .,الغذاء الرئيسي في اليابان هو الأرز .
39618,اعبر الشارع هناك وامش سيدة لين ما توصل عند التقاطع الثاني. فندق كي يصير ورا التقاطع.,أعبر الشارع هناك وامشي للأمام حتى تأتي إلى التقاطع الثاني . فندق كيه خلف التقاطع .,اعبر الشارع هناك وانعطف مباشرة حتى تصل إلى التقاطع الثاني . فندق كي يمكن أن يصل إلى التقاطع الثاني .
26371,متى أقرب وقت تقدر تجهز فيه الفانيلات؟,كيف تستطيع أن تعد هذه القمصان في زمن بسيط ؟,متى يمكن أن تجهز هذه الفانيلات ؟
20351,أريد أن أسافر بالطائرة فى أقرب وقت ممكن .,أريد أن أسافر بالطائرة فى أقرب وقت ممكن .,أريد أن أسافر بالطائرة فى أقرب وقت ممكن .
44300,تسعين دولار حق تذكرة روحة. كاش او بطاقة؟,تسعون دولاراً لتذكرة الذهاب . نقداً أم بالبطاقة ؟,تسعون دولاراً لتذكرة ذهاب . نقداً أم بطاقة ؟
21178,عندك دوم بيريقنون؟,هل لديكم نبيذ دوم بيرينون ؟,هل لديك بعض الجاكيتات اليابانية ؟
9234,جايي من إيرلندا الشمالية.,أنا من شمال أيرلندة ؟,أنا من إيرلندا الشمالية .
25617,ممكن اشوف البرنامج و لسته الاسعار؟,هل لي أن أرى البرنامج وقائمة الأسعار ؟,هل يمكنني أن أرى البرنامج و لثلاثة الأسعار ؟
277,يعد إزنك ممنوع التدخين.,لغير المدخنين من فضلك .,يبدو أن التدخين ممنوعون .
36437,اوه، اي. عندي. احبه.,نعم . جربت ذلك . وأحبه كثيراً .,أوه ، نعم . لدي . أحبه .
46974,اديه اجار النقال بتكون؟,ما هي أجرة الحمال ؟,كم تكون أجر النقال ؟
6835,من فضلك قوللي مطعم معقول بستايل جميل .,من فضلك . دُلني على مطعم معقول يهيئ جواً جميلا .,من فضلك أخبرني مطعم معقول بالبرد .
4459,هالغرفة واجد صغيرة.,هذه الغرفة صغيرة جداً .,هذه الغرفة صغيرة جداً .
30055,"أنت محق فأنا أعرف , لماذا لا نذهب إلى هناك سوياً ؟","أنت محق فأنا أعرف , لماذا لا نذهب إلى هناك سوياً ؟","أنت محق فأنا أعرف , لماذا لا نذهب إلى هناك سوياً ؟"
6537,بدي إبعت هيدا للغسيل. أمتين رح يكون جاهز؟,أريد أن أرسل هذا إلى المغسلة . متى ستكون جاهزة ؟,أريد أن أرسل هذا إلى الغسيل . متى ستكون جاهزة ؟
29622,سندويش لحمة عخبز راي، و عصير ليمون كبيرة إذا بتريد .,"ساندوتش فخذ الخنزير مع خبز الجاودار , و عصير برتقال كبير , من فضلك ؟",سندويش لحمة على خضراء راي ، و عصير ليمون كبيرة ، من فضلك .
32109,فى مطاعم كتير قريبة من هنا.,هناك مطاعم كثيرة قريبة من هنا .,هناك مطاعم كثيرة بالقرب من هنا .
23823,الساعة تلاتة وربع.,إنها الثالثة والربع .,الساعة الثالثة والنصف .
24871,هل يمكن أن تنزل السرج ، من فضلك ؟,هل يمكن أن تنزل السرج ، من فضلك ؟,هل يمكن أن تنزل السرج ، من فضلك ؟
45598,في كورس مدته أسبوعين؟,هل هناك دورة لمدة أسبوعين ؟,هل يوجد هناك كورس مدته أسبوعين ؟
50890,متل هيدا، إزا بتريد.,"مثل هذه , من فضلك",مثل هذا ، من فضلك .
24987,هالتكسي متوفر؟,هل هذا التاكسي متاح ؟,هل هذه السيارة الأجرة متاحة ؟
21449,السبت غير مناسب لأن علي أن أساعد والدي .,السبت غير مناسب لأن علي أن أساعد والدي .,السبت غير مناسب لأن علي أن أساعد والدي .
3426,بغيت اشتري شناط.,أبغي شراء بعض الحقائب .,أريد شراء بعض الشابات .
22411,لو سمحت اكتب لي رسالة.,من فضلك اكتب لي خطاباً .,من فضلك اكتب لي رسالة .
27226,كلا كنت في عجلة من أمري . ماذا أفعل ؟,كلا كنت في عجلة من أمري . ماذا أفعل ؟,كلا كنت في عجلة من أمري . ماذا أفعل ؟
46365,لو سمحت خلي القمة اطول شوية.,من فضلك اجعل الجزء العلوي أطول قليلاً .,من فضلك ضع القمة أطول قليلاً .
1590,ألن تعيد النظر في شروط الدفع هذه ؟,ألن تعيد النظر في شروط الدفع هذه ؟,ألن تعيد النظر في شروط الدفع هذه ؟
18183,الامانة احسن سياسة .,الأمانة هي السياسة المثلى .,الأمانة أفضل سياسة .
44200,لو سمحت. عايز أعمل أوردر.,معذرة . أريد أن أطلب طلب .,معذرة . أريد أن أقوم بعمل بعض الدروس .
7327,أعيش في شقة اجارها عشرة الاف ين شهريا.,أعيش في شقة إيجارها ثمانون ألف ين في الشهر .,أعيش في شقة لعشرة ألف ين شهريا .
23006,هو انا محتاج تذكرة؟,هل أحتاج تذاكر ؟,هل أحتاج إلى تذكرة ؟
28868,من فضلك أدفع غرامة الغاء حجز الفندق .,من فضلك ادفع رسم إلغاء الحجز في الفندق .,من فضلك أدفع غرامة الغاء حجز الفندق .
50626,ما كان ذنبي.,لم يكن خطئي .,لم يكن هناك ذنبي .
4035,عندي مرض مزمن.,أنا مصاب بمرض مزمن .,لدي مرض مزمن .
2885,شنو ساعات متحف الفن؟,ما هي ساعات عمل متحف الفن ؟,ما هي ساعات متحف الفن ؟
49802,وضعت مثبت شعر اليوم .,وضعت مثبت شعر اليوم .,وضعت مثبت شعر اليوم .
12993,بعد هم غاليين.,هم أيضاً غاليين .,لكنهم غاليين .
22512,وين بقدر أشتري قطعة للميترو؟,من أني يمكنني الحصول على مسكوكة لركوب المترو ؟,أين يمكنني شراء قطعة للمترو ؟
50859,هيدا الحمرة الصغير كتير مهضوم . رح اخدو إذا بتريد .,أحمر الشفاه الصغير هذا فاتن للغاية . سآخذ هذا ، من فضلك .,هذه الحمرة صغيرة جداً . سآخذها ، من فضلك .
45275,مكانين من اللي بعشرة دولار، لو سمحت.,مقعدان من فئة العشر دولارات من فضلك .,مكانين من عشرة دولارات من فضلك .
29395,الطرف التانى على الخط، اتفضل.,حفلتك مقامة الآن . تفضل .,الطرف الآخر على الخط ، أفضل .
34486,ما تلبط زعانفك بالقاع الرملي .,لا تضرب بزعانفك في القاع الرملي .,لا تضع زجاجتك في القاع الرملي .
19090,دعوني أعتني بأمتعتكم .,دعوني أعتني بأمتعتكم .,دعوني أعتني بأمتعتكم .
16228,بأي منطقة الباص بيوقف؟,ما هي البلدة التي ستتوقف عندها الحافلة المرة التالية ؟,أية منطقة الحافلة توقف ؟
46884,معاك انسه كاوازو في أوضة الف ستميه و حداشر .,هذه السيدة كاوازو في غرفة رقم ستة عشر أحدى عشر .,لديكم غرفة كاوازو في غرفة رقم ستة وعشرين .
6365,مش برد؟,أليست باردة ؟,هل هذا برد ؟
36496,بكرة يوم تاني.,الغد يوم آخر .,غداً آخر .
42041,بقدر دخن هون؟,هل يمكن أن أدخن هنا ؟,هل يمكن أن تدخن هنا ؟
34536,الرقم الذي طلبته غير موجود بالخدمة .,الرقم الذي طلبته غير موجود بالخدمة .,الرقم الذي طلبته غير موجود بالخدمة .
38495,أدفع كام لده بالبريد الجوي؟,كم تبلغ التكلفة بالبريد الجوي ؟,كم ثمن دفعه بالبريد الجوي ؟
19876,إنها حقيبة ضخمة من الجلد .,إنها حقيبة ضخمة من الجلد .,إنها حقيبة ضخمة من الجلد .
41816,لو سمحت اكتب عنوان الاتصال بتاعك هنا.,من فضلك سجل عنوان الاتصال بك هنا .,من فضلك اكتب عنوان الاتصال بك هنا .
6736,مساء الخير . أهلا .,مساء الخير . أهلا .,مساء الخير . أهلا .
15614,ممكن تشوف اذا موجود؟,هلا نظرت لتري هل هو هناك ؟,هل يمكنك أن ترى إذا كان هناك ؟
12266,أنا أعرف بالضبط ما تشعر به .,أنا أعرف بالضبط ما تشعر به .,أنا أعرف بالضبط ما تشعر به .
50073,ابغا بعض الحبوب المنومة.,أبغي بعض الأقراص المنومة .,أريد بعض الحبوب المنومة .
47213,أبلغها من فضلك أني أود مقابلتها بعد غد .,أبلغها من فضلك أني أود مقابلتها بعد غد .,أبلغها من فضلك أني أود مقابلتها بعد غد .
40001,المي ما حتسخن منيح .,المياه لن تسخن بما يكفي .,ليس هذا الماء مناسباً .
42542,انا ما اعرفش المبنى ده . بس دية أكيد السكة المظبوطة لحى اوياما .,إنني لا أعرف هذا المبنى ، ولكن هذا هو الطريق الصحيح إلى مقاطعة آوياهما بالتأكيد .,لا أعرف هذا المبنى . ولكن هذه السكة المظبوطة إلى اوياما .
11015,فين فيشة السشوار الكهربي بتاعي؟,أين المقبس لاستخدام مجفف الشعر الكهربائي الخاص بي .,أين هناك صندوق السفر الكهربي ؟
50455,هناك دم في برازي .,هناك دم في برازي .,هناك دم في برازي .
29310,مافيش مشاكل نستعمل ملاعب التنس؟,هل من بأس في استخدام ملاعب التنس ؟,هل لدينا أي مشاكل لاستخدام ملاعب التنس ؟
23127,حصللي حادث مرور .,حدثت لي حادثة مرور .,لقد حصلت على حادث مرور .
16323,لسا ما قررنا.,لم نقرر بعد .,لم أقم منذ فترة قصيرة .
36055,لازم البس كرافات؟,هل علي أن أرتدي رابطة عنق ؟,هل يجب أن أضع بعض الهدايا التذكارية ؟
47378,هدا الباص الصح لوسط البلد؟,أهذه هي الحافلة التي توصل إلى وسط المدينة ؟,هل هذه هي الحافلة الصحية إلى وسط البلد ؟
19652,عند سجاير؟,هل لديك بعض السجائر ؟,هل لديك سجائر ؟
35678,هل لديكم نبيذ أحمر سعة نصف زجاجة ؟,هل لديكم نبيذ أحمر سعة نصف زجاجة ؟,هل لديكم نبيذ أحمر سعة نصف زجاجة ؟
34449,اديني تسع عشرات، خمسايه واحده، اربع وحياد و الباقي قروش .,اعطني تسع عشرات ، خمسة واحدة ، أربعة واحد والباقي فكة .,أعطني تسعة عشرات ، خمسة واحدة ، أربعة وأربعة وأربعة وأربعة وأربعة وأربعة وأربعة وأربعة وأربعة وأربعة وأربعة وأربعة وأربعة وأربعة وأربعة و
15102,عفوا. هل تعرف نيويورك عدل؟,معذرة . هل تعرف نيويورك جيدا ؟,عفواً . هل تعرف نيويورك جيد ؟
28339,كتب الطبخ عالطابق التاني كمان؟,هل كتب الطهي بالطابق الثاني أيضا ؟,هل كتب الطبخ في الطابق الثاني ؟
14314,أنا ، أيضاً . مشينا كثيراً اليوم .,أنا ، أيضاً . مشينا كثيراً اليوم .,أنا ، أيضاً . مشينا كثيراً اليوم .
6072,ممكن توريني البوردينج باس بتاعك، من فضلك؟,هل لك أن تريني بطاقة الصعود للطائرة ، من فضلك ؟,هل يمكن أن تريني رابطة سفرك ، من فضلك ؟
39819,احكيلي وين أحلى نادي ريغي في نيويورك.,دلني على أكثر نوادي موسيقى الريجاي إثارة في نيويورك .,أخبرني أين أفضل نادي ريغي في نيويورك .
24410,شلون الآباء اليابانيين يربون عيالهم؟ يكونون شداد؟,كيف يربي الآباء اليابانيون أولادهم ؟ هل هم صارمون مع أطفالهم ؟,كيف يمكنني أن يربون الآباء اليابانيون ؟ هل يمكن أن يكونوا جاهزين ؟
10743,معظم اليبانيين ياكلون الاخطبوط و الحبار.,معظم اليابانيين يأكلون الأخطبوط والحبار .,يعظم اليبانين يأكلون الأخطبوط والحبار .
19833,ما عندنا متوفر، بس ممكن نطلبه لك.,ليس لدينا منها في المخزن ، يمكننا أن نطلبها لك .,ليس لدينا متاحة ، لكن يمكننا أن نطلبها لك .
19414,ممكن تديني خصم بسيط؟,هل يمكنك أن تقدم لنا قدر قليل من الخصم ؟,هل يمكنك أن تعطيني خصماً بسيط ؟
49325,كم بتدفع على هذي؟,كم تنوى أن تدفع لهذا ؟,كم تدفع على هذا ؟
37281,شنو فرق التوقيت بين طوكيو وهني؟,ما هو فارق التوقيت بين طوكيو وهنا ؟,ما هو فرق التوقيت بين طوكيو وأنا ؟
37413,ممكن اخد نص جزازة؟,هل يمكن أن أخذ نصف إبريق ؟,هل يمكنني أن أخذ نصف جزازة ؟
37882,الأوسمة الثقافية التقديرية بتعطى للفنانين والعلماء فى اليوم دة.,تمنح أوسمة الاستحقاق الثقافي للفنانين والعلماء المتميزين في هذا اليوم .,هذه هي الأوسمة الثقافية التقديرية التي تمنحها للفنانين والعلماء في اليوم .
15962,فعلا مظبوط . دول مريحين جدا .,إنها جيدة . إنها مريحة جدا .,حقاً رائع . إنها مريحة جداً .
13424,أكيد. أنا رايح عمكتب البريد بكل الأحوال .,بالتأكيد . أنا ذاهب بالقرب من مكتب البريد على أي حال .,بالتأكيد . أنا ذاهب إلى مكتب البريد بكل الأحوال .
27645,كيوت الكلب. شنو فصيلته؟,يا لها من كلاب ذكية . من أي فصيلة ؟,لقد اكتشفت الكلب . ما هي فصيلته ؟
12345,بدي روح اتصيد .,أريد الذهاب لصيد السمك .,أريد الذهاب إلى الفندق .
49243,مقاسي سته .,مقاسي ستة .,مقاسي أربعة .
38448,جرسون، ممكن تجيبلي الحساب، من فضلك؟,أيها النادل ، هلا أحضرت لي الفاتورة ، من فضلك ؟,حسنا ، هل يمكنك أن تحضر لي الحساب ، من فضلك ؟
32290,عاوز أأكد الرحلة بتاعتى لشيكاجو يوم سبعتاشر.,أريد أن أعيد التأكيد على رحلتي إلى شيكاغو في السابع عشر .,أريد أن أعيد التأكيد على الرحلة الجوية إلى شيكاغو في السابع عشر .
33232,امتى حيوصل لميلانو؟,متى تصل إلى ميلانو ؟,متى سيصل إلى ميلانو ؟
30319,وين أقرب مطعم من هذا الفندق؟,أين أقرب مطعم لهذا الفندق ؟,أين أقرب مطعم من هذا الفندق ؟
27687,بدي كاس نبيد.,أريد زجاجة من نبيذ شيري الأسباني .,أريد بعضاً من زجاجة النبيذ .
34472,كتير شوب هون، و كتير عتم .,الجو حار جداً هنا ، ومظلم جداً .,هذا جيد هنا ، ولكن كثير جداً .
48101,منيح . إنت؟,حسنا . أنت ؟,حسناً . هل أنت ؟
45641,قدمي توجعني.,قدمي تؤلمني .,قدمي تقديري .
4108,أية ألوان أخرى ؟,أية ألوان أخرى ؟,أية ألوان أخرى ؟
47184,لا، بعدين، لو سمحت.,كلاً . فيما بعد ، من فضلك .,لا ، فيما بعد ، من فضلك .
24626,حط الشنطة هنا، و شنطة السفر في الدولاب، من فضلك .,ضع الحقيبة هناك والحقيبة الكبيرة في الدولاب ، من فضلك .,ضع حقيبة هنا ، وحقيبة السفر في الدولاب ، من فضلك .
47096,أعاني من ارتفاع في درجة الحرارة .,أعاني من ارتفاع في درجة الحرارة .,أعاني من ارتفاع في درجة الحرارة .
48251,مقاعدنا انفصلت.,تم الفصل بين مقاعدنا .,لقد فصلت مقاعدنا .
3593,ممكن تقولي السعر تقريباً قبل ما تبدا تشتغل عليه؟,هل لك أن تقدر التكلفة قبل أن تبدأ العمل فيها ؟,هل لك أن تخبرني عن السعر قبل أن تقوم بعملها ؟
6175,والدي يصاب بالفزع على متن الطائرات .,والدي يصاب بالفزع على متن الطائرات .,والدي يصاب بالفزع على متن الطائرات .
20274,هاهي صورة ضوئية من تذكرتي .,هاهي صورة ضوئية من تذكرتي .,هاهي صورة ضوئية من تذكرتي .
10644,ورني موديلات جديدة، لو سمحت.,أرني الموديلات الجديدة ، من فضلك .,أرني بعض الماركات الجديدة ، من فضلك .
32973,أحد أقفال النوافذ مكسور .,أحد أقفال النوافذ مكسور .,أحد أقفال النوافذ مكسور .
3564,كلاً ، لا يوجد .,كلاً ، لا يوجد .,كلاً ، لا يوجد .
16231,الساعة كم بتقوم بكرة؟,متى تستيقظ غداً ؟,متى تقوم غداً ؟
20663,رسوم الأوتيل بيشمل الفطور؟,هل أجرة الفندق تضم الإفطار ؟,هل يبلغ تكلفة فندقي ثمن الفطور ؟
6497,اي من الجواتي عليهم تخفيض؟,أي من هذه الأحذية للبيع ؟,ما هي الجواتي التي تخفيض ؟
38152,هى الماية هنا ينفع تتشرب؟,هل من المأمون شرب الماء الذي هنا ؟,هل هذا الموعد يمكن أن تقوم بتسخينه ؟
17860,مدير الاوتيل تبعي سيد هيلتون، عطاني اسمو .,مدير فندقي ، السيد هيلتون ، أعطاني اسمه .,مدير الفندق يحضر سيد هيلتون ، لقد وضعت اسمه .
322,رح تبدل شيك دولار ب فرنك فرنسي؟,هل ستحول شيك بالدولار الأمريكي إلى الفرانك الفرنسي ؟,هل ستبدل شيك دولاراً بفرنك فرنسي ؟
24441,لازم نسيب الكاميرا بتاعتنا عند البوابة؟,هل يجب أن نترك كاميراتنا في المدخل ؟,هل يجب أن نأخذ كاميرتنا عند البوابة ؟
4822,فين نقدر نسلم شنطتك لما نستعيدها ؟,إلى أين نوصل حقائبك عندما نسترجعها ؟,أين يمكن أن نُلم حقيبتك عندما نستعيدها ؟
16635,وزني تقريباً مية وخمسين باوند.,وزني حوالي مائة وخمسين رطلاً .,وزني حوالي مائة وخمسين باوند .
28243,أليست المطاعم اليابانية في كيوتو غالية ، بالرغم من ذلك ؟,أليست المطاعم اليابانية في كيوتو غالية ، بالرغم من ذلك ؟,أليست المطاعم اليابانية في كيوتو غالية ، بالرغم من ذلك ؟
3698,هذيلا شكلهم شوي كبير. ممكن اجرب المقاس الأصغر من ذي؟,إنها تبدو كبيرة أكثر مما ينبغي قليلاً . هل بإمكاني أن أجرب الحجم الأصغر التالي ؟,يبدو أن هذا يبدو كبيراً جداً . هل يمكن أن أجرب المقاس الأصغر من هذا ؟
47603,قياسي ستة.,مقاسي ستة .,قياسي ستة .
44178,لو سمحت كلمني على الفندق لما تحصل شناطي.,من فضلك اتصل بي في الفندق عندما تجد حقائبي .,من فضلك اتصل بي على الفندق عندما تصل بي .
21001,لأ، أشكرك. ممكن ناخد كوبايتين مية، لو سمحت؟,لا . شكرا . هل يسعنا الحصول على كوبين من الماء ، من فضلك ؟,لا ، شكراً . هل يمكن أن نأخذ كوبايتين مائتين ، من فضلك ؟
18849,تقدر تجيب لي قهوة؟,ألا تحضر لي بعض القهوة ؟,هل يمكنك أن تحضر لي قهوة ؟
13747,لقد رأينا كثيراً من الأسماك المهاجرة .,لقد رأينا كثيراً من الأسماك المهاجرة .,لقد رأينا كثيراً من الأسماك المهاجرة .
50280,هل هذه السيارة متجهة إلى سيتل ؟,هل هذه السيارة متجهة إلى سيتل ؟,هل هذه السيارة متجهة إلى سيتل ؟
22374,وين المحطة؟,أين الموقف ؟,أين المحطة ؟
48355,فيني زكام.,عندي أنفلونزا .,أنا زجاجة .
16594,عالساحل الشرئي، بتلائي كمان مطارح مشهورة، متل نيويورك، وواشنطن العاصمة وبوسطن.,على الساحل الشرقي ، تجد أيضاً أماكن شهيرة . مثل نيويورك ، واشنطن ، دي دي وبوسطن .,على الساحل الشرئي ، لدينا مطار جيد مثل نيويورك ، واشنطن العاصمة وبوسطن .
18623,تذكرة عوده، من فضلك .,"تذكرة عودة , من فضلك .",تذكرة تذكرة ، من فضلك .
43053,ممكن تحط شناطي في الدبة، لو سمحت؟,هل يمكن أن تضع أمتعتي في صندوق السيارة ، من فضلك ؟,هل يمكنك أن تضع حقائبي في الدبة ، من فضلك ؟
21911,أريد اثنين من الأومليت ، من فضلك .,أريد اثنين من الأومليت ، من فضلك .,أريد اثنين من الأومليت ، من فضلك .
24414,يرجى تراويهم ذاك مع بنود الشراء للجمارك في المطار.,من فضلك أظهرها مع المشتريات في الجمارك في المطار .,يمكنك أن تروى هذا مع بنود الشراء للجمارك في المطار .
36084,في باص مطار لفندق الشيراتون؟,هل يوجد هناك أي أتوبيس من المطار إلى فندق الشيراتون ؟,هل هناك حافلة مطار إلى فندق الشيراتون ؟
12956,بياكلني هنا .,إنها تثير الحكة في هذا الموضع .,سوف أحضرني هنا .
15075,أشد صعوبة من العام الماضي .,أشد صعوبة من العام الماضي .,أشد صعوبة من العام الماضي .
30457,بغيت واين احمر؟,هل لي ببعض النبيذ الأحمر ؟,هل تريد بعض الأحمر ؟
34327,رح يخلص بكرا عشية .,ستكون قد أنجزت بحلول مساء الغد .,سأكون جاهزة غداً .
10941,شو قماشتو؟,ما هذا القماش ؟,ماذا قمت بها ؟
27936,إنها على اليمين هناك .,إنها على اليمين هناك .,إنها على اليمين هناك .
20275,ما تقدر تاخذ هالشناط معاك.,لا يمكنك أن تأخذ هذه الأمتعة معك .,لا يمكنك أن تأخذ هذه الحقائب معك .
48016,قص شعري لحد كتفي . إذا سمحت .,طول كتفك ، من فضلك .,لقد اكتشف شعري حتى كتفي . من فضلك .
42531,بغيت سيارة اوتوماتك مع كمية اميال زينة.,أرغب في سيارة أوتوماتيك قادرة علي قطع مسافات كبيرة .,أريد سيارة أوتوماتك مع بعض الأميال .
32473,تذكر ملأ السيارة بالبنزين قبل أن تعيدها .,تذكر ملأ السيارة بالبنزين قبل أن تعيدها .,تذكر ملأ السيارة بالبنزين قبل أن تعيدها .
26047,نقدر نحصل انواع مختلفة من المنتوجات المستوردة.,نستطيع الحصول على أصناف متعددة من البضائع المستوردة من الماركات المعروفة .,يمكننا الحصول على بعض النواع المختلفة من المنتقدات المستوردة .
19573,إزا بتريد عطيني وصل.,اعطني إيصال من فضلك .,من فضلك أعطني وصلة .
19783,ما دام جيت كل هالمسافة لسافيل رو، لازم اخليهم يسوون لي بدلة.,منذ أن قطعت كل هذا الطريق إلى سافيل رو ، كان علي أن أخيط بذلة .,لا أستطيع أن أحضر هذه المقاعد إلى سانف رو ، لذلك يجب أن أتركهم في هذه الطائرة .
27692,ما عندي فلوس كفاية اليوم.,لا توجد معي نقود كافية اليوم .,لا لدي فلوس كافية اليوم .
44622,لا، ما عنا .,لا ، لا نفعل .,لا ، لا لدينا .
42673,انا كنت مسئول عن الموظفين قبل كده فبهتم مخصوص بالكلام مع الناس .,كنت مسئول عن الأفراد لبعض الوقت ولذلك أنا مهتم بشكل خاص بالتحدث مع الناس .,كنت مسئول عن الموظفين قبل أن أقوم بعمل مخصوصاً مع الناس .
2531,الياكاتا والهابي هما تذكاران يابانيان شعبيان للأجانب .,الياكاتا والهابي هما تذكاران يابانيان شعبيان للأجانب .,الياكاتا والهابي هما تذكاران يابانيان شعبيان للأجانب .
50406,هل لديك أي روايات يابانية ؟,هل لديك أي روايات يابانية ؟,هل لديك أي روايات يابانية ؟
34965,بس ضروري متديش بقشيش.,ولكن لا ضرورة لدفع بقشيش .,لكن ضروري بعض الوقت لأنه يبدو بالغثيان .
47625,أنا ليا الشرف إني أقابل راجل رائع زي حضرتك.,أنني ليشرفني كثيراً أن أقابل رجلاً رائعاً مثلك .,أتمنى لك أن أقابل راجل رائع مثل حضرتك .
33352,مضيع المبيت تبعي.,أنا أفتقد خمري .,أنا مضيع المبيت .
32622,أنا عايز أؤكد إن رئيس مجلس الادارة لشركتنا هايكون حاضر الاجتماع بكرة.,أريد فقط أن أؤكد أن مدير شركتك التنفيذي سوف يحضر اجتماع غدا .,أريد التأكيد على دعوة رئيس مجلس إدارة شركتنا سوف يكون حاضراً غداً .
39277,الإيدين فوق.,ارفعوا أيديكم .,يبدو أن الملابس فوق .
16234,انشالله شي يوم منتلائى مرة تانية.,أتمنى أن نلتقي مرة أخرى ذات يوم .,نود أن يكون يوماً آخر مرة أخرى .
43824,اكيد في البلد ديه انواع فاكهه كتيرة.,بالتأكيد هذا البلد به أكثر من نوع من الفاكهة .,بالتأكيد في هذا البلد نوع من الفاكهة كثيرة .
9186,فيك تاخود هيدا عبوابة الروحة.,بوسعك أخذها عند بوابة المغادرة .,يمكنك أن تأخذ هذه العبابة .
47888,من وين اخذ الباص حق اروح المتحف؟,من أين أستقل الأوتوبيس كى أذهب إلى المتحف ؟,من أين أخذ الحافلة التي أذهب إلى المتحف ؟
7881,فيك تقلي الاسم مرة تانية ؟,هل يمكنك أن تخبرني بالاسم ثانية ؟,هل يمكنك أن تخبرني الاسم مرة أخرى ؟
11812,كل حدا فينا بيحب يدفع عن أكلو.,كلا منا يريد أن يحاسب على وجبته .,يريد أن يدفع كل شخص عن أكلو .
16801,وين اقرب حمام هني، لو سمحت؟,"من فضلك , أين يوجد أقرب غرفة استراحة بالقرب من هنا ؟",أين أقرب حمام هنا ، من فضلك ؟
34946,انزين. نشوفكم على الثنتين يوم الأحد.,حسناً . أراك الساعة الثانية يوم الأحد .,حسناً . نشاهدكم في الثامنة يوم الأحد .
429,لا ، أنا آسف ، لقد بحثت ولكنهم ليسوا هناك .,لا ، أنا آسف ، لقد بحثت ولكنهم ليسوا هناك .,لا ، أنا آسف ، لقد بحثت ولكنهم ليسوا هناك .
5525,ممكن تخلي هالشناط عندك، لو سمحت؟,هلاً حفظت هذه الحقائب من فضلك ؟,هل يمكنك أن تحفظ هذه الحقائب لديك ، من فضلك ؟
2476,أدي الساعة بطوكيو؟,ما الوقت الآن في طوكيو ؟,كم المدة التي ستغادر في طوكيو ؟
32485,في شي محل شامل أريب من هون؟,هل يوجد أي محل متعدد الأقسام قريب من هنا ؟,هل يوجد محل شامل من هنا ؟
9661,هل هذه هي المحطة للأتوبيس المتجهة إلى شيلسي ؟,هل هذه هي المحطة للأتوبيس المتجهة إلى شيلسي ؟,هل هذه هي المحطة للأتوبيس المتجهة إلى شيلسي ؟
7598,أريد القيام بتسجيل الخروج الآن . هل لك أن تنزل أمتعتي ؟,أريد القيام بتسجيل الخروج الآن . هل لك أن تنزل أمتعتي ؟,أريد القيام بتسجيل الخروج الآن . هل لك أن تنزل أمتعتي ؟
6478,عندي وقت واجد.,عندي الكثير من الوقت .,لدي وقت كثير .
29514,أعتقد أن الحجز قد زاد عن العدد .,أعتقد أن الحجز قد زاد عن العدد .,أعتقد أن الحجز قد زاد عن العدد .
26410,فين مكتب أجر-عربية؟,أين مكان تأجير السيارات ؟,أين مكتب استئجار سيارة ؟
21419,ما قادر دوق شي .,لا أستطيع أن أتذوق أي شيء .,لا أستطيع أن أجد شيئاً .
49738,بجرب شربات.,سأجرب بعضاً من الشراب المثلج .,سأرسل شربات .
30463,مش من المحتمل.,غير محتمل بدرجة كبيرة .,لا يناسبني .
25214,أبا نفس الشيء داك، لو سمحت.,أريد نفس الشيء ، من فضلك .,أريد نفس هذا الشيء ، من فضلك .
38876,اعذريني لو انا غلطان، بس مش حضرتك ريبيكا أندرسون؟,"اعذريني لو كنت مخطئا , لكن ألستِ ريبيكا أندرسون ؟",معذرة ، إذا لم أخطأت ، لكن هل حضرتك ريبيكا أندرسون ؟
41137,هل يمكنك تعتني بها من التاسعة صباحا إلى حوالي ثالثة؟,هل يمكن أن تعتني بها من الساعة التاسعة صباحا حتى الثالثة ؟,هل يمكنك أن تعتني بها من التاسعة صباحا إلى حوالي ثالثة ؟
1406,هبدي بيعتبروا كلمة؟,هل هذه تعد كلمة ؟,هل يمكن أن يعتبر كلمة ؟
43366,يالا .,هيا أسرع .,يالا .
12750,كنت عاوز احجز الساعة تلاتة ونص بعد الضهر.,أريد القيام بحجز للساعة الثالثة والنصف ظهراُ .,أريد حجز في الساعة الثالثة والنصف بعد الظهر .
27593,عندك فستؤ؟,هل لديكم فول سوداني ؟,هل لديك بعض السجائر ؟
10824,انا محظوظ اني عرفتك .,إنني محظوظ لمعرفتك .,أنا محظوظ لأنني عرفتك .
3230,توقف عند فندق واني؟,هل تتوقف في فندق واني ؟,هل توقف عند فندق واني ؟
34762,قول، تعرف أى حاجة تستاهل تتشاف قريب من هنا؟,"يا صاح , أتعرف أي مكان يستحق الرؤية قريبا من هنا ؟",حسناً ، هل تعرف أي شيء تستطيع أن تتناول فيه ؟
48283,أشكرك من أعماق قلبي .,أشكرك من أعماق قلبي .,أشكرك من أعماق قلبي .
3401,ولدي طاح.,طفلي تعرض لحادث سقوط .,لدي طاح .
32054,فيي اخد مخدة؟,هل لي أن أطلب وسادة ؟,هل يمكنني أن أخذ بعض الخبز ؟
28709,ابغى غرفة لمشهد جميل.,أريد غرفة بمنظر جميل .,أريد غرفة لمشاهدة المشهد جميل .
20048,وين اقدر احصل كتيب؟,من أين يمكن أن أحصل على كتيب ؟,أين يمكنني أن أجد كتيب ؟
6020,بتحسب غرامة الكنسلة إزاي؟,كيف يمكنك حساب رسوم الإلغاء ؟,كيف تناسب حافظة الكنسلة ؟
23310,إذا بتريد بعتلي هيدا ببريد البحر عاليابان.  .,"من فضلك , أرسل هذا عبر البريد البحري إلى اليابان .",من فضلك أعطني هذا ببريد البحر إلى اليابان .
45398,من أي رصيف يمشي القطار اللي يروح نيويورك؟,من أي رصيف سيغادر القطار المتجهة إلى نيويورك ؟,من أي رصيف يذهب القطار التالي إلى نيويورك ؟
6888,أريد أن أتبين إذا كانوا مختلفين هنا .,أريد أن أتبين إذا كانوا مختلفين هنا .,أريد أن أتبين إذا كانوا مختلفين هنا .
47405,مسامحة، كلهم مأجرين. تبغي تغطية زيادة؟,"آسف , لقد تم تأجيرها جميعا . هل تريد الحصول على تغطية إضافية ؟",آسف ، كلهم مأجرين . هل تريد تغطية أخرى ؟
41385,ممكن تغلفه كهدية، لو سمحت؟,أيمكنك لف الهدية ، من فضلك ؟,هل يمكن أن تغير هذه كهدية ، من فضلك ؟
36418,لا كلش. ان شاء الله يكون زين بكرة، بعد.,على الإطلاق أتمنى أن يكون مناسباً لي في الغد ، كذلك .,لا ، لا . أتمنى أن يكون هذا جيد غداً ، أيضاً .
13062,صار الطبخ المحترف مشهور بهالإيام.,تزداد شعبية الأطعمة التي يتدخل في طهوها الخبراء هذه الأيام .,لقد كانت الطبخ المحترف مشهورة هذه الأيام .
22198,مافي طريقة ثانية للتصرف مع الموقف؟,ألا يوجد أسلوب آخر للتعامل مع الموقف الخطير ؟,هل هناك طريقة أخرى للتصرف مع الموقف ؟
2980,جي-ليه الناس اليابانيين بيتعاملوا بطريقة مش اجتماعية؟,عجباً لم يتصرف اليابانيون على هذا النحو غير الاجتماعي ؟,ماذا عن الناس اليابانيون يعاملون بطريقة غير اجتماعية ؟
24106,ايوه، كل حاجه ممكن تبقى مش غالية في اليابان الايام ديه، لكن أطباق التوفو مش وحشة بحسب مقاييسنا . لو، من الناحية التانية، زرت مطاعم لمستوى اعلى من الاكل الياباني عشان تجرب مطبخ كيوتو، احسنلك تكون جاهز تدفع ميتين دولار للواحد .,"حسنا ، كل شيء يمكن أن يكون غالي الثمن في الياباني المعاصرة ، ولكن أطباق "" توفو "" ليست سيئة جداً بمقاييسنا . وإذا ، من ناحية أخرى ، زرت مطعماً أرقى مستوى على الطراز الياباني لتجربة مطبخ كيوتو ، فالأفضل أن تكون مستعداً لدفع مائتي دولار للشخص الواحد .",نعم ، كل شيء يمكن أن تكون غالية في اليابان هذه الأيام ، لكن أطباق التوفو لا تعمل بحسب مقاييسنا . لو ، من فضلك ، زرت مطاعم لبيع أطباق ذات 
45981,ممكن تضيق البنطلون دا؟,هل يمكنك ترتيب هذه البناطيل ؟,هل يمكن أن تضيق هذا البنطلون ؟
24412,مشغل المكالمات، من فضلك.,اعطني عامل التليفون من فضلك .,موظفو المكالمات ، من فضلك .
39723,ابغي كيرلي خفيف، لو سمحت.,أريد تمويجه ناعمة من فضلك .,أريد بعض الخفيف من فضلك .
10016,معي ستة عشر دولاراً ثمن نوع ممتاز خالي من الرصاص .,معي ستة عشر دولاراً ثمن نوع ممتاز خالي من الرصاص .,معي ستة عشر دولاراً ثمن نوع ممتاز خالي من الرصاص .
30122,عندنا ألوان كتيرة.,لدينا ألوان أخري .,لدينا ألوان كبيرة .
18719,ابغي احجز حق نلعب قولف بكرة الساعة عشر.,أودّ حجز وقت لمباراة جولف الساعة العاشرة غداً .,أريد حجز لللعب في الساعة العاشرة .
17836,أكيد. إمشي على طول وإحود يمين عند الناصية التالتة. هتلاقيه على يمينك.,بالتأكيد . سر في خط مستقيم ثم اتجه يميناُ عند الناصية الثالثة . ستجده على يمينك .,بالتأكيد . اتجه يساراً عند الناصية الثالثة . سوف تجدها على يمينك .
195,مو لازم اكراميات.,ولكن لا ضرورة لدفع بقشيش .,لا يجب أن أجد أمتعة .
28729,عم تمزح، ما هيك؟,إنك تمزح ، أليس كذلك ؟,أنا تمزح ، أليس كذلك ؟
17377,أنا لسة متصل بأستاذ. سميث فى أوضة اتنين زيرو احد، بس مكانش فى رد. ممكن تشوف لو هو لسة قاعد هناك؟,لقد اتصلت بالسيد سميث في غرفة رقم اثنان صفر واحد منذ لحظات ، لكن لم يرد أحد . هل لك أن ترى هل لا يزال يقيم هنا ؟,أنا متصل بالسيد سميث في غرفة اثنان صفر أحد ، لكن مكان ما يبدو أنه يبدو أنه يبدو أنه يبدو أنه يبدو نادرة . هل يمكنك أن ترى إذا كان
2996,خمسة و ثلاثين ساعة، باستثناء ساعة واحدة للغدا . شو بخصوص شركتك باليابان؟,خمس وثلاثون ساعة باستثناء ساعة للغداء . ماذا عن شركتكم في اليابان ؟,خمسة وثلاثين ساعة ، استثناء ساعة واحدة للغد . ماذا عن شركتك في اليابان ؟
34786,ممكن ترسل لي اياه على بداية الشهر الجاي؟,هل سترسلها لي مع بداية الشهر المقبل ؟,هل يمكنك أن ترسل لي ذلك في بداية الشهر القادم ؟
15538,لقد أصيبت إصابة بالغة .,لقد أصيبت إصابة بالغة .,لقد أصيبت إصابة بالغة .
49518,أهلاً مرة أخرى ومرحباً مع أفضل أربعين أغنية أمريكية .,أهلاً مرة أخرى ومرحباً مع أفضل أربعين أغنية أمريكية .,أهلاً مرة أخرى ومرحباً مع أفضل أربعين أغنية أمريكية .
34250,لم أفهم .,لم أفهم .,لم أفهم .
38846,ابغي اشتري هدايا. في محل مناسب قريب من هني؟,أود أن أشتري بعض التذكارات . هل يوجد هنا محل مناسب ؟,أريد شراء هدايا . هل يوجد محل مناسب قريب من هنا ؟
33203,آدى الفلوس للأقلام الحبر. فاتورة بميت دولار.,هذه هي فلوس أقلام الحبر . فاتورة بمائة دولار .,أنا أريد تذكرة ضد الحبر . فاتورة مائتي دولار .
2055,متهيألي حنعمل . اشكرك كتير .,أعتقد أننا سنفعل . شكراً جزيلاً .,أعتقد أننا سنعمل . شكراً جزيلاً .
1584,بغيت كبوس.,أرغب في قبّعة .,أريد كبوس .
45291,فقدت حقيبة يدي .,فقدت حقيبة يدي .,فقدت حقيبة يدي .
17090,لقد اشتريت هذه من لحظة ، ولكن هلاً بدلت هذه بتلك ؟,لقد اشتريت هذه من لحظة ، ولكن هلاً بدلت هذه بتلك ؟,لقد اشتريت هذه من لحظة ، ولكن هلاً بدلت هذه بتلك ؟
3030,معذرة . كيف يمكنني الوصول إلى كنسية يونيون ؟,معذرة . كيف يمكنني الوصول إلى كنسية يونيون ؟,معذرة . كيف يمكنني الوصول إلى كنسية يونيون ؟
18641,لو سمحت كلم لي تكسي. ابغي ارجع الفندق.,من فضلك استدعي لي سيارة أجرة . أريد العودة إلى الفندق .,من فضلك استدعي سيارة أجرة . أريد أن أعود إلى الفندق .
27819,هل لديك أفلام جنسية ؟,هل لديك أفلام جنسية ؟,هل لديك أفلام جنسية ؟
44428,المناشف لازم يكونوا ملفوفين عالرف فوق المغسلة .,يجب لف الفوط على الرف أعلى الحوض .,ينبغي أن يكون المناشف ملفوفين في الرف فوق المغسلة .
10591,ماظن. هالفكرة ممتازة.,لا أظن لك . إنها فكرة عظيمة .,أعتقد . هذه الفكرة ممتازة .
36710,أكيد، إستاذ. إسمك؟,بالتأكيد يا سيدي . ما اسمك ؟,بالتأكيد ، سيدي . اسمك ؟
27154,فيك تمشي. لحاء الإشارات.,بوسعك أن تمشي . ما عليك إلا اتباع الإشارات .,يمكنك أن تمشي . لحاء الإشارات .
46718,حاسس إنى أحسن.,أشعر بتحسن .,أشعر بذلك أفضل .
39090,أريد شيئاً للصداع .,أريد شيئاً للصداع .,أريد شيئاً للصداع .
6948,فيني الم في عيني اليمين.,عندي ألم في عيني اليمنى .,أنا مصاب بالألم في عيني اليمين .
32534,أكيد جدا، روكهيد . انت تحب كده؟,"أمر مؤكد ، إنه "" روك هيد "" ، هل يروق لك ذلك ؟",بالتأكيد ، روكهيد . هل تحب ذلك ؟
18868,حط الفوطة على واحد واكسره بالشاكوش ده.,ضع بشكير المائدة على واحدة و اسحقها بهذه المطرقة .,ضع هذه الفاتورة على واحدة و على هذا الطبق .
36238,أي وقت؟,كم الوقت ؟,ما وقت ؟
3227,ده العنوان الثابت بتاعي.,هذا هو عنوان الإرسال الخاص بي .,هذا هو العنوان الصحيح .
17112,بقدر آخد التايم؟,أريد التايم من فضلك .,هل يمكنني أن أحصل على مائدة ؟
9792,أي رقم باص؟,ما رقم الحافلة ؟,أي رقم الحافلة ؟
49393,ليهما عملناش كل الحاجات ديه، سوا ؟,لماذا لا نقوم بعمل تلك الأشياء كلها معاً ؟,هل لدينا بعض الأشياء التي نفعلها ، أليس كذلك ؟
33403,ممكن تشيل البقعة دي من فضلك؟,من فضلك أزل هذه البقعة .,هل يمكنك أن تحضر هذه الالبقعة من فضلك ؟
3661,ممم، لذيذ. تفضل، ذوق.,لذيذ . خذ قضمة .,حسنا ، لذيذ . تفضل ، ذوق .
6810,لا، حضرتك . بعد الظهر كلو محجوز. لكن بكرا ممكن.,لا يا سيدي . هذه الظهيرة محجوزة بالكامل . ومع ذلك يمكن أن تحجز غدا .,لا ، يا سيدي . هذا الظهر محجوز . لكن غدا يمكن .
10276,هل من الممكن أن تشتري لي تذكرة للأوبرا ؟,هل من الممكن أن تشتري لي تذكرة للأوبرا ؟,هل من الممكن أن تشتري لي تذكرة للأوبرا ؟
49298,ازاي افتح الكبوت؟,كيف أفتح غطاء محرك السيارة ؟,كيف أفتح الكبوت ؟
43957,عندك هذي بس خضره غامجة؟,هل لديكم هذا بلون أخضر داكن ؟,هل لديك هذا خضراوات خضراء ؟
18365,"نعم , إنه هو . ولكن ستضطر إلى الدوران يسارا في إشارة المرور الثالثة وتستمر في ذلك الشارع حتى تصل إلى الطريق رقم ستة وستين .","نعم , إنه هو . ولكن ستضطر إلى الدوران يسارا في إشارة المرور الثالثة وتستمر في ذلك الشارع حتى تصل إلى الطريق رقم ستة وستين .","نعم , إنه هو . ولكن ستضطر إلى الدوران يسارا في إشارة المرور الثالثة وتستمر في ذلك الشارع حتى تصل إلى الطريق رقم ستة وستين ."
44639,يشمل هالسعر الضرايب، ورسوم الخدمة والريوق؟,هل يشمل هذا السعر الضريبة والخدمة والإفطار ؟,هل يشمل هذا السعر الضريب ، ورسم الخدمة والريوق ؟
37551,ممكن تسلفني بعض الأدوات، لو سمحت؟,هل يمكن أن تعيرني بعض الأدوات ، من فضلك ؟,هل يمكن أن تخبرني عن بعض الأدوات ، من فضلك ؟
18453,عازمك على حفلة عيد ميلاد.,أود دعوتك إلى حفلة عيد ميلاد .,أنا أقيم في حفلة عيد ميلاد .
5872,بسوي جيك آوت بكرة الصبح الساعة سبع.,سأغادر في السابعة صباحاً غداً .,سأقوم بعمل جواز سفرك في السابعة صباح الغد .
8161,هيدي خمسة دولار بالظبط. خلي الباقي .,ها هي خمسة دولارات دون أي سنتات . احتفظ بالباقي .,هذا خمسة دولارات بالضبط . خذ الباقي .
29874,من فضلك أحضر الإفطار لغرفتي .,من فضلك أحضر الإفطار لغرفتي .,من فضلك أحضر الإفطار لغرفتي .
50411,ما جبتلي السلطة، مسامحة.,أنت لم تحضري لي سلطتي ، معذرة .,لا أحضر لي السلطة ، أشعر بذلك .
32233,ياخذ اربعين دقيقة تقريباً بالباص.,إنها تستغرق حوالي أربعين دقيقة بالحافلة .,سوف يأخذ أربعين دقيقة في الحافلة .
39363,خذت اي خدمة غير الريوق الصبح؟,هل كان لديك أية خدمات أخرى إلى جانب طعام الإفطار هذا الصباح ؟,هل خذت خدمة غير رخيصة صباحاً ؟
17149,احنا مجموعة مع بعض فالرحلة. فالمرشد معاه تذاكرنا كلنا.,نحن في رحلة جماعية . ولذا يحتفظ مرشد الرحلة بكافة تذاكرنا .,لدينا مجموعة لفردين في رحلة . لذلك يأتي المرشد تذاكرنا كلنا .
33726,ايه، هياه.,نعم ، ها هي ذي .,نعم ، هذا .
47943,بئولو إنو التوفو أصلو من اليابان من شي ألفين سنة لورا.,يقال أن طعام التوفو قد نشأ في الصين منذ نحو ألفى عام .,أظن أن التوفو أصلوا من اليابان من ألفين سنة لورا .
26259,بدي مكواية.,أريد مكواة .,أريد مكواة .
37059,ماحس اني اوكي. عطني دوا لو سمحت.,لا أشعر أنني على ما يرام . من فضلك اعطني بعض الدواء .,أشعر بألم . أعطني دواء من فضلك .
35826,الفاتورة فيها رسوم الخدمة؟,هل الفاتورة تشمل رسم الخدمة ؟,هل توجد رسوم الخدمة ؟
32689,انا منيح. بس فيك تدق لرفيقي؟,أنا بحالة جدية ، لكن هل تمانع في الاتصال بصديق ؟,أنا جيد . لكن هل يمكنك أن تدق على صندوقي ؟
1901,الضو ما بيشتغل .,النور لا يعمل .,ليس هناك مشكلة .
16790,اي، امشي مجمعين. بتحصله على اليمين.,"نعم , سر مسافة مبنيين . ستجدها على يمنيك .",نعم ، اتجه يساراً . سأضعها على اليمين .
45876,عبالي إستأجر سيارة.,أريد استئجار سيارة .,أريد استئجار سيارة .
6194,هالشوربة كتير سخنة.,هذا الحساء ساخن جداً .,هذه البرودة جميلة جداً .
5205,خلاص، ممكن تقولها إني اتصلت بيها، لو سمحت؟ أنا هتصل بيها تاني بعدين.,حسنا ، هل يمكنك أن تخبرها أنني اتصلت ، من فضلك ؟ سأتصل بها مرة أخرى فيما بعد .,حسنا ، هل لك أن تقول لي أنني اتصلت بي ، من فضلك ؟ سأصل بي مرة أخرى بعد ذلك .
14898,الأكل هذي ثقيل على معدتي.,هذا الطعام ثقيل على معدتي .,هذا الطعام ثقيل على معدتي .
50762,فيي أوصل عقاعة الحفل قبل الستة؟,هل بإمكاني الوصول إلى قاعدة الحفلات الموسيقية في الساعة السادسة ؟,هل يمكنني أن أصل إلى عقاعة الحفل قبل الستة ؟
20525,شطبنا فعلا .,لقد نفد منا للتو .,شطننا فعلاً .
2907,تبغيني اتكلم عنه مرة ثانية؟,هل تريد منى أن أجرى عبر هذا ثانية ؟,هل تريد أن أتحدث عنها مرة أخرى ؟
25272,عندك أي أكل صيني؟,هل تقدمون طعاماً يابانيا ؟,هل لديك أي أكل صيني ؟
2854,ثمة عطل ما بالكاشفات الخلفية .,ثمة عطل ما بالكاشفات الخلفية .,ثمة عطل ما بالكاشفات الخلفية .
5718,فيك تجبلي ركوة قهوة؟,هلا أحضرت لي إبريق قهوة ؟,هل يمكنك أن تحضر لي بعض القهوة ؟
15699,بالتأكيد ، يمكنك . ولكن ستكون هناك تكلفة نزول قيمتها خمسون دولارا .,بالتأكيد ، يمكنك . ولكن ستكون هناك تكلفة نزول قيمتها خمسون دولارا .,بالتأكيد ، يمكنك . ولكن ستكون هناك تكلفة نزول قيمتها خمسون دولارا .
9134,في مكان أغير منه فلوس؟,هل هناك أي مكان لتغيير النقود ؟,هل يوجد مكان أغير فيه فلوس ؟
3804,درجة أولى ولا درجة تانية؟,درجة أولى أم ثانية ؟,هل درجة أولى أم درجة أخرى ؟
38072,تفضل. الرصيد في الكيس.,تفضل . الإيصال داخل الحقيبة .,حسناً . رصيد في الكيس .
3104,إلى متي يظل مطعم الفندق متاحا للاستخدام من قبلي ؟,إلى متي يظل مطعم الفندق متاحا للاستخدام من قبلي ؟,إلى متي يظل مطعم الفندق متاحا للاستخدام من قبلي ؟
7220,أنا برأيي غير تيابك ورجاع يا إستاز.,اقترح أن تغير ملابسك ثم تعود يا سيدي .,أريد أن أغير ملابسك ورجاع يا سيدي .
34399,كنت عاوز كيرلى كويس، لو سمحت.,أريد تمويج متقارب لشعري ، من فضلك .,أريد بعضاً من كريم جيد ، من فضلك .
35648,فيرلي أوضتي، لو سمحت . ريحتها مش عاجباني .,بدّلوا غرفتي ، من فضلكم . فهي تنبعث منها رائحة غريبة .,لقد اتصلت بغرفتي ، من فضلك . لقد رأيتها لا تعمل .
19898,تفضل. ممكن توريني بطاقة هويتك او جوازك؟,لو سمحت أرني بطاقة هويتك أو جواز سفرك .,حسناً . هل يمكنك أن تريني بطاقة هويتك أو جواز سفرك ؟
47258,أبغي دجاجاً ، من فضلك .,أبغي دجاجاً ، من فضلك .,أبغي دجاجاً ، من فضلك .
49573,وين الحمال؟,أين الشيال ؟,أين الحمال ؟
40240,بنصحك بهيدا.,أوصي بذلك .,نصحك هنا .
3184,ده شامل الضريبة؟,هل تشمل الضرائب ؟,هل هذا يشمل الضريبة ؟
18379,شو المميز بهالمطعم؟,ما هو الطبق المميز في هذا المطعم ؟,ما هو المميز هذا المطعم ؟
2464,أكيد، حضرتك . بس أيه رأيك في فتاحة؟,بالتأكيد ، يا سيدي ، وماذا عن فاتح الشهية ؟,بالتأكيد ، أنت . ولكن ماذا عن فتاحة ؟
13326,بعتزر، انباعو كلون.,يؤسفني أنه تم بيعها كلها .,آسف ، سوف أحضرها كلها .
36834,لأ، أنا ياباني.,كلا . إني ياباني .,لا ، أنا ياباني .
36419,ممكن تعطيني فوطة بحر؟,هل يمكنك أن تعيرني فوطة الشاطئ ؟,هل يمكن أن أحصل على بعض الفكة البحرية ؟
23716,ياه ه، كتب ماليزي هزلي. أنا هشتري واحد علشان اروح بيه البيت استخدمه نقتح بيه كلام.,هاي ، كتاب كوميدي ماليزي . سأشتري واحداً لآخذه إلى المنزل كقطعة محادثة .,هذا ، كتب ماليزي . أنا أرسل واحداً لمشاهدة المنزل ثم اذهب إلى المنزل ثم اذهب إلى هذا المكان .
46171,بقدر إنضم لهالصف حتى لو كنت مبتدئ؟,هل يمكنني الالتحاق بهذا الفصل حتى مع كوني مبتدئاً ؟,هل يمكن أن أضم إلى هذا الصف حتى لو كنت مبتدئ ؟
42868,حلمي تحقق .,حلمي أصبح حقيقة .,حلمي تحقق .
16621,يبدو هذا جيدا . أود الانضمام للجولة . كم التكلفة ؟,يبدو هذا جيدا . أود الانضمام للجولة . كم التكلفة ؟,يبدو هذا جيدا . أود الانضمام للجولة . كم التكلفة ؟
30560,وكم فلوسك حق الخياطة؟,كم تتقاضى نظير التفصيل ؟,كم تكلفة تذكرتك لمشاهدة الخياطة ؟
30571,عم تاخد أكتر من الرسم.,أنت تتقاضى أكثر من الأجرة .,سوف تأخذ أكثر من الرسم .
3697,مش ضروري تنضف الأوضة.,ليس من الضروري تنظيف الغرفة .,لا يمكنني أن تنضف غرفة .
15124,انت شايف العلامة بتوريك فين المترو هناك .,أنت تري علامة المترو هناك .,أنت شايف العلامة التي تريك هناك .
9666,شو هوي الكيمونو الرسمي؟,ما هو الكيمونو الرسمي ؟,ما هو الكيمونو الرسمي ؟
399,شكرا لمشاركة الأفكار الفريدة معنا.,شكراً على إدلائك بأفكارك الفريدة معنا .,شكراً على مشاركة أفكارنا الفريدة .
13721,مسألة عادات . باليابان، كان في معايير اخلاقية انو الصبي ممنوع حتى يقعد مع البنت بعد عمر السبع سنين .,"إنها مسألة عادات . في اليابان , اعتادوا على نظام أخلاقي لا يسمح للولد مطلقا أن يجلس إلى فتاة بعد أن يبلغا السابعة من عمرهما .",مسألة عادات . في اليابان ، كان هناك معايير اخلاقية لأن الصبي ممنوع حتى يقعد مع البنت بعد السابع من العمر .
15191,لازم تنطر حوالي الساعة .,عليك أن تنتظر حوالي ساعة .,يجب أن تنتظر حوالي الساعة .
35550,انا اشتغل في وكالة سفريات.,اعمل بشركة سياحة ؟,أنا أعمل في شركة سفريات .
37282,أهلا، هو ده روي؟,هالو ، هل هذه تعود إلى روي ؟,مرحبا ، هل هذا روي ؟
13459,ممكن توصله على بكرة؟,هل يمكن أن توصله بحلول الغد ؟,هل يمكن أن توصله غداً ؟
33264,فيي قضي كل المسا .,أستطيع أن أمضي كل فترة العصر .,أريد أن أترك كل المساعدة .
29183,كيف يمكنني الحصول على التذاكر ؟,كيف يمكنني الحصول على التذاكر ؟,كيف يمكنني الحصول على التذاكر ؟
32253,ياي العالم شو زغير، ما هيك؟,إن الدنيا صغيرة ، أليس كذلك ؟,هذا هو نوع ما ، أليس كذلك ؟
879,نريدك الانتقال إلى سفح أ . بي . سي .,نريدك الانتقال إلى سفح أ . بي . سي .,نريدك الانتقال إلى سفح أ . بي . سي .
35641,عندكم ده بلون بيلمع؟,هل لديك هذه بلون زاهي ؟,هل لديك هذا بلون يلمع ؟
38251,بنصحك بعطر أو مرطب.,أوصي بالعطر أو اللوسيون .,نصحك بعطر أم مرطب .
27954,هل لديك جاكيت جميل بسعر يبلغ قدره حوالي ثلاثين دولار .,هل لديك جاكيت جميل بسعر يبلغ قدره حوالي ثلاثين دولار .,هل لديك جاكيت جميل بسعر يبلغ قدره حوالي ثلاثين دولار .
11393,إنه جيد للغاية .,إنه جيد للغاية .,إنه جيد للغاية .
13342,لو سمحت، هو القطر ده بيوقف في بالتيمور؟,معذرة ، ولكن هل يتوقف هذا القطار في بالتيمور ؟,معذرة ، هل هذا القطار يتوقف في التيمور ؟
45802,اكيد، عندك شي معين، اكل معين في بالك؟,بالتأكيد . هل لديك شيء معين ، طعام بعينه في ذهنك ؟,بالتأكيد ، هل لديك أي شيء معين ، طعام معين في الحال ؟
16398,عندكم نفس الحلق بألوان تانيه؟,هل لديكم نفس القرط ولكن بألوان أخرى ؟,هل لديك نفس الحلق بألوان أخرى ؟
41351,حيحتاج وقت قد إيه عشان يخف؟,كم سيأخذ من الوقت حتى يلتئم ؟,ما هو وقت الذي يحتاج إلى أن يكون جاهزا ؟
32823,عندي شويه واجبات أنجليزي، رياضيات، و كمان فرنساوي .,لدي بعض واجبات اللغة الإنجليزية والرياضيات واللغة الفرنسية .,لدي بعض الأمتعة الإنجليزية ، رياضيات ، رياضيات ، فرنسية .
7779,أصبت بمغص فجأة .,أصبت بمغص فجأة .,أصبت بمغص فجأة .
35637,كم السعر؟,ما هو السعر ؟,كم السعر ؟
20338,كنت عاوز تاكسي. أنا عند ساوث مين ولايبرتي.,أحتاج إلى تاكسي . أنا في ساوث ماين ، وليبرتي .,أريد تاكسي . أنا عند ساوث من ولايبرتي .
45384,عندكم اى خرايط بسيطة للمدينة؟,هل لديك أيّ خرائط بسيطة للمدينة ؟,هل لديك أي خريطة بسيطة للمدينة ؟
26031,ممكن تساعدني، لو سمجت ؟,هل يمكنك مساعدتي ، من فضلك ؟,هل يمكنك مساعدتي ، لو سيتم مساعدتي ؟
9351,ما هو اسم هذه الساحة العامة ؟,ما هو اسم هذه الساحة العامة ؟,ما هو اسم هذه الساحة العامة ؟
7918,الساعة كم اول قطار؟,ما ميعاد أول قطار ؟,متى أول قطار ؟
17267,هل لديك حقائب نوم ؟,هل لديك حقائب نوم ؟,هل لديك حقائب نوم ؟
48297,بدي آخد موعد مع السيد واطسن.,أريد تحديد موعد مع السيد واطسون .,أريد أن أخذ موعد مع السيد واطسون .
34856,الكيلو جرام بدولار .,الكيلو جرام بدولار .,الكيلو جرام بدولار .
18956,لو سمحت ورني قفازات.,من فضلك أرني بعض القُفَّازات .,من فضلك أرني قفازات .
373,واجد زين انك جيت اليابان.,لطيف منك جداً أن تأتي إلى اليابان .,حسناً ، لقد ذهبت إلى اليابان .
25837,هلا طلبت منها أن تتصل بي على حسابي ؟,هلا طلبت منها أن تتصل بي على حسابي ؟,هلا طلبت منها أن تتصل بي على حسابي ؟
2449,أنهى أهم بالنسبالكم يا شعب اليابان، يوم راس السنة ولا يوم الكريسماس؟,"أيهما أكثر أهمية للشعب الياباني , عيد رأس السنة أم عيد الكريسماس ؟",ما هو أهم الأشياء التي يمكن أن تفعلها يا شعب اليابان ، يوم راس السنة أم يوم الكريسماس ؟
2213,بشكرك جدا. تعالا. يللا بينا.,شكراً جزيلاً . هيا . دعنا نذهب .,شكراً جزيلاً . لقد اتصلت .
9923,بكون هناك على ثمان الا ربع.,سأكون هنا الساعة الثامنة إلى الربع .,سأكون هناك في الثامنة عشر من أربعة .
49093,ممكن ارجعه في مدينة تانية؟,هل أستطيع أعادتها إلي مدينة أخري ؟,هل يمكن أن أرسلها إلى مدينة أخرى ؟
2672,شكرا لانتظارك، آنسة. ماك جوايار. هنا أهو. اتفضلى، لو سمحتى.,شكراً لك على الانتظار ، يا أستاذه مكجوير . هاك هو . امض من فضلك .,شكراً على انتظارك يا آنسة . ماك جوايار . هنا . من فضلك .
43991,إني مصاب بحمى .,إني مصاب بحمى .,إني مصاب بحمى .
12223,بيتحرك من هنا الساعة تسعة.,إنه يغادر من هنا في تمام الساعة التاسعة .,إنه يتحرك من هنا في التاسعة .
47754,أوضة بسريرين وحمام، لو سمحت.,حجرة مزدوجة بحمام من فضلك .,غرفة بسريرين وحمام من فضلك .
35190,هيدي البوابة المزبوطة لنروح على باريس؟,هل هذه هي بوابة الركوب إلى باريس ؟,هل هذه هي البوابة المزبوطة للذهاب إلى باريس ؟
42518,انا عالطريق السريع تمانين جنب مخرج بيركيلي .,أنا على الطريق السريع الأول ثمانين بالقرب من مخرج بيركيلي .,أنا في الطريق السريع ثمانين عند مخرج بيركيلي .
46873,انا بهتم بذيج الطاولة.,سوف أعتني بهذه المائدة .,أنا في غرفة بذيج الطاولة .
26593,استخراج واحد جديد هايتكلف كام؟,كم تتقاضى لإعادة إصدارها ؟,كم تكلفة استخراج واحدة جديدة ؟
45667,نحنا بحاجة لشوية وقت أكتر لندرس العقد .,نحتاج إلى المزيد من الوقت لكي نفحص العقد .,نحن بحاجة لشوية وقت أكتر لندرس العقد .
25696,أقول أن عمرك هو حوالي الخامسة والخمسين .,أقول أن عمرك هو حوالي الخامسة والخمسين .,أقول أن عمرك هو حوالي الخامسة والخمسين .
7892,في محل فيراقامو هني؟,هل يوجد هنا محل فيراجامو ؟,هل يوجد محل فيراقامو هنا ؟
42893,بيقفض؟,هل سينكمش ؟,هل يمكن أن تكون جاهزة ؟
46081,لا توجد صابونة في الحمام .,لا توجد صابونة في الحمام .,لا توجد صابونة في الحمام .
29503,نعم ، كل عشر دقائق .,نعم ، كل عشر دقائق .,نعم ، كل عشر دقائق .
45428,رقم الرحلة بي كي سبعمية وثمانية تاريخ خمسة سبتمبر.,الرحلة الباكستانية رقم سبعة صفر ثمانية في الخامس من سبتمبر .,رقم الرحلة هي بي كي سبعة صفر اثنان تاريخ الخامس من سبتمبر .
9656,انا تعبان جدا.,أشعر بالغثيان .,أنا متعب جداً .
27092,أود المغادرة من الفندق الآن هل يمكنك أن تأخذ أمتعتي إلى اسفل ؟,أود المغادرة من الفندق الآن هل يمكنك أن تأخذ أمتعتي إلى اسفل ؟,أود المغادرة من الفندق الآن هل يمكنك أن تأخذ أمتعتي إلى اسفل ؟
32178,لا أستطيع أن أتذوق أي شيء .,لا أستطيع أن أتذوق أي شيء .,لا أستطيع أن أتذوق أي شيء .
34000,ممكن ناخد طربيزة لخمسة؟,هل يمكن أن نحجز طاولة لخمسة أشخاص ؟,هل يمكن أن نأخذ مائدة لخمسة ؟
47048,الحجوزات في السابعة ، تحت اسم مانو .,الحجوزات في السابعة ، تحت اسم مانو .,الحجوزات في السابعة ، تحت اسم مانو .
2436,أيوا، صحيني بعد تلات ساعات، لو سمحت.,"نعم . أيقظني من النوم بعد ثلاثة ساعات , من فضلك .",نعم ، أخبرني بعد ثلاث ساعات ، من فضلك .
42936,ربحنا كتير خلينا نرجع بتياب رسمية.,لقد كسبنا كثيراً لذلك دعنا نرجع مرة أخرى بلباس رسمي .,سوف نرجع كثيراً لأننا نرجع إلى غرفة رسمية .
48676,انا مش فاكر سبتهم فين .,لا أتذكر أين تركتهم .,لا أريد أن أحضر ذلك .
49314,مرة تانية انبسطت شفتك. شكرا الك عالعزيمة .,جميل أن أراك ثانية . شكرا على دعوتك لنا .,لقد أغلقت حافظتك . شكراً لك على العزيمة .
47461,انت متأكد؟ متهيألي انه شكل قزازة النبيد بيستعمل لنبيد بورجوندي .,هل أنت متأكد ؟ لقد كنت أظن أن شكل زجاجة النبيذ هذه يستخدم للنبيذ البرجندي .,هل أنت متأكد ؟ أعتقد أن هناك زجاجة النبيذ التي تعمل في بيد بورجوندي .
29524,رح تاخد بالقليلة تسعة و تسعين ساعة.,سآخذ على الأقل تسعة وتسعين ساعة .,سأستغرقها في التاسعة وتسعين ساعة .
24358,كيف اقدر اوصل إلى ديزني لاند؟,كيف يمكنني الذهاب إلى ديزني لاند ؟,كيف يمكنني الوصول إلى ديزني لاند ؟
4894,هذه ما مصنوعة في اليابان، أليس كذلك؟,لم تصنع هذه باليابان ، أليس كذلك ؟,هذه لا مصنوعة في اليابان ، أليس كذلك ؟
16495,رجلي اتلوحت. وعندي ألم فظيع.,لقد أصبت بالتواء في كاحلي . و أتألم كثيراً .,لقد اتلوحت رجلي . لقد أصيب بألم فظيع .
13904,انا ابغا بطاقة ائتمان.,سأحتاج إلى بطاقة ائتمان .,أريد بطاقة ائتمان .
48970,لو سمحت قلي فين اقرب صيدلية هنا.,أخبرني من فضلك أين أقرب صيدلية .,من فضلك أخبرني أين أقرب صيدلية هنا .
5010,للأسف لا نستطيع . ستستغرق أكثر من أسبوعين .,للأسف لا نستطيع . ستستغرق أكثر من أسبوعين .,للأسف لا نستطيع . ستستغرق أكثر من أسبوعين .
50042,يصير اغوص والبحر هايج؟,هل يمكنني الغطس حينما يكون البحر هائجاً ؟,هل يمكن أن أغطس و البحر هناك ؟
8045,الطيارة دي متأخرة ساعتين عن المعاد.,هذه الطائرة متأخرة ساعتان عن ميعادها .,هذه الرحلة متأخرة ساعتين عن المعاد .
9960,طيب. إزا بتريد حجوز مأعد بالدرجة الأولى بالترين رح فل بكرا الساعة عشرة.,حسن . من فضلك احجز مقعد في الدرجة الأولى على القطار الذي يغادر الساعة العاشرة غداً .,حسناً . من فضلك احضر مقعد بالدرجة الأولى في الساعة العاشرة .
37195,القطر ده بيروح فين؟,أين سيتجه هذا القطار ؟,أين يذهب هذا القطار ؟
16332,تصور معانا لو سمحت؟,هل انضممت إلينا في هذه الصورة من فضلك ؟,هل لدينا صورة معنا ، من فضلك ؟
33239,إزاي أقدر اساعدك؟,كيف أستطيع مساعدتك ؟,كيف يمكنني مساعدتك ؟
42780,عندي حجز ليلتين.,لقد حجزت لليلتين .,لدي حجز ليلتين .
21974,العرض مالي يشمل هالجولة الاختيارية.,تتضمن حزمتي هذه الرحلة الاختيارية,العرض مالي يشمل هذه الجولة الاختيارية .
16358,في الحالة دي، جدول الأجرة موجود قرب كرسي السواق.,"في هذه الحالة , يوجد جدول بالتعريفات بجوار مقعد السائق .",في هذه الحالة ، جدول الأجرة موجودة في مقعد السواق .
20318,اسمحلي، من فضلك .,اسمح لي ، من فضلك .,اسمحلي ، من فضلك .
27951,ما عملت حجز.,لم أقم بالحجز .,لم أعمل حجز .
6705,انا بألعب للمتعه و للشغل في نفس الوقت.,أنا ألعب للمتعة وأستخدمها في عملي أيضا .,ألعب للمتعة وعمل في نفس الوقت .
45513,شو رأيك بسوارة حلوة معا؟,ماذا عن سوار لطيف تريدينه معه ؟,ماذا عن سوار جميل معي ؟
30637,جو اليوم واجد حلو.,حقا ، الطقس رائع اليوم .,هذا الجو جميل جداً .
10999,الطقس لطيف اليوم .,الطقس لطيف اليوم .,الطقس لطيف اليوم .
47500,من فضلك أرسل هذا الطرد والدفع نقدا عند التسليم .,من فضلك أرسل هذا الطرد والدفع نقدا عند التسليم .,من فضلك أرسل هذا الطرد والدفع نقدا عند التسليم .
26079,فاهمني؟,هل تفهمني ؟,هل أنا أفهم ؟
914,شو تسميه باللغة الإنجليزية؟,ماذا تسمون هذا بالإنجليزية ؟,ماذا تسميه باللغة الإنجليزية ؟
20568,لسوء الحظ، هوي كتير مشغول بهالنهار.,لسوء الحظ هو مشغول جداً في ذلك اليوم .,لسوء الحظ ، إنه مشغول جداً اليوم .
17476,فلم خمسة وثلاثين ملون، لو سمحت.,من فضلك ، فيلم ملون خمسة وثلاثون مليمتر .,هذا الفيلم خمسة وثلاثين ملون ، من فضلك .
29966,طيران اليابان، الرحلة رقم واحد تنين تلاتة.,شركة الخطوط الجوية اليابانية ، طائرة رقم واحد اثنان ثلاثة .,طيران اليابان ، رقم واحد اثنان ثلاثة .
12662,السلطة التشريعية هي مجلس النواب.,الفرع التشريعي هو الدايت .,هذه هي السلطة التشريعية .
27058,أنا مكنتش مهتم خالص. اتمنى تسامحني.,كنت شديد الإهمال . فأرجو المعذرة .,أنا مهتم جداً . أتمنى أن تسمح بالتألم .
49441,هلأ، اتصالك انقطع. خليك مكمل.,الآن ، مكالمتك ردت . تفضل من فضلك .,الآن ، اتصالك اتصلت . سوف يكون هناك مكمل .
26813,بالتأكيد . سأحضرها فوراً .,بالتأكيد . سأحضرها فوراً .,بالتأكيد . سأحضرها فوراً .
30801,بدي دفتر العناوين إذا بتريد.,أبغي دليل العناوين ، من فضلك .,أريد دفتر العناوين ، من فضلك .
7201,أنا مع صحابي.,أنا مع بعض الأصدقاء .,أنا مع صديقي .
13618,دة فستان حلو اللى إنتى لابساه.,جميل الفستان التي ترتدينه .,هذا فستان جميل الذي يبدو جميلاً .
11107,يبدوا أن السماعات لا تعمل بشكل جيد .,يبدوا أن السماعات لا تعمل بشكل جيد .,يبدوا أن السماعات لا تعمل بشكل جيد .
28545,ألا ترغب في فنجان شاي ؟,ألا ترغب في فنجان شاي ؟,ألا ترغب في فنجان شاي ؟
9720,عالم صغير .,يا له من عالم صغير .,عالم صغير .
36557,في عرض في الشارع بكرة؟,هل يوجد استعراض عسكري غداً ؟,هل يوجد عرض في الشارع غداً ؟
646,ازيك . معاك تسونيو سوزوكي . ممكن اكلم جون اندرسون، من فضلك؟,"مرحبا . هذا تسونيو سوزوكي . هل يمكن أن أتحدث مع جون أندرسون , من فضلك ؟",حسناً . لديكم تسونيو سوزوكي . هل يمكن أن أتحدث إلى جون أوسون ، من فضلك ؟
3180,صف .,قد سيارتك إلى جانب الطريق .,صف .
30278,أنا ليا حجز لليلتين. اسمي ريسا كوباياشي.,لدي حجز لمدة ليلتين . اسم ريسا كوباياشي .,أنا حجز لليلتين . اسمي ريسا كوباياشي .
32420,عندي صداع قوي. تعرف دكاترة زينين هني؟,عندي صداع شديد ، هل لديكم أطباء جيدون بالقرب من هنا ؟,لدي صداع كثيراً . هل تعرف بعض الدكاترة التي هنا ؟
14073,شراب الشمام كحلاء ، من فضلك .,شراب الشمام كحلاء ، من فضلك .,شراب الشمام كحلاء ، من فضلك .
17692,من فضلك قولي أنزل إمتى.,من فضلك قل لي أين أنزل .,من فضلك أخبرني متى يمكنني أنزل .
2954,أيوة، بس ممكن تسيب الشنطة الخفيفة عالرف فوق راسك؟,نعم ، لكن هلا تركت الأمتعة الخفيفة على الرف فوق رأسك ؟,نعم ، لكن هل يمكنك أن تسحب حقيبة الخفيفة فوق رأسك ؟
14835,وين مكتب المفقودات؟,أين مكتب الأشياء المفقودة .,أين مكتب المفقودات ؟
13883,ممكن تورينى تانى خاتم من على الشمال؟,هل لك أن تريني الخاتم الثاني من جهة اليسار ؟,هل يمكن أن تريني رقم أخر من على اليسار ؟
49085,ما اقدر القى كاميرتي.,لا أستطيع أن أجد كاميرتي .,لا أستطيع أن أرى كاميرتي .
39981,كلون غراض شخصية.,كلها أغراض شخصية .,كلها غراض شخصية .
21022,تنين بارفيه فريز .,اثنان من حلوى الفراولة .,اثنان بارفيه فريز .
42663,"من فضلك , اكتبها هنا .","من فضلك , اكتبها هنا .","من فضلك , اكتبها هنا ."
28759,تهانينا بمناسبة الذكري الخمسين لزفافك .,تهانينا بمناسبة الذكري الخمسين لزفافك .,تهانينا بمناسبة الذكري الخمسين لزفافك .
46178,عندكم بركة في هالفندق؟,هل عندكم حمام سباحة في هذا الفندق ؟,هل لديك بعض البركة في هذا الفندق ؟
771,أوه، دة يبان كأنه كتير.,"أوه , يبدو كأنه قرعة .",أوه ، هذا يبدو كأنه كثير .
12082,رح عرفك عحكيم العيلة تبعنا .,سأقدمك لطبيب أسرتي .,سأعرفك بمستشفى العيلة .
1317,لأ، أنا عاوز بس أعدى.,"ل , ا أريد فقط الزيارة بدون ميعاد .",لا ، أريد أن أفعل .
43555,إنت كتير لطيف.,أنت لطيف للغاية .,أنت لطيف جداً .
32749,وين لازم إسأل لطلب القبول؟,من أين يجب أن أحصل على الإذن ؟,أين يجب أن أسأل لطلب القبول ؟
1005,أتكلم بصراحة، أنا مش متفق مع دة.,بصراحة ، لا أتفق مع ذلك .,أنا أتحدث بصراحة ، أنا لا أتفق مع ذلك .
43973,حاضر . حأقولها علشان تملاه .,حسنا . سوف أخبرها أن تملأ الفراغات .,حسناً . سأقولها لكي تملها .
31580,بكام ديه؟,بكم هذه ؟,كم تكلفة هذا ؟
12990,اذا عندك اياه، مو لازم تدفع مرة ثانية لما تاخذ، باص اربعة واربعين.,لو كان معك ما اضطررت لأن تدفع الأجرة مرة أخرى . عندما تأخذ الحافلة رقم أربعة وأربعين .,إذا كانت لديكم ذلك ، لا يجب أن تدفع مرة أخرى عندما تأخذ الحافلة رقم أربعة وأربعون .
39415,من المخرج؟,من المدير ؟,من المخرج ؟
49143,مسامحة بس ما عندنا شي مفتوح.,أخشى ألا يكون لدينا أية شيء شاغر .,آسف لكن ليس لدينا شيء مفتوح .
29130,لو سمحت. ممكن نبدل الكراسي؟,معذرة . هل تمانع في أن تبادل المقاعد معي ؟,معذرة . هل يمكن أن نبدل الكراسي ؟
25902,كنت اتمنى اكون انت .,أتمنى لو كنت مكانك .,أتمنى أن أكون أنت .
32819,عايز أبعت ده للغسيل، امتى حيكون جاهز ؟,أريد أن أرسل هذا إلى المغسلة . متى ستكون جاهزة ؟,أريد أن أرسل هذا إلى الغسيل ، متى سيكون جاهزا ؟
17912,إمتى ممكن ترجع تصنعه تاني؟,متي يمكنك إعادة الإصدار ؟,متى يمكن أن تعود إلى صنعها ؟
41377,في رسايل حقي؟,أية رسائل لي ؟,هل هناك أي رسومات لديك ؟
38470,جوازك منتهي.,إن جواز سفرك لم يعد ساري المفعول .,جوازك جميل .
9731,هل هذا هو كل شيء متضمن في الفاتورة ؟,هل هذا هو كل شيء متضمن في الفاتورة ؟,هل هذا هو كل شيء متضمن في الفاتورة ؟
35402,لو سمحت خبر سيد توماس اني قاعد في فندق الهيلتون.,من فضلك أخبر السيد توماس أنني أقيم في فندق الهليتون .,من فضلك أخبر السيد توماس أنني سوف أقيم في فندق هيلتون .
8901,أين محطة البنزين ؟,أين محطة البنزين ؟,أين محطة البنزين ؟
30163,تلات-اتنين-واحد-اتنين. انتظر لحظة، اوك؟ أبا ارسلك شيء هنا. ممكن.,ثلاثة اثنان واحد اثنان . انتظر ثانية ، حسنا ؟ أريد أن أرسل لك شيئاً هنا . معذرة .,ثلاثة اثنان واحد اثنان . انتظر لحظة ، حسنا ؟ أريد أن أرسل لك شيئاً هنا . أمكن .
38292,تقدر تغير هاذي حق وحده جديدة؟,هل يمكنك تبديل هذه بواحدة جديدة ؟,هل يمكنك تغيير هذا إلى طبق جديدة ؟
37435,يشغلون موسيقى الجاز في هالمكان؟,هل يعزفون موسيقي الجاز في هذا المكان ؟,هل يشغلون موسيقى الجاز في هذا المكان ؟
38038,يومي؟ خايف إسأل، بس شو بتقصد؟,أخشى أن أسأل ، لكن ماذا تعني ؟,يومي ؟ أريد أن أسأل ، لكن ماذا تقصد ؟
6340,أحد الأماكن الأخرى التي يمكن أن تجذب انتباهك هي حديقة حيوان برونكس المشهورة عالمياً .,أحد الأماكن الأخرى التي يمكن أن تجذب انتباهك هي حديقة حيوان برونكس المشهورة عالمياً .,أحد الأماكن الأخرى التي يمكن أن تجذب انتباهك هي حديقة حيوان برونكس المشهورة عالمياً .
25136,"هو قالي ""تعالى نحتفل"" وراح واخدني على البار. هو قالي انه رايح يعمل تليفون ومرجعش تاني وانا اتدبست في فاتورة كبيرة.", دعونا نحتفل  ، هكذا قال وآخذني إلى بار . وقال إنه سيُجري مكالمة هاتفية وغادر ولم يعد أبداً وتحملت أنا وحدي عبء فاتورة ضخمة .,"لقد قالت "" نحتفل "" وقال أنه سوف يقوم بإرسالني إلى البار . وقال أنه سوف يقوم بإرسال تليفون وأنا سوف أرسل فاتورة كبيرة ."
40575,أوئات بيوجع.,تؤلمني بعض الوقت .,لقد ألم في بعض الألعاب .
24167,وين اقدر اشتري تذكرة ميترو؟,أين يمكنني شراء تذكرة للمترو ؟,أين يمكنني شراء تذكرة ميترو ؟
27789,أي ساعة بيمشي تاني ترين رايح عشيكاغو؟,متى يغادر القطار التالي المتجه إلى شيكاغو ؟,متى يغادر الساعة الثانية إلى شيكاغو ؟
17115,اي. احب السباحة اكثر شي.,"نعم , سأفعل . أنا أحب السباحة أكثر .",نعم . أحب السباحة أكثر شيء .
47695,ضريبة المبيعات قد إيه؟,كم ضريبة المبيعات ؟,ما هو تكلفة المبيعات ؟
5071,ممكن تجرب تأجر عربية من هيرتز في شباك تاني .,جرب شركة هيرتز في المكتب الآخر .,هل يمكنني أن تجرب تأجير سيارة من هيرتز في شباك آخر .
708,انا مش عايز حاجة ضخمة.,لا أريد أي شيء يكون كبير الحجم .,لا أريد شيئاً ضخماً .
33641,مسا الخير. عندك طاولة فاضية حق اثنين؟,"مساء الخير , هل لديك أي موائد مفتوحة لشخصين ؟",مساء الخير . هل لديك مائدة فاضية لثلاثين ؟
24328,إذا حدث ذلك ، من فضلك أتصل بي .,إذا حدث ذلك ، من فضلك أتصل بي .,إذا حدث ذلك ، من فضلك أتصل بي .
15998,فى طريق سريع؟,هل هناك طريق حر ؟,هل يوجد طريق سريع ؟
40740,هذا هو كل شيء .,هذا هو كل شيء .,هذا هو كل شيء .
39186,الميدان فين؟,أين الميدان ؟,أين الميدان ؟
28283,فيه ليموزين؟,هل هناك سيارة ليموزين ؟,هل هناك ليموزين ؟
49382,أي جولة هي الأفضل لرؤية الأماكن المعروفة؟,ما هي أفضل جولة حتى أرى أشهر الأماكن ؟,أي جولة هي الأفضل لرؤية الأماكن المعروفة ؟
23969,مرحباً . هل هذه عائلة براون ؟,مرحباً . هل هذه عائلة براون ؟,مرحباً . هل هذه عائلة براون ؟
28720,هل تتمنى أن أعقد أي صفقة أخرى ؟,هل تتمنى أن أعقد أي صفقة أخرى ؟,هل تتمنى أن أعقد أي صفقة أخرى ؟
26244,أين منفذ بيع ماكينة الحلاقة ؟,أين منفذ بيع ماكينة الحلاقة ؟,أين منفذ بيع ماكينة الحلاقة ؟
37937,ما شغلت عدادك.,إنك لم توقف عدادك .,لم أعمل عدادك .
49917,شكله كويس.,هذا طيب ، على ما يبدو .,يبدو رائعاً .
33799,كم بتودع؟,كم المقدم ؟,كم تتقاضى ؟
50601,لو سمحت عطني تقرير حادث.,من فضلك أعطني تقريراً عن الحادث .,من فضلك أعطني تقرير حادث .
25975,حسالك بعد ما اشوف.,سأسلك بعد أن ألقي نظرة هنا وهناك .,حسبما أشعر بعد أن أرى .
43537,بالبريد الجوي ولا بالبريد البري او البحري؟,بالبريد الجوي أم بالبريد العادي ؟,هل هذا بالبريد الجوي أم بالبريد البحري ؟
23978,أين كشك الاستعلامات ؟,أين كشك الاستعلامات ؟,أين كشك الاستعلامات ؟
35100,سر إلى الأمام مباشرة لمسافة مربعين سكنيين .,سر إلى الأمام مباشرة لمسافة مربعين سكنيين .,سر إلى الأمام مباشرة لمسافة مربعين سكنيين .
46047,اكيد، اخوي.,بالتأكيد يا سيدى .,بالتأكيد يا سيدي .
25670,احنا من اكبر موزعين المايكروكمبيوتر.,نحن من أكبر موردي أجهزة الميكروكومبيوتر .,نحن من أكبر موزعين الماكروكمبيوتر .
39043,احسن لك تاخذ قطار الثمان ونص.,من الأفضل أن تستقل قطار الثامنة والنصف .,أفضل أن تأخذ قطار الثمان وثلاثين دقيقة .
46368,من فضلك أعد محضر سرقة .,من فضلك أعد محضر سرقة .,من فضلك أعد محضر سرقة .
14682,لما توصل، رح ندفع ونبعتلك ياه على عنوان بيتك.,لدي وصولها ، سوف ندفع ثمن شحنها إلى عنوان منزلك .,عندما تصل ، سيكون ندفع ونبعث لك على عنوان بيتك .
48429,أيوا، احنا جايين عليه، جايين عليه.,أجل ، إننا على وشك معالجته ، على وشك معالجته .,نعم ، نحن نذهب إلى هنا ، نذهب إلى هنا .
24492,"من فضلك , أطلب لي الإسعاف .","من فضلك , أطلب لي الإسعاف .","من فضلك , أطلب لي الإسعاف ."
25326,شاورلي عليه عالخريطة، من فضلك .,أشر على مكانها على الخريطة من فضلك .,خذني إلى هذه الخريطة ، من فضلك .
890,غرفتي كتير باردة .,غرفتي أبرد من اللازم .,غرفتي باردة جداً .
2829,أى ساعة حتكون؟,كم ستكون الساعة ؟,أية ساعة ستكون ؟
44429,افضل فندق ارخص اذا كان موجود في فريج آمن.,فندق أقل غلاءً هو الأفضل إذا كان في منطقة آمنة .,أفضل فندق أرخص إذا كان هناك فريج آمن .
27539,ممكن اوقف؟,هل أستطيع التوقف ؟,هل يمكنني أن أوقف ؟
48159,من فين أقدر استرجع فلوس التذكرة دي؟,أين يمكنني استعادة ثمن هذه التذكرة ؟,أين يمكنني أن أرجع فلوس التذكرة ؟
32321,شكثر بيتم؟,إلى متى سيستمر ؟,كم عدد المرات التي يتم تحميضها ؟
45114,أريد زجاجة من نبيذ شيري الأسباني .,أريد زجاجة من نبيذ شيري الأسباني .,أريد زجاجة من نبيذ شيري الأسباني .
10254,ده مفيد . اشكرك . اعذرني، اسمك، إذا سمحت.,هذا مفيد . شكراً . آنا آسف ، اسمك من فضلك .,هذا جيد . شكراً . أعذرني ، اسمك ، من فضلك .
47399,عندك نبيد مز مش كتير غالي؟,هل لديكم نبيذ غير حلو ثمنه غير مرتفع جداً ؟,هل لديك نبيذ مزدوجة صغيرة ؟
2528,"حسنا , سأرسل مهندسنا إلى غرفتك .","حسنا , سأرسل مهندسنا إلى غرفتك .","حسنا , سأرسل مهندسنا إلى غرفتك ."
17874,عصير فراولة، إذا سمحت .,فراولة ، من فضلك .,عصير فراولة ، من فضلك .
42526,"هل لديك تذكرتان لمسرحية "" الجميلة والوحش "" يوم الأربعاء ؟","هل لديك تذكرتان لمسرحية "" الجميلة والوحش "" يوم الأربعاء ؟","هل لديك تذكرتان لمسرحية "" الجميلة والوحش "" يوم الأربعاء ؟"
17075,لسه العواجيز ليهم احترامهم في اليابان؟,هل مازال يتم احترام كبار السن في اليابان ؟,هل هذه هي الأشياء التي يمكن أن تحتفظ بها في اليابان ؟
26322,بعد. رح اخد تشيز برغر و ايس تي وسط .,ليس بعد . سأتناول سندويتش تشيز برجر وشاياً مثلجاً متوسط الحجم .,بعد . سأضع بعض تشيز برجر ونبيذ تي وسط .
40481,انسه يوشي ساوا . ي و ش ي س ا و ا. رقمي تلاته اربعه خمسه سته سبعه تمانيه تسعه صفر .,الآنسة يوشي ساوا . الرقم هو ثلاثة أربعة خمسة ستة سبعة ثمانية تسعة صفر .,هذه هي يوشي ساوا . ي و ش ي س ا و ا . رقمي ثلاثة أربعة أربعة خمسة ستة سبعة تسعة صفر .
50284,وين احصل باص لوسط المدينة؟,من أين يمكنني أن أستقل حافلة إلى وسط المدينة ؟,أين يمكنني أن أجد حافلة لوسط المدينة ؟
3785,ممكن أنزل كرسي.,لسنا في حاجة إلى حمّال . شكراً .,يمكن أن أنزل مقعد .
29542,بدي إسترد مصرياتي. بقدر؟,أريد إعادة المال . هل يمكن أن أحصل على مالي ؟,أريد استعارة مصرياتي . هل يمكن أن أستطيع ذلك ؟
10821,بغيت كيرلي خفيف، لو سمحت.,"أريد تموج خفيف لشعري , من فضلك .",أريد بعضاً من كريم الخفيف ، من فضلك .
34372,لحظة واحدة ، من فضلك ، سوف أحضره لك . ها هو .,لحظة واحدة ، من فضلك ، سوف أحضره لك . ها هو .,لحظة واحدة ، من فضلك ، سوف أحضره لك . ها هو .
36172,أه، دى مشكلة تخلص من النفايات.,أجل . إنها مشكلة تخلص من الفضلات .,نعم ، هذه مشكلة تخلص من النفايات .
32662,انا بس ناديت على الاستاذ سميث فى اوضة رقم اتنين زيرو واحد، بس مكانش فيه رد. ممكن تشولي لو هو لسة موجود هنا؟,لقد اتصلت بالسيد سميث في غرفة رقم اثنان صفر واحد منذ لحظات ، لكن لم يرد أحد . هل لك أن ترى هل لا يزال يقيم هنا ؟,لقد ناديت على السيد سميث في غرفة رقم اثنان صفر واحد ، لكن مكان ما يبدو أنه ليس هناك رد . هل لك أن تريني إذا كان هناك هنا ؟
49077,ممكن اقعد يمك؟,هل يمكن أن أجلس بجانبك ؟,هل يمكن أن أجلس معي ؟
5089,أريد جهاز تسجيل وراديو من فضلك .,أريد جهاز تسجيل وراديو من فضلك .,أريد جهاز تسجيل وراديو من فضلك .
6215,هو قاعد يتحرش فيني.,إنه يتحرش بي .,إنه يؤلمني .
13552,شاهي، مع حليب.,شاي بلبن .,شاي ، مع حليب .
5610,من طيبك خليتني اتم هني.,إنه لكرم منك أن تدعني أمكث هنا .,حسناً ، لقد جعلت مني هنا .
4892,على الساعة سبعة، لو سمحت.,في الساعة السابعة ، من فضلك .,على الساعة السابعة ، من فضلك .
17237,ربما تفقد الحجز إذا نسيت .,ربما تفقد الحجز إذا نسيت .,ربما تفقد الحجز إذا نسيت .
16655,خمسون سنتاً عن كل حقيبة ، يا سيدي .,خمسون سنتاً عن كل حقيبة ، يا سيدي .,خمسون سنتاً عن كل حقيبة ، يا سيدي .
50550,إنه ضيق جداً من عند الصدر .,إنه ضيق جداً من عند الصدر .,إنه ضيق جداً من عند الصدر .
26395,في شور؟,هل هناك دش ؟,هل هناك بعض الشواء ؟
40663,محفظتي اتنشلت في القطر .,إن محفظتي نشلت في القطار .,لقد اتصلت محفظتي في القطر .
6759,إنت عندك الموستانج؟,هل لديك سيارة من طراز ستانج ؟,هل لديك بعض الموسيقى ؟
33046,من فضلك لا تثني الخطاب لأن الصور بداخله .,من فضلك لا تثني الخطاب لأن الصور بداخله .,من فضلك لا تثني الخطاب لأن الصور بداخله .
1824,فين هيكون فيه مكان كويس للزيارة؟,أين الأماكن الجميلة التي يمكنني زيارتها ؟,أين يمكنني أن يكون هناك مكان جيد للزيارة ؟
36956,بالمناسبة، انت فاضي هدا السبت؟,"على فكرة , هل أنت غير مشغول السبت القادم ؟",بالمناسبة ، هل أنت ذاهب إلى هذا السبت ؟
12966,في فنادق يم المطار؟,هل يوجد أي فنادق بالقرب من المطار ؟,هل هناك فنادق في المطار ؟
1863,لا، انت توقعت صح. تطلقت قبل ست شهور تقريباً.,لا ، لقد خمنت صواباً . لقد طلقت من حوالي ستة أشهر .,لا ، لقد توقعت . لقد تمتعت قبل ستة أشهر .
926,متى سنقلع ؟,متى سنقلع ؟,متى سنقلع ؟
11761,ممكن أدفع بالفيزا؟,هل يمكنني أن أدفع بالفيزا ؟,هل يمكنني أن أدفع بالفيزا ؟
9679,آه. خد الباص اللي رايح كيوتو-إكي.,أجل . استقل الحافلة التي تذهب إلى محطة كيوتو .,أجل . انتظر الحافلة التي ذهب إلى كيوتو .
30937,لما ارجع اليابان، بكتب رسالة. اذا عندك وقت، طرش لي رسالة لو سمحت.,عندما أعود ثانية إلى اليابان ، سأكتب خطاباً . وإذا كان لديك وقت ، من فضلك أرسل لي خطاباً .,عندما أعود إلى اليابان ، سأكتب رسالة . إذا كان لديك وقت ، سآخذ رسالة .
50468,انا اقترح انك تجي في مايو او اكتوبر لأنهم احسن فصول في السنة.,أقترح أن تأتي في مايو أو أكتوبر حيث إنهما أفضل فصول العام .,اقترح أن تحضر في مايو أو أكتوبر لأنهم أفضل فصول العام .
15433,متى تقدر تسوي له اعادة اصدار؟,متي يمكنك إعادة الإصدار ؟,متى يمكنك أن تقوم بإصلاحها ؟
34934,في اي عربة انت؟,ما الحافلة التي كنت على متنها ؟,هل هناك عربة أنت ؟
50243,ماقدر احط شناطي تحت الكرسي. ممكن تخليها عندك حقي، لو سمحت؟,لا يمكنني وضع الأمتعة تحت المقعد . هل لك أن تحتفظ بها لأجلي من فضلك ؟,لا أستطيع أن أضع حقائبي تحت المقعد . هل يمكنك أن تضعها لديك ، من فضلك ؟
21907,هلق تذكرت . تعشينا سوا .,أتذكّر الآن . لقد ذهبنا إلى الغداء سوياً .,لقد تذكرت . لقد تذكرت .
17496,إحنا ممكن نحجزلك أوضة مريحة في القلعة القديمة جنب ملعب جولف شهير.,يمكننا ان نحجز لك غرفة مريحة في قلعة قديمة بالقرب من نادي جولف شهير .,يمكننا أن نحجز لك غرفة مريحة في القلعة القديمة بجوار ملعب جولف شهير .
20565,اكرهك.,أكرهك .,لقد اتصلت بك .
26184,السيفون ما ينسحب. لو سمحت طرش لي احد يجيكه.,المرحاض لا يغسل . من فضلك أرسل أحد إلى أعلى .,السيفون لا يناسبني . من فضلك احضر لي شخص يحضره .
50292,الفستان الرسمي مطلوب؟,هل الزي الرسمي مطلوب ؟,هل هذا الفستان الرسمي مطلوب ؟
34603,بجيب واحد الان.,سوف أحضر واحدة في الحال .,سأحضر واحدة هنا .
32947,حوالي الساعة و نص.,حوالي ساعة ونصف .,حوالي الساعة والنصف .
23879,إزاي أروح هناك بالمترو؟,كيف يسعني الذهاب إلى هناك بالمترو ؟,كيف أذهب إلى هناك بالمترو ؟
33410,اوه. هو يدري ان نبغي ثياب.,آه . إنه يعرف أننا نريد ملابس .,أوه . إنه يدري أننا نبغي ملابس .
11477,بدي كيرلي صغير، لو سمحت.,أريد تمويج متقارب لشعري ، من فضلك .,أريد بعضاً من قشدة صغيرة ، من فضلك .
26353,جورنان انجليزي، لو سمحت.,جريدة باللغة الإنجليزية ، لطفاً .,جورنان إنجليزي ، من فضلك .
33875,خذ الفول السوداني من هني.,احصل على الفول السوداني من هنا .,خذ الفول السوداني من هنا .
8040,أنا آسف. هاجبلك شاي حالا.,أنا آسف . سأحضر لك شاياً في الحال .,آسف . سأحضر لك شاي حالا .
26726,تقدر تفتح لي هذا الكيس، لو سمحت؟ وش عندك هنا؟,هلا فتحت هذه الحقيبة ، من فضلك ؟ ماذا يوجد هنا .,هل يمكنك أن تفتح هذا الكيس ، من فضلك ؟ ماذا عنك هنا ؟
16828,ابغي كاكاو، لو سمحت.,أريد قطعة من الشوكولاته ، من فضلك .,أريد كاكاو ، من فضلك .
45628,ممكن نجهزه لك خلال يومين.,يمكننا أن نجهزها لك في خلال يومين .,يمكن أن نجهزها لك خلال يومين .
4855,حاضر . ما تقلقش . عندنا ممرضة بتفهم ياباني .,"حسنا , لا تنزعج . لدينا ممرضة تفهم اليابانية .",حسناً . لا تقلقش . لدينا ممرضة تفهم ياباني .
44157,عم فتش على شوز للركض .,أنا أبحث عن حذاء للجري .,أبحث عن بعض الشوز للركض .
32640,علمني الخطوات، عمول معروف .,علمني الخطوات من فضلك .,علمني الخطوات من فضلك .
14922,انا بعد اقول. ابغي اشوف الاكسسوارات بكرة.,أوافق . أود الذهاب للبحث عن الأكسسوارات في الغد .,أنا أقول . أريد أن أرى الملابس غدا .
39498,أيها الأخف ؟,أيها الأخف ؟,أيها الأخف ؟
38537,اديه عالساعة؟,كم تكلف لمدة ساعة ؟,كم المدة التي ستغادر في الساعة ؟
33860,عندك جرايد يابانية؟,هل معك أية صحف يابانية ؟,هل لديك جرايد يابانية ؟
9887,ممكن تبدل هالبوت تعطيني اصغر؟,هل أستطيع استبدال هذا الحذاء ذو الرقبة بواحد اصغر ؟,هل يمكنك أن تبدل هذا البوت أصغر ؟
7070,بل، ما توقعت ياخذ شهر حق اطلع كردت كارد.,هل هذا معقول ! أنا لم أعلم أن بطاقة الائتمان تستغرق على الأقل شهرا .,لا ، لا توقعت أن أخذ شهراً لكي أطلع على بطاقة الائتمان .
29522,بكتب لك لما ارجع بيتنا.,سوف أكتب لك بعد العودة إلى بلدي .,سأكتب لك عندما أعود إلى منزلنا .
37970,شكرًا.,شكرا لك .,شكراً لك .
25550,تقدر تقصر الاكمام؟,هل لك أن تقصّر الأكمام ؟,هل يمكنك أن تضع الأكمام ؟
25869,هذي قلم حبر.,هذا قلم جاف .,هذا قلم حبر .
12967,أمشي علطول لحد ما تلقي صيدلية.,استمر في السير في هذا الطريق حتى تجد صيدلية .,سوف أمشي حتى تلقي صيدلية .
38237,ممكن مفتاح أوضتي، من فضلك؟ رقم الاوضه واحد خمستاشر .,هل يمكن أن أخذ مفتاحي ، من فضلك ؟ رقم الغرفة هو واحد خمسة عشر .,هل يمكنني مفتاح غرفتي ، من فضلك ؟ رقم الغرفة واحد خمسة عشر .
1941,من فضلك وريني الطريق لمكتب الخطوط البريطانية.,من فضلك دلني على الطريق لمكتب ال بي إيه .,من فضلك أرني الطريق إلى مكتب الخطوط البريطانية .
5828,كانت عيونه سود وبينهم مسافة.,كانت عيناه سوداوين ومفتوحتان على مداهما .,كانت عيونها نادرة ، ولكنهم مسافة مسافة .
29983,أرغب في بعض السجق ، من فضلك .,أرغب في بعض السجق ، من فضلك .,أرغب في بعض السجق ، من فضلك .
26109,"أي أنواع الحلويات تفضل , أيس كريم أم مشروب مثلجة ؟","أي أنواع الحلويات تفضل , أيس كريم أم مشروب مثلجة ؟","أي أنواع الحلويات تفضل , أيس كريم أم مشروب مثلجة ؟"
41218,بس لازم توعدنى إنك هتضرب الكورة، مش أنا. أوكى؟,ولكن عليك أن تعدني بركل الكرة ، وليس أنا . موافق ؟,لكن عليك أن تأكد أنك ستضرب الكورة ، أليس كذلك ؟
30709,لا ، لم نفعل ، ولكنك اشتريت البنزين . من فضلك املأ الخزان قبل أن تعيد السيارة .,لا ، لم نفعل ، ولكنك اشتريت البنزين . من فضلك املأ الخزان قبل أن تعيد السيارة .,لا ، لم نفعل ، ولكنك اشتريت البنزين . من فضلك املأ الخزان قبل أن تعيد السيارة .
7078,هو قريب شويه نقدر نمشي له؟,هل هو قريب لنصل إليه سيراً .,هل يمكن أن نذهب إلى هنا ؟
35176,"آه , إنى آسف . سوف أحضر طلبك بأقصى سرعة ممكنة .","آه , إنى آسف . سوف أحضر طلبك بأقصى سرعة ممكنة .","آه , إنى آسف . سوف أحضر طلبك بأقصى سرعة ممكنة ."
41742,تلات ورقات بميه، ورقتين بخمسين و خمس عشرينات، من فضلك .,ثلاثة من فئة المائة ، واثنان من فئة الخمسين ، وخمسة من فئة العشرين ، من فضلك .,ثلاثة ورقات ، ورقتين بخمسين وخمس عشرينات ، من فضلك .
40732,هل يمكن أن توصله بحلول الغد ؟,هل يمكن أن توصله بحلول الغد ؟,هل يمكن أن توصله بحلول الغد ؟
30281,أريد الصبغ باللون الأحمر من فضلك .,أريد الصبغ باللون الأحمر من فضلك .,أريد الصبغ باللون الأحمر من فضلك .
29071,ليه تاخر كتير الترين؟,لماذا تأخر القطار كثيراً ؟,لماذا تأخر كثيراً الترين ؟
46126,قولها مرة ثانية، لو سمحت.,تلفظ بها ثانيه من فضلك .,خذها ثانية ، من فضلك .
47290,لاء، بس كم شهر . لاقيت إنو رح كون هون لمدة تلات سنين .,لا ، فقط لأشهر قليلة . أعتقد أنني سأكون موجوداً لمدة ثلاث سنوات تقريباً .,لا ، ولكن لمدة شهر . لقد توقفت أن يكون هنا لمدة ثلاث سنوات .
37215,بتعلمني كيف اعدله؟,هلا أخبرتني كيفية تعديلها من فضلك ؟,هل تعلمني كيف أقوم بذلك ؟
18194,اى اوتوبيس اقدر اخده للهايد بارك؟,أي حافلة أركبها إلى هايد بارك ؟,أي حافلة يمكنني أن أخذها إلى هذه الحافلة ؟
9935,أنا عارف الهامبورجر حلو هنا.,أعرف أن الهامبورجر في هذا المكان لذيذة الطعم .,أعرف الهامبورجر رائع هنا .
40044,فى مكتبة قريب من هنا؟,هل ثمة محل قريب لبيع الكتب ؟,هل يوجد مكتبة قريبة من هنا ؟
29446,وين بلائي حلأ؟,أين يمكنني العثور على أقراط ؟,أين بلائي جميل ؟
10660,لما توصل هناك، اسال أي حد تاني، لوسمحت.,عندما تصل هناك أسأل شخص آخر ، من فضلك .,عندما تصل هناك ، انتظر أي شخص آخر ، من فضلك .
47491,عندي رحلة طيران غير مباشرة عالنورث ويست تنين تلاتة أربعة. وين بسجل دخول شنطاتي؟,سأركب طائرة ثانية في نورث ويست رقم اثنان ثلاثة أربعة . أين يمكنني تسجيل دخول أمتعتي ؟,لدي رحلة طيران مباشرة إلى الورث وثلاثة أربعة . أين سجل دخول حقيبتي ؟
13438,الجو معتدل .,المناخ معتدل .,الجو معتدل .
45823,الساعة تلاتة و ربع .,إنها الثالثة والربع .,الساعة الثالثة وأربعون .
25665,هل علىّ أن أتجنب أنواع معينة من الطعام خلال فترة تناولي هذا الدواء ؟,هل علىّ أن أتجنب أنواع معينة من الطعام خلال فترة تناولي هذا الدواء ؟,هل علىّ أن أتجنب أنواع معينة من الطعام خلال فترة تناولي هذا الدواء ؟
43581,كيوشو جزيرة كبيرة في جنوب اليابان .,كيوشو جزيرة كبيرة بجنوب اليابان .,كيوشو جزيرة كبيرة في جنوب اليابان .
1812,ستميت دولار بالشهر زيادة شهر دفعة مسبقة، و زيادة شهر مصاريف السمسار تبعنا.,ستمائة دولار كل شهر بالإضافة إلى شهر مقدم وقيمة شهر آخر قيمة سمسرتنا .,ستمائة دولار في شهر مقابل دفعة مسبقة ، و زيادة شهر دفعة السمسار .
8537,فيه اى محطة مترو قريبة؟,هل توجد محطة مترو أنفاق قريباً من هنا ؟,هل يوجد محطة مترو قريبة من هنا ؟
27145,متشكر على الضيافة بتاعتك.,شكراً على كرم ضيافتك .,شكراً على ضيافتك .
8875,بدي احجز مقعد على يونايتد، رقم الرحلة تسعة تنين تنين متجهة عنيويورك.,"أرغب في مقعد على الطائرة "" يونايتد "" رحلة رقم تسعة اثنان وعشرون المتجهة إلى مدينة نيويورك .",أريد حجز مقعد على يونيتد ، رقم الرحلة تسعة اثنان اثنان متجهة إلى نيويورك .
34661,بكلف تسعة وتسعين دولار أمركاني.,تتكلف تسعة وتسعون دولاراً أمريكياً .,بكلف تسعة وتسعون دولاراً أمريكياً .
48932,عندك بطاقة نزول؟,هل يوجد لديكم بطاقة وصول ؟,هل لديك بطاقة نزول ؟
50521,اى اقل و اكتر الافلام بيحبوها الناس؟,ما هو أحدث و أكثر فيلم شعبية ؟,أي أكثر الأفلام التي يمكن أن تحضرها الناس ؟
36109,كيف بوصل عنافورة كولومبوس؟,كيف يمكنني الذهاب إلى نافورة كولومبس ؟,كيف أصل إلى نافذة كولومبوس ؟
38319,عمبرجف.,إنني أرتجف .,أنا برجف .
23222,لو مؤاخذه . ممكن اخد خريطة المدينة؟,عذراً . هل يمكنني الحصول على خريطة للمدينة ؟,معذرة . هل يمكنني أن أخذ خريطة المدينة ؟
45163,مكالمتك ما توصل للدولة اللي تحاول تتصل لها. جرب تتصل في وقت ثاني لو سمحت.,إن اتصالك بالبلد الذى تحاول الاتصال به لا يمكن إتمامه الآن . من فضلك حاول الاتصال فى وقت لاحق .,ليست اتصالك بشخص الذي تحاول الاتصال بها . يمكنك الاتصال بوقت آخر ، من فضلك .
24738,إسمي ياماشيتا.,اسمي ياماشيتا .,اسمي ياماشيتا .
25959,واجد حر اليوم. خل نروح نسبح، نروح؟,"إن الطقس حار للغاية , اليوم فلنذهب للسباحة , هل سنعمل ذلك ؟",هذا حار اليوم . دعنا نذهب ، هل نذهب ؟
33671,أزيك، فين الكابينه بتاعتنا، من فضلط؟ ممكن تدلنا عليها؟,مرحباً ، أين حجرتنا الخاصة ، من فضلك ؟ هلا وجهتنا إليها ؟,حسنا ، أين الكابينة التي تفضلنا ، من فضلك ؟ هل يمكنك أن تقوم بذلك ؟
29970,عايز ازوده على فاتورة الاوضه .,أود إضافة هذا إلى رسوم غرفتي .,أريد أن أرسلها إلى غرفة الفندق .
50413,انا متأكد عندي حجز .,أنا متأكد أن لدى حجز .,أنا متأكد أنني بحاجة إلى حجز .
18769,لو انا سبتلكم الفيلم دلوقتي، امتى الصور حتكون جاهزة؟,في حالة تركي للفيلم الآن ، متى ستكون الصور جاهزة ؟,إذا حضرت الفيلم الآن ، متى ستكون الصور جاهزة ؟
45980,ابعت ده بالبريد الجوي لليابان، لو سمحت.,أرجو أن تبعث هذا بالبريد الجوي إلى اليابان .,لقد رسلت هذا بالبريد الجوي إلى اليابان ، من فضلك .
32143,لا شكراً، بس هذي.,لا شكراً ، هذا كله .,لا شكراً ، لكن هذا .
19382,عندكن محلات فاضية الليلة؟,هل لديكم أية أماكن شاغرة الليلة ؟,هل لديك محلات فاضية الليلة ؟
27927,ينفع اسأل ان كان حد يقدر ياخد الرحلة اللي بعد ديه؟,هل يمكنك أن تسأل عن إمكانية ركوب طائرة تالية ؟,هل يمكن أن أسأل هل كان أحد يمكن أن يقوم بإرسال هذه الرحلة بعد ذلك ؟
49969,لا يمكن الموافقة على هذا السعر .,لا يمكن الموافقة على هذا السعر .,لا يمكن الموافقة على هذا السعر .
38087,بتقدر تلفلي ياه هدية؟,هل لك أن تغلف هذه كالهدية ؟,هل يمكن أن تلفها لي ؟
6013,متى ، يا سيدي ؟,متى ، يا سيدي ؟,متى ، يا سيدي ؟
38545,بالإضافة الى الفطور، الضرائب، و رسوم الخدمة، بيكون خمس وأربعين دولار للشخص لكل ليلة.,بما في ذلك الإفطار ، والضريبة ، ورسم الخدمة ، سيكون الحساب خمسة أربعون دولارا للشخص الواحد في الليلة .,بالإضافة إلى الفطور ، الضرائب ، و رسوم الخدمة ، سيكون خمسة وأربعين دولاراً للشخص لكل ليلة .
34543,ممكن تطلع معايا في ميعاد غرامي؟,هل ستحدد موعداً للخروج معي ؟,هل يمكنك أن تحضر معك في ميعاد غرام ؟
13577,هو فيه مطعم تقدر تدلني عليه قريب من هنا؟,هل يوجد مطعماً يمكنك أن تزكيه بالقرب من هنا ؟,هل يوجد مطعم يمكنك أن تدلني عليه قريب من هنا ؟
18188,دة بارد شوية. هتسخنه؟,هذا بارد إلى حد ما . هل يمكن أن تقوم بتسخينه ؟,هذا بارد للغاية . هل ستسخنه ؟
50213,أعمل في بنك .,أعمل في بنك .,أعمل في بنك .
28009,خد ضربة جزاء .,خذ ضربة جزاء .,خذ ضربة جزاء .
3570,اي، تقدر. هذي بطاقة الأمتعة وبطاقة الصعود مالتك.,أجل ، يمكنك ذلك . هاهي بطاقة المطالبة وبطاقة المرور للصعود على متن الطائرة .,نعم ، يمكنك . هذه هي بطاقة الأمتعة وبطاقة الصعود .
5633,في رسايل بالرزمة؟ شو في بقلبو؟,هل توجد أية خطابات في الرزمة ؟ ماذا فيها ؟,هل هناك أي رسومات ذات نظارة ؟ ماذا عن قلبه ؟
49727,لا مؤاخذة، بس فين التواليت، من فضلك؟,معذرة ، ولكن أين دورة المياه ، من فضلك ؟,معذرة ، ولكن أين غرفة الحمام ، من فضلك ؟
30693,ممكن يبقى معاك جاهز على بكرة الساعة خمسة العصر؟,هل تستطيع تجهيزه بحلول الخامسة من مساء الغد ؟,هل يمكن أن يكون معي جاهز في الخامسة صباحاً ؟
40959,لحقني.,اتبعني .,لقد لحقني .
47255,اوكي. لا تحاتي. عندنا ممرض يفهم ياباني.,"حسنا , لا تنزعج . لدينا ممرضة تفهم اليابانية .",حسناً . لا تقول . لدينا ممرض يفهم ياباني .
16423,عايز حاجة لعسر الهضم.,أريد دواء لعسر الهضم .,أريد شيئاً لعسر الهضم .
43208,حوالي الألف و خمسمية دولار أسترالي و خمسين ألف ين.,حوالي ألف وخمسمائة دولار استرالي وخمسين ألف ين .,حوالي ألف وخمسين دولاراً أسترالي وخمسين ألف ين .
42232,هيدي هيي المحطة الأخيرة؟,هل هذه هي آخر محطة ؟,هل هذه هي المحطة الأخيرة ؟
15423,نعم ، قبل الرحيل ، هلا أخبرتني عن انطباعاتك عن اليابان .,نعم ، قبل الرحيل ، هلا أخبرتني عن انطباعاتك عن اليابان .,نعم ، قبل الرحيل ، هلا أخبرتني عن انطباعاتك عن اليابان .
34670,أكلت كثيرا نوعا ما .,أكلت كثيرا نوعا ما .,أكلت كثيرا نوعا ما .
38874,هاخد سبرايت كبير.,سوف أتناول زجاجة سبرايت كبيرة .,سوف أخذ بعض السبرايت كبير .
42690,تعرف اذا فيه فنادق رخيصة؟,هل تعرف ما إذا كان هناك أي فنادق رخيصة الأسعار ؟,هل تعرف إذا كان هناك فنادق رخيصة ؟
42117,اوكي . حيكون عندنا ترابيزه كويسة ليك . ممكن اسمك؟,حسنا . سنعدّ لك مائدة جيدة . هل لي آن أخذ اسمك ؟,حسناً . سيكون لدينا مائدة جيدة لك . هل يمكن أن أخبر اسمك ؟
41761,اي لون تحب؟,أي لون تحب ؟,ما هو لون تحب ؟
6067,مشكل جمبري لها و نفس الشيء لي.,خلطة جمبري لها ، وكذلك لي .,مشكل جمبري لها ونفس الشيء لي .
33961,هل لديكم نفس القرط ولكن بألوان أخرى ؟,هل لديكم نفس القرط ولكن بألوان أخرى ؟,هل لديكم نفس القرط ولكن بألوان أخرى ؟
5692,حصلت سرقة .,لقد كان هناك سطو مسلح .,لقد حصلت على سرقة .
10504,خلنا نشوف حرارتك. عندك شهية؟,دعني أقيس درجة حرارتك . هل لديك شهية للطعام ؟,دعنا نشاهد حرارتك . هل لديك شهية ؟
35791,عندي حرارة خفيفة. عندك شي منيح الا؟,أعاني من حمى طفيفة . هل لديك شيء جيد لعلاجها ؟,لدي حرارة خفيفة . هل لديك أي شيء جيد ؟
12802,كنت عايز الفيلم رقم ايه اس ايه ده للكاميرا دي، لو سمحت.,أود بعضاً من فيلم رقم ايه إس ايه لهذه الكاميرا ، من فضلك .,أريد الفيلم رقم ايه اس ايه هذه للكاميرا ، من فضلك .
42686,بما إني شتريت تزكارات كتيرة ما بساعو بشنطتي، بدي شنطة أو هيك شي.,"حيث أنني أحضرت تذكارات كثيراً جداً لأضعها في حقيبة سفري , وددت لو كان لدي حقيبة أو شيء من هذا القبيل .",بما أنني اشتريت بعض تزداد الأشياء التي أعطيتها بحقيبة سفري ، أريد حقيبة أو شيء ما .
14446,بغيت غرفة حق اثنين.,أريد غرفة لشخصين .,أريد غرفة لفردين .
659,ممكن أستخدم الشيك السياحي بتاعي؟,هل يمكنني استخدام شيك سياحي ؟,هل يمكنني استخدام الشيك السياحي ؟
45346,كان المفروض اطرشهم بالبريد الجوي.,كان يجب علىّ إرسالها بالبريد الجوي .,كان يجب أن أرسلهم بالبريد الجوي .
46552,فيي اقعد حدك؟,هل يمكن أن أجلس بجانبك ؟,هل يمكنني أن أجلس عندكم ؟
10417,خمسة وتلاتين ملليمتر فيلم ملون، لو سمحت.,من فضلك ، فيلم ملون خمسة وثلاثون مليمتر .,خمسة وثلاثين ملليمتر فيلم ملون ، من فضلك .
11343,"من فضلك , أعطني الباقي على هيئة فكة صغيرة .","من فضلك , أعطني الباقي على هيئة فكة صغيرة .","من فضلك , أعطني الباقي على هيئة فكة صغيرة ."
21522,إسمك ايه؟ والرتبة الرسمية؟,ما هو اسمك ؟ وما هي رتبك الرسمية ؟,ما اسمك ؟ والرتبة الرسمية ؟
30218,إيه، في أوضة متوفرة. كم واحد في هونيك؟,"نعم , توجد غرفة شاغرة . كم عدد الناس الموجدين هناك ؟",نعم ، يوجد غرفة متاحة . كم واحدة في هناك ؟
25240,صح. بحب شوفو مرة تانية .,هذا صواب . سأتمتع حقاً برؤيته مجدداً .,حسناً . أحب أن أحضر مرة أخرى .
38117,أنا ساتو. ستأجرت سيارة اليوم الصبح.,أنا ساتو . استأجرت سيارة هذا الصباح .,أنا ساتو . لقد استأجرت سيارة اليوم الصباح .
50747,"محاولة رائعة , ولكنك لن تعرف بطريقة مؤكدة بدون المحاولة .","محاولة رائعة , ولكنك لن تعرف بطريقة مؤكدة بدون المحاولة .","محاولة رائعة , ولكنك لن تعرف بطريقة مؤكدة بدون المحاولة ."
50793,شكراً. لي متى اقدر اطلب خدمة الغرف؟,شكراً . إلى أي وقت متأخر أستطيع الحصول على خدمة الغرف ؟,شكراً . متى يمكنني أن أطلب خدمة الغرف ؟
3919,تبغي تروح مباراة البيسبول؟,هل تريد الذهاب إلى مباراة بيسبول ؟,هل تريد الذهاب إلى مباراة البيسبول ؟
44285,عاجبني الجاكت .,أريد جاكيت .,أحب الجاكت .
30288,حتناسبه الورقة اللي حجمها قانوني؟,هل يناسب ورق مقاس ثمانية ونصف في ثلاثة عشر بوصة .,هل ستناسب هذه الورقة ؟
25492,تصنيع السيارات من أهم الصناعات في اليابان.,تصنيع السيارات هو الصناعة الرئيسية في اليابان .,تصنيع السيارات من أهم الصناعات في اليابان .
10822,فراولة ، من فضلك .,فراولة ، من فضلك .,فراولة ، من فضلك .
4039,لازم تروح معو؟,لا بد أن تذهب مع ؟,هل يجب أن تذهب معها ؟
45009,وقعت الكاميرا و كسرت زر التصوير .,سقطت هذه الكاميرا مني وانكسر الغالق .,وقعت الكاميرا و لقد وقعت زر التصوير .
50600,أربعين دولار لكل يوم زائد تمانية سنتات لكل ميل.,أربعون دولار يومياً ، بالإضافة إلى ثمانية سنت لكل ميل .,أربعون دولاراً لكل يوم زائد ثمانية سنتات لكل ميل .
48699,لو سمحت. ابغي اطلب.,معذرة . أريد أن أطلب طلب .,معذرة . أريد أن أطلب طلب .
33993,ولو سمحت خبرهم ان بنتأخر نص ساعة.,وأخبرهم من فضلك أننا سنتأخر حوالي ثلاثين دقيقة .,من فضلك أخبرهم أننا سنستغادر في نصف ساعة .
30817,انا افتكرت يا شباب انكم اكلتو دونات بس.,ظننت أنكم أيها الشباب تأكلون الكعك المخبوز فقط .,لقد ذكرت أنكم لديكم بعض الملابس فقط .
24105,هنا قليل من المقاعد المتروكة في الحلقة الرسمية .,هنا قليل من المقاعد المتروكة في الحلقة الرسمية .,هنا قليل من المقاعد المتروكة في الحلقة الرسمية .
24192,إنها على الخطوط الجوية اليابانية و رقمها سبعة اثنين واحد المتجهة إلى ناريتا .,إنها على الخطوط الجوية اليابانية و رقمها سبعة اثنين واحد المتجهة إلى ناريتا .,إنها على الخطوط الجوية اليابانية و رقمها سبعة اثنين واحد المتجهة إلى ناريتا .
11535,أبا استشوار.,أريد مجفف .,أريد استشوار .
41546,بعد إزنك. بعد شغلة وحدة. بفضل طاولة حد الشباك.,معذرة . أريد شيئاً آخر من فضلك . أفضل مائدة بالقرب من النافذة .,معذرة . منذ عملة واحدة . أفضل مائدة في النافذة .
23156,برضو فيك تجيب معدل أحسن.,يمكنك تحقيق عدد نقاط أفضل .,يبدو أنك تحضر معدل أفضل .
10629,ما عندي موعد، لكنه عاجل.,ليس لدي موعد ، لكن الأمر عاجل .,لا يوجد لدي موعد ، لكنه عاجل .
39535,أود زيارة جراح .,أود زيارة جراح .,أود زيارة جراح .
45444,صورنا مع هالمبنى، لو سمحت.,"أظهر هذا المبنى معنا , من فضلك .",صورةنا مع هذا المبنى ، من فضلك .
1121,ممكن تجيب تاكسي؟,هلا طلبت تاكسي ؟,هل يمكنك أن تحضر سيارة أجرة ؟
16201,شو سبب رحلتك؟,ما الغرض من رحلتك ؟,ما هو سبب رحلتك ؟
4976,ممكن تغيرلي فرانك لجنيه استرلينى؟,هل لك أن تحول فرنكات فرنسية إلى جنيهات إسترلينية ؟,هل يمكنك تغيير فرانك لرعاية الملابس ؟
850,لحد امتى الفيزا ديه شغاله؟,كم تظل هذه التأشيرة سارية المفعول ؟,متى يمكنني أن أجد الفيزا ؟
13624,حط هالشنطة هناك، والثانية في الكبت، لو سمحت.,ضع الحقيبة هناك والحقيبة الكبيرة في الدولاب ، من فضلك .,ضع هذه الحقيبة هناك ، و الثانية في الكبت ، من فضلك .
50165,اي، بعض الغرف تطل على الحديقة، بس يكلفون اكثر.,"نعم , بعض حجراتنا تطل على حديقة , لكنها مكلفة كثيرا .",نعم ، بعض الغرف تطل على الحديقة ، لكن يكلفون أكثر .
33273,إزا بتريد نصحني بمحل.,من فضلك زكي متجراً .,من فضلك نصحني في محل .
38583,كان كتير طويل وكتير بطيء.,كان بالغ الطول والبطء .,كان طويلاً جداً للغاية .
8465,هيدي لائحة الأصناف عنا، يا إستاز.,هذه هي قائمة الطعام لك يا سيدي .,هذه هي قائمة الأصناف لدينا ، يا سيدي .
47416,رقم كرسيك موجود في تذكرة الاكسبريس.,رقم مقعدك مطبوع على تذكرة القطار السريع .,رقم كرسيك موجود في تذكرة الإكسبريس .
5488,دعني أرى . هذه هي المدينة المجاورة .,دعني أرى . هذه هي المدينة المجاورة .,دعني أرى . هذه هي المدينة المجاورة .
19168,من فضلك أرني فواتير .,من فضلك أرني فواتير .,من فضلك أرني فواتير .
18376,اقدر احجز خمسة مقاعد على نفس الصف؟,هل يمكن أن أحجز خمسة مقاعد في الصف نفسه .,هل يمكن أن أحجز خمسة مقاعد في نفس الصف ؟
40021,عندي حجز حق ليلتين.,لقد حجزت لليلتين .,لدي حجز لمدة ليلتين .
16053,هل ستغادر هذه الرحلة في ميعادها بالضبط ؟,هل ستغادر هذه الرحلة في ميعادها بالضبط ؟,هل ستغادر هذه الرحلة في ميعادها بالضبط ؟
46456,صار في حادث.,لقد وقعت حادثة .,لقد حدثت حادث .
47847,شو يصير حتى وقت متأخر؟,ما الذي كان يحدث منذ الفترة الأخيرة ؟,ماذا يمكن أن تفعل حتى الوقت متأخر ؟
35559,شنو اقدر اسوي لك؟ انت في مشكلة؟,ماذا يمكن أن أفعل لك ؟ هل تعاني من مشكلة ؟,ماذا يمكن أن أفعل لك ؟ هل أنت في مشكلة ؟
3382,بدي إلك شي.,أود أن أخبرك أمراً .,أريد شيئاً .
46281,كان الأحسن تستسلم.,الأجدر بك أن تكف عن ذلك .,كان الأفضل أن تستسلم .
8274,أهذه هي الحافلة التي توصل إلى وسط المدينة ؟,أهذه هي الحافلة التي توصل إلى وسط المدينة ؟,أهذه هي الحافلة التي توصل إلى وسط المدينة ؟
9303,مسجل السي ديات هذي ما يشتغل. ابغيك ترد لي فلوسي.,مشغل الاسطوانات هذا لا يعمل . أريد استرجاع نقودي .,هذا مسجل السيدات لا يعمل . أريد أن ترد لي فلوسي .
6056,منو خطر؟,أليس هذا خطير ؟,هل هذا خطر ؟
38661,لازم ترتاح اليوم بالتخت.,يجب أن تستريح اليوم .,يجب أن ترتاح اليوم في الحمام .
43373,هل من الممكن إجراء اتصال على أن يتم تحصيل أجرته من الطرف الآخر ؟,هل من الممكن إجراء اتصال على أن يتم تحصيل أجرته من الطرف الآخر ؟,هل من الممكن إجراء اتصال على أن يتم تحصيل أجرته من الطرف الآخر ؟
3003,اذا وجدت أي شيء، لو سمحت كلمني.,إن عثرت على شيء ، اتصل بي من فضلك .,إذا وجدت أي شيء ، من فضلك اتصل بي .
22782,عم فتش على سوفينير لماما .,أبحث عن تذكار لوالدتي .,أبحث عن سوفينير لماما .
13254,تبيني اخذ صورتك؟,هل تريدني أن ألتقط لك صورة ؟,هل تريد أن أخذ صورتك ؟
31208,فيك حساسية من أي أدوية؟,هل تعاني من حساسية بالنسبة لأدوية معينة ؟,هل يمكن أن تقوم بعمل حساسية من أي أدوية ؟
46180,أهلا. ده تأمين بوسطن؟,أهلا . هل هذه بوسطن للتامين ؟,مرحبا . هل هذا تأمين بوسطن ؟
40471,بعتزر. بعتئد إنك ما عطيتني مصاري كفاية.,معذرة . أظن أنني دفعت أقل من المطلوب .,آسف . أعتقد أنك لم أضعها على وجهك .
25603,بيكون جاهز بكرة المسا.,ستكون قد أنجزت بحلول مساء الغد .,سيكون جاهزا غداً .
28381,رح نحاول جهدنا نتوصل لخلاصة بهالموضوع الاجتماع الجاي .,سنبذل قصارى جهدنا لنصل إلى حل بخصوص هذا الأمر قبل صباح الغد .,سوف نحاول أن نتصل لهدف هذا الموضوع في الاجتماع القادم .
45861,التوب كبير شوية. ممكن تغيره؟,الجزء العلوي كبير إلى حد ما . هل يمكنك أن تعديله ؟,الحافلة كبيرة جداً . هل يمكنك أن تغيرها ؟
12736,شنو بتاخذ حلو؟,ماذا ستأخذ من الحلوى ؟,ماذا تفضل ؟
23622,آسف ، لقد تحققت من إدارة الخدمة وإدارة المفقودات ولم أجدها عندهم .,آسف ، لقد تحققت من إدارة الخدمة وإدارة المفقودات ولم أجدها عندهم .,آسف ، لقد تحققت من إدارة الخدمة وإدارة المفقودات ولم أجدها عندهم .
45166,ممكن تلف دة هدية؟,هل لك أن تغلف هذه كالهدية ؟,هل يمكن أن تلف هذه هدية ؟
24001,عايزين تلعبوا اتنينات؟,أريد أن ألعب مباراة زوجية ؟,هل تريد أن تلعب اثنين ؟
47137,انت بتعمل ايه؟,ماذا تفعل .,ماذا تفعل ؟
41468,متي سنغادر ؟,متي سنغادر ؟,متي سنغادر ؟
3653,ليت الرسالة مالتي شغال.,مصباح الرسائل الخاص بي مضاء .,لقد اتصلت الرسالة بشكل جيد .
16729,تمام. أنا هاخدك هناك.,و هو كذلك . سأوصلك إلى هناك .,حسناً . سأذهب إلى هناك .
14771,عايز حاجه خفيفة .,أريد شيئاً خفيفاً .,أريد شيئاً خفيفاً .
297,اظن ان في غلط.,أعتقد أن هناك خطأ .,أعتقد أن هناك خطأ .
8909,هذي حزمة عينات. عادي؟,هذه حزمة على سبيل العينية ، هل هذا يناسبك ؟,هذه حزمة عينات . هل هذا صحيح ؟
25867,يصير اعزمك على الغدا؟,هل يمكن أن أدعوك للغداء ؟,هل يمكن أن أقوم بعمل إجراء الغداء ؟
24377,عندك خريطة لطريق المترو؟,هل لديك خريطة لطرق مترو الأنفاق ؟,هل لديك خريطة لطريق مترو الأنفاق ؟
2344,أتمنى اعمل حساب ايداع في البنك ده.,أريد فتح حساب إيداع بهذا البنك .,أتمنى أن أقوم بعمل حساب إيداع في هذا البنك .
39421,أية حافلة متجهة إلى فندق جراند ؟,أية حافلة متجهة إلى فندق جراند ؟,أية حافلة متجهة إلى فندق جراند ؟
21334,طلبنا رح يجي قريبًا؟,هل سيأتي طلبنا حالاً ؟,هل طلبنا سيأتي قريباً ؟
12052,"لا حقيقة , أنا أخشى ذلك , يمكنك أن تركب مترو الإنفاق من هنا بمخاطرة منك إذا صح أن يقال .","لا حقيقة , أنا أخشى ذلك , يمكنك أن تركب مترو الإنفاق من هنا بمخاطرة منك إذا صح أن يقال .","لا حقيقة , أنا أخشى ذلك , يمكنك أن تركب مترو الإنفاق من هنا بمخاطرة منك إذا صح أن يقال ."
27887,قول له ان يامادا اتصل لو سمحت.,من فضلك أخبريه أنت يامادا قد اتصل .,أخبره أن يامادا اتصل من فضلك .
41980,سوف نتتبع التطورات بعناية بعد عودتنا لليابان .,سوف نتتبع التطورات بعناية بعد عودتنا لليابان .,سوف نتتبع التطورات بعناية بعد عودتنا لليابان .
6848,هو أنا لازم أحجز للمطعم في القطر؟,هل يجب أن أقوم بالحجز في عربة العشاء داخل القطار ؟,هل يجب أن أحجز للمطعم في القطار ؟
5754,وين باقوك؟ تعرف، اذا بنت حاولت تقاوم، ممكن يصير شي اخطر.,"أين سُــرقت ؟ أنت تعرفين , لو أن فتاة تحاول المقاومة فإن الأمر سيصبح أكثر خطورة .",أين باقوك ؟ تعرف ، إذا كنت حاولت تحميض ، يمكن أن يكون هذا أخطر .
22952,عطني جدولك مال هالأسبوع.,قل لي عن جدول مواعيدك لهذا الأسبوع ؟,أعطني بعض المال هذا الأسبوع .
4469,إيه المنظر دة. دى سكك حديد ضخمة.,ياله من منظر . إنها مسالك رائعة الجمال .,نعم ، هذا المنظر . إنه سكك حديد ضخمة .
34933,أيوا، عندنا حجز لك.,نعم ، لدينا حجز لك .,نعم ، لدينا حجز لك .
45897,أنا بالحمام . ما في ماي سخنة بالدوش .,أنا في الحمام . لا توجد مياه ساخنة في الدش .,أنا بالحمام . ما في ما سخنة بالدوش .
2069,عنا كتير مناسبات سنوية غير الأعياد الوطنية.,عندنا احتفالات سنوية عديدة بجانب الإجازة القومية .,لدينا كثير من مناسبات سنوية غير الأعياد الوطنية .
6232,عنا مئاعد متوفرة عسفرة الساعة تمانة وخمسة نهار الأربعا ستة وعشرين الشهر.,"لدينا مقاعد متاحة في الرحلة الجوية رقم ثمانية خمسة يوم الاثنين , السادس و العشرون .",لدينا مئاعد متوفرة في الساعة الثامنة وخمسة مساءاً في الساعة الرابعة وعشرين مساءاً .
19704,خلينا نرن عليه .,لنتصل به .,دعنا نرن عليها .
17385,هيكون وقت أد إيه قبل ما يخرج؟,كم تستغرق حتى تصبح متاحة .,كم وقت يخرج قبل أن يخرج ؟
17473,هذه خمسة و ثلاثون دولاراً .,هذه خمسة و ثلاثون دولاراً .,هذه خمسة و ثلاثون دولاراً .
18778,قاعة الطعام في الدور الاول و بتتفتح الساعة خمسة و نص العصر .,غرفة الطعام في الطابق الأول وتكون مفتوحة في الساعة الخامسة والنصف مساءً .,قاعة الطعام في الدور الأول و تحتفظ في الخامسة والنصف عصراً .
1276,صباح الخير، كيفك؟,صباح الخير . كيف حالك .,صباح الخير ، كيف حالك ؟
36960,التليفريك ديه حياخدك للفنق .,هذه العربة المعلقة ستأخذك إلى الفندق .,هذه الهاتف ستأخذك إلى الفنق .
5733,لازم تجرب قايمة الأكل في المكان ده.,ينبغي عليك أن تجرب الطعام الذي يقدم في هذا المكان ؟,يجب أن تجرب بعض القهوة في هذا المكان .
40501,امم، كلية كنقسبورت للحريم، لو سمحت، اخوي. انزين، ما بيعدي الموضوع. ما يصير يقاطعون قرارت الإدارة، الشي مو ديموقراطي.,"أه ، إلى كلية كينجسبورت للنساء من فضلك ، أيها السائق . حسنا ، لن يفلحوا في الأمر . إنهم لن يستطيعون مقاطعة قرار مجلس الإدارة , هذا أمر غير ديموقراطي .",حسنا ، كلية كنقسبورت للحريم ، من فضلك ، يا سيدي . حسنا ، لا بيعت هذا . لا يمكن أن يقاطعوا قرارت الإدارة ، هذا لا يمكن أن ي
1118,إنت ف عربية كام؟,ما الحافلة التي كنت على متنها ؟,كم تتقاضى لمشاهدة المعالم ؟
31594,ضيعت عدستي هني. ممكن تدور معاي؟,لقد فقدت عدساتي اللاصقة بالقرب من هنا . هل بحثت عنها معي ؟,لقد فقدت عدستي هنا . هل يمكنك أن تبحث عن ذلك ؟
581,هو مركز بيع التذاكر بسعر مخفض. تقدر تشتري تذاكر من هناك بتخفيض خمسين بالمية.,إنه مركز للتخفيضات على التذاكر . يمكنك شراء تذاكر بنصف السعر .,إنه مركز بيع التذاكر بسعر مخفض . يمكنك شراء تذاكر من هناك بتخفيض خمسين بالمئة .
5045,هما في الدور التاني.,إنها في الطابق الثاني .,إنها في الدور الثاني .
4130,إزا بتريد فحصلي الدولاب السبير، كمان.,من فضلك تحقق من الإطار الاحتياطي ، كذلك .,من فضلك فحصلي إلى الدولاب السبير ، أيضاً .
10565,هو كان فى مجال إيه؟,في أي مجال كان من قبل ؟,ماذا كان في مجال ؟
23983,هل لي أن أدفع بالمارك الألماني أيضاً ؟,هل لي أن أدفع بالمارك الألماني أيضاً ؟,هل لي أن أدفع بالمارك الألماني أيضاً ؟
12824,اظن ان ممكن يكون في غلط بهذي. ممكن تجيكه؟,أنا أعتقد أن هذا قد لا يكون صحيحاً . هل يمكنك أن تفحصه ؟,أعتقد أن هذا يمكن أن يكون هناك خطأ . هل يمكنك أن تحضرها ؟
38734,أنهي صالة؟,أي محطة ؟,ما هي صالة ؟
25329,خليني إتأكد. شو عن الفلة عالتمانة إلا تلت.,دعيني أراجع . ماذا لو كانت المغادرة في السابعة وأربعين ؟,دعني تأكد . ماذا عن الفلة رقم ثلاثة إلى ثلاثة .
21362,اوكي. لو سمحت روح حق كاونتر الجوازات.,حسنا . توجه إلى مكتب فصح جوازات السفر .,حسناً . من فضلك اذهب إلى كاونتر الجوازات .
41300,إذا قسمنا اثنين وسبعين على تسعة كان الناتج ثمانية .,إذا قسمنا اثنين وسبعين على تسعة كان الناتج ثمانية .,إذا قسمنا اثنين وسبعين على تسعة كان الناتج ثمانية .
46503,فيك تأمن هالعلبة؟,هل يمكنك أن تؤمن على هذا الطرد ؟,هل يمكنك أن تأمن هذه الحقيبة ؟
25141,شو هوي نظام الإسترداد؟,ما هو نظام الاسترداد ؟,ما هو نظام الاسترداد ؟
34665,خلني افكر. بجيك محلات ثانية.,دعني أفكر فيها . سوف أتحقق في بعض المتاجر الأخرى .,دعني أفكر . سأحضر محلات أخرى .
1599,انا استخدم صندوق الأمانات مالكم.,أنا أستخدم خزينتك الحديدية .,أنا أستخدم صندوق الأمانات .
33511,أي حافلة تذهب إلى وسط المدينة ؟,أي حافلة تذهب إلى وسط المدينة ؟,أي حافلة تذهب إلى وسط المدينة ؟
7621,انت هني حق شهر العسل؟,هل أنت هنا لقضاء شهر العسل ؟,هل أنت هنا للشهر العسل ؟
14148,بدي شوية حليب، عمول معروف.,أود أخذ بعض الحليب من فضلك .,أريد بعض الحليب ، من فضلك .
42974,ممكن تطقه لي؟,هل يمكنك طلب الرقم من أجلي ؟,هل يمكن أن تحضرها لي ؟
23166,أنهو ممر؟,أيّ ممر ؟,ما هو ممر ؟
28364,سآخذ شريحة من هذا .,سآخذ شريحة من هذا .,سآخذ شريحة من هذا .
41667,هذي اللون غلط.,انه اللون الخاطئ .,هذا اللون خطأ .
4518,عبالي شي إشربو.,أريد شراباً .,أريد شيئاً من الإشارة .
39021,مليان، لاء يسلمو .,كامل العدد ، كلاً أشكرك .,حسناً ، شكراً لك .
4775,مش عملاقي المخرج .,لا أستطيع إيجاد هذا المخرج .,لا أستطيع أن أجد المخرج .
25454,هل تعترض على لون آخر ؟,هل تعترض على لون آخر ؟,هل تعترض على لون آخر ؟
24894,فيني صداع.,أشعر بصداع .,أنا صداع .
45336,ماصدق انك اربعين.,لا أصدق أنك حقا في الأربعين .,لا أصدق أنك أربعين .
32841,عندك لون اغمق؟,ألديك لون أكثر دُكنة ؟,هل لديك لون اغمق ؟
44551,إنني ذاهب إلى باريس .,إنني ذاهب إلى باريس .,إنني ذاهب إلى باريس .
34539,أه، أنا عاوز أشوف المعالم السياحية للمدينة.,أجل ، أريد مشاهدة معالم المدينة .,أجل ، أريد أن أرى المعالم السياحية إلى المدينة .
31295,المنيو الثابتة، إزا بتريد.,"الوجبة الكاملة , من فضلك .",المياه الثابتة ، من فضلك .
21843,بالفئة الأولى، مأعد مع غير المدخنين، إزا بتريد.,درجة أولى ، مقعد لغير المدخنين من فضلك .,في الفئة الأولى ، مقعد مع غير المدخنين ، من فضلك .
4303,آلة تصويري لا تعمل جيداً .,آلة تصويري لا تعمل جيداً .,آلة تصويري لا تعمل جيداً .
29700,شرير.,إنه مريب .,حسناً .
7652,هل قلت لي كيف أذهب إلى المتحف ؟,هل قلت لي كيف أذهب إلى المتحف ؟,هل قلت لي كيف أذهب إلى المتحف ؟
3037,توجد حافلة أخرى في الثانية عشر والنصف .,توجد حافلة أخرى في الثانية عشر والنصف .,توجد حافلة أخرى في الثانية عشر والنصف .
10445,عندك رزنامة بالفعاليات؟,هل لديكم برنامج بالأنشطة ؟,هل لديك بعض الأرز التي تناسبني ؟
11923,ارفع صوتك ، من فضلك .,ارفع صوتك ، من فضلك .,ارفع صوتك ، من فضلك .
35255,كريمة وسكر؟,كريمة وسكر ؟,هل كريمة وسكر ؟
49340,لو سمحت فعل بطاقتي.,من فضلك نشط بطاقة المفتاح .,من فضلك فعل بطاقتي .
4233,لقد خلعت البنطلون .,لقد خلعت البنطلون .,لقد خلعت البنطلون .
15016,انزل عند الناصية وادخل شمال عند إشارة المرور.,اذهب إلى الناحية وانعطف يساراً عند إشارة المرور .,اتجه يساراً عند إشارة المرور .
22702,عندنا احساس مختلف بالقيم .,لدينا إحساس مختلف بالقيم .,لدينا أحساس مختلف بالقيم .
43057,ابغي اشتري شنطة.,أود أن أشترى حقيبة .,أريد شراء حقيبة .
28735,نص قنينة، لو سمحت.,"نصف زجاجة , من فضلك .",نصف زجاجة ، من فضلك .
29579,وين اقدر اشتري تذكرة مترو الأنفاق؟,أين يمكنني شراء تذكرة للمترو ؟,أين يمكنني شراء تذكرة مترو الأنفاق ؟
33808,بتعمل أحسن المرة الجاية. خليك هيك.,سوف يتحسن أداؤك في المرة القادمة . واظب على الممارسة ؟,سوف تعمل أفضل المرة القادمة . خذها لك .
7982,بدك مساعدة؟,هل تريد أي مساعدة ؟,هل تريد مساعدة ؟
7932,ما حاستعمل الفلاش.,لن أستعمل الفلاش .,لا أستطيع استخدام الفلاش .
17967,أود أن أحجز من فضلك .,أود أن أحجز من فضلك .,أود أن أحجز من فضلك .
5707,مع السلامة، اتصل فيني الليلة.,إلى اللقاء ، اتصل بي الليلة .,مع السلامة ، اتصل بي الليلة .
10639,دائم اشوفه كل صباح على القطار.,أراه دائما كل صباح في القطار .,يمكنني أن أرى هذا كل صباح في القطار .
20996,حر.,الجو حار .,هذا حار .
11682,بشوفك . دقلي بكرا .,وداعا واتصل بي غداً .,سأرى . سوف أحضر لي غدا .
41735,لازم تركب الباص.,يجب عليك أن تستقل حافلة .,يجب أن تركب الحافلة .
36541,كم قيمة الين الياباني مقابل الدولار الامريكي؟,ما قيمة الين الياباني مقابل الدولار الأمريكي ؟,كم قيمة الين الياباني مقابل الدولار الأمريكي ؟
26217,عايز احجز كرسي على خطوط يونايتد الجوية، رقم الرحلة تسعمية اتنين وعشرين لنيويورك .,"أرغب في مقعد على الطائرة "" يونايتد "" رحلة رقم تسعة اثنان وعشرون المتجهة إلى مدينة نيويورك .",أريد حجز مقعد على خطوط يونايتد الجوية ، رقم الرحلة هو تسعة صفر اثنان إلى نيويورك .
32168,أنا كمان انبسطت بشوفتك.,سعيد لرؤيتكم ، أيضا .,لقد اتصلت كثيراً بمشاهدة هذه .
22734,ما عندي نسخة من تذكرتي مالت الطيارة.,ليس لدي نسخة من تذكرة طائرتي .,ليس لدي نسخة من تذكرتي في الطائرة .
9592,حابين إنك تجي تأضي كم يوم معنا بالربيع.,نود أن تأتي وتقضي بضعة أيام معنا في هذا الربيع .,أتمنى أن تأضي بضعة أيام معنا في الربيع .
10064,هل يوجد محل تجميل هنا ؟,هل يوجد محل تجميل هنا ؟,هل يوجد محل تجميل هنا ؟
17555,مرحبا. تفضل فوت. انبسطت لأنك إئدرت تجي. كان صعب عليك تلائي بيتنا؟,سلام أدخل . إنني سعيد لأنك جئت . هل تعبت في العثور على منزلنا .,مرحبا . لقد قضيت . لقد أغلقت سيارتك . هل يمكن أن تحضر لي بعض الوقت .
29898,تنين همبرغر مع جبنة، لو سمحت.,سندويتشان برجر بالجبن ، من فضلك .,اثنين همبرجر مع بعض الجبن ، من فضلك .
1448,أريد أحمر شفاه .,أريد أحمر شفاه .,أريد أحمر شفاه .
216,إنه مرتفع الصوت للغاية .,إنه مرتفع الصوت للغاية .,إنه مرتفع الصوت للغاية .
17418,اذا احد استخدم الكردت كارد مالتي، تقدر تعوضني؟,إذا استخدمت بطاقتي الائتمانية ، هل تستطيعون تعويض المبلغ ؟,إذا ستخدم أحد استخدام الغاز ، هل يمكن أن تعوضني ؟
8970,حرامي . امسكوة .,لص . أمسكوا به .,حرام . اسكتلندي .
25393,بوافئ عأكترية اللي إلتو.,أتفق مع معظم ما اقترحت .,سوف أحضر لك بعض الوقت الذي حدثت .
28199,عندك هذي بس بلون فاتح؟,هل لديك هذه بلون زاهي ؟,هل لديك هذا بلون فاتح ؟
43486,انا بخير. لكن هل تمانع بالاتصال بصديقي؟,أنا بحالة جدية ، لكن هل تمانع في الاتصال بصديق ؟,أنا على ما يرام . لكن هل تمانع في الاتصال بصديق ؟
7616,فين محل بيع الكتب بارنز ان نوبل؟,أين بارنز ونوبلز ؟,أين محل بيع الكتب بارنز للبيع ؟
3792,عندك تغيير الحرس اليوم؟,هل سيتم عرض تغير الحرس اليوم ؟,هل لديك تغيير الحرس اليوم ؟
21970,مش عايز كوباية شاي؟,ألا ترغب في فنجان شاي ؟,هل تريد كوب من الشاي ؟
49133,ضلت الحرب الباردة أربع سنين ونص، من الألف وتسع مية وواحد وأربعين لخمسة وأربعين، يعني بلشت بعد سنتين من الحرب العالمية التانية.,استمرت حرب الباسيفيك لمدة أربعة سنوات ونصف ، من ألف وتسعمائة وواحد وأربعون إلى خمسة وأربعون ، و قد اندلعت بعد الحرب العالمية الثانية بعامين .,لقد ضلت الحرب الباردة أربع سنوات ، من الألف وتسعمائة وواحد وأربعين لخمسة وأربعين ، لذلك سوف أغلقت بعد سنتين من الحرب العالمية الثانية .
8675,طلب ديليفري سلطة بطاطس، من فضلك .,طلب سلطة بطاطس على الحساب من فضلك .,طلب ديليفر سلطة بطاطس ، من فضلك .
19735,شو العمر المحدد؟,ما هو الحد الأقصى للعمر ؟,ما هو العمر المحدد ؟
28727,اي نوع صوص؟,أي نوع من الملابس ؟,ما نوع اللحم ؟
31081,صلحه او بدله، لو سمحت.,إما أن تصلحها أو تستبدلها ، من فضلك .,صلحها أم بدله ، من فضلك .
1536,كم يوم؟,كم عدد الأيام ؟,كم يوم ؟
2286,الساعة كم بنوصل نيويورك؟,متى نصل إلى نيويورك ؟,متى سنصل إلى نيويورك ؟
9645,أريد فقط أن أؤكد أن مدير شركتك التنفيذي سوف يحضر اجتماع غدا .,أريد فقط أن أؤكد أن مدير شركتك التنفيذي سوف يحضر اجتماع غدا .,أريد فقط أن أؤكد أن مدير شركتك التنفيذي سوف يحضر اجتماع غدا .
24708,أنا مع عيلتي، عشان كدة مش حقدر أديلك رقم أوضتي.,إني مع أسرتي . ولذا لا يسعني أن أعطيك رقم غرفتي .,أنا مع زوجتي ، لذلك لا أستطيع أن أغير رقم غرفتي .
13631,الهدوم الرجالي في أنهي دور؟,في أي الطوابق توجد الملابس الرجالي ؟,هل هذه هي ملابس الرجالي ؟
24384,هلا أوصلتني من فضلك إلى الرقم الداخلي ثلاثة صفر ثلاثة .,هلا أوصلتني من فضلك إلى الرقم الداخلي ثلاثة صفر ثلاثة .,هلا أوصلتني من فضلك إلى الرقم الداخلي ثلاثة صفر ثلاثة .
8596,من فضلك صلحة .,من فضلك ، اصلح هذه .,من فضلك صلحة .
14293,شو هيي أكتر رياضة معروفة هون؟,ما أكثر الرياضات المشهورة هنا ؟,ما هي أكثر الرياضات التي يمكن أن تكون معروفة هنا ؟
9931,التلفزيون ما يشتغل.,التلفاز لا يعمل .,التلفاز لا يعمل .
32962,حننزل في نيويورك إمتى؟,متي سنهبط في نيويورك ؟,متى سننزل في نيويورك ؟
50525,قدمت وقت الروحة.,قمت بتقديم وقت المغادرة .,قدمت وقتاً طويلاً .
50400,فين المحطة؟,أين الموقف ؟,أين المحطة ؟
15709,هو ممكن أرجعه في مدينة مختلفة؟,هل يمكنني إعادتها في مدينة مختلفة ؟,هل يمكن أن أرجعها في مدينة مختلفة ؟
37686,عينيه سودا و بعاد عن بعض .,كانت عيناه سوداوين ومفتوحتان على مداهما .,عينيه سودا وبيض عن بعضها .
7949,رئيس مجلس إدارتنا ؟ نعم ، إنه يتمتع بالكوكتيل . أريدك أن تقابله ، هيا بنا .,رئيس مجلس إدارتنا ؟ نعم ، إنه يتمتع بالكوكتيل . أريدك أن تقابله ، هيا بنا .,رئيس مجلس إدارتنا ؟ نعم ، إنه يتمتع بالكوكتيل . أريدك أن تقابله ، هيا بنا .
31747,تمام. الماتش هايبقى إمتى؟,حسناً . متى ستقام المباراة ؟,حسناً . متى ستكون المقاعد جاهزة ؟
22034,دي الشنطة كويسة لكل الطقوس؟,هل هذه الحقيبة مناسبة لكل حالات الطقس ؟,هل هذه الحقيبة مناسبة لكل الطقوس ؟
7515,هدا تخصصنا، صدر السمك المشوي.,"هذا هو طبقنا المميز , سمك موسى المشوي الخاص بدوفر .",هذا تخصصنا ، صدر السمك المشوي .
40242,أنا باروح نادي رياضي يوم أه ويوم لأ.,اذهب إلى نادي رياضي كل يومين .,سأذهب إلى نادي رياضي يوم أيام أيام .
10050,على الساحل الشرقي ، تجد أيضاً أماكن شهيرة . مثل نيويورك ، واشنطن ، دي دي وبوسطن .,على الساحل الشرقي ، تجد أيضاً أماكن شهيرة . مثل نيويورك ، واشنطن ، دي دي وبوسطن .,على الساحل الشرقي ، تجد أيضاً أماكن شهيرة . مثل نيويورك ، واشنطن ، دي دي وبوسطن .
37821,مبروك، سمعت انك حصلت وظيفة مع شركة إيه بي سي.,مبروك ، لقد سمعت أنك حصلت على وظيفة لدي شركة إيه بي سي .,مبروك ، سمعت أنك حصلت على وظيفة مع شركة إيه بي سي .
18239,في شي بالصدفة تأمين لهالرحلة؟,بالصدفة ، هل لديك تأمين سفر لهذه الرحلة ؟,هل يوجد أي مكان يمكنني الحصول على تأمين لها لرحلة ؟
35652,فين أهل البلد متعودين ياكلو؟,أين يأكل الناس المحليين عادة ؟,أين يمكنني أن يحضر أطفال المدينة ؟
44156,أود إضافة هذا إلى رسوم غرفتي .,أود إضافة هذا إلى رسوم غرفتي .,أود إضافة هذا إلى رسوم غرفتي .
11771,شكلك ميديش فوق الواحد وعشرين سنة.,لا تبدوا أكثر من إحدى وعشرون سنة من العمر .,يبدو أنك على مائة وعشرين عاما .
21842,إنه يؤلم بشدة حتى إنني لا أستطيع تحمله أكثر من هذا .,إنه يؤلم بشدة حتى إنني لا أستطيع تحمله أكثر من هذا .,إنه يؤلم بشدة حتى إنني لا أستطيع تحمله أكثر من هذا .
25303,أنت ملاكي . شكراَ جزيلاً لك .,أنت ملاكي . شكراَ جزيلاً لك .,أنت ملاكي . شكراَ جزيلاً لك .
31607,ما في خدع.,لا خدعة .,لا يوجد هناك خدع .
12515,دة شغل مكنة ولا هاند ميد؟,هل هذا مصنوع آليا أم يدويا ؟,هل هذا هو مشروع مكنة أم ميد ؟
39075,عندك مانع لو اخدت صورة ليك وللتاكسي بتاعك؟,هل تمانع إذا التقطت صورة لك ولسيارتك الأجرة ؟,هل تمانع في أن أرسل صورة لك إلى تاكسي ؟
31767,نوعا ما . انا كنت في المنطقة .,نوعا ما . لقد ذهبت إلى المنطقة .,نوعا ما . كنت في المنطقة .
9462,"جوا , من فضلك .","جوا , من فضلك .","جوا , من فضلك ."
36637,هل يوجد مكان آمن لتخزين حقائبي ؟,هل يوجد مكان آمن لتخزين حقائبي ؟,هل يوجد مكان آمن لتخزين حقائبي ؟
38065,حنوصل امتى لنيويورك؟,متى نصل إلى نيويورك ؟,متى سنصل إلى نيويورك ؟
48040,تباني اشيك تحت الكبوت؟,هل تريد أن افحص موتور السيارة ؟,هل يمكن أن أضع تحت الكبوت ؟
9129,هذي ليسني الدولي.,ها هي رخصة قيادتي الدولية .,هذا ليسني الدولي .
6392,اي عندنا. دورة نص يوم ودورة يوم كامل.,نعم ، نحن لدينا . منهج نصف يوم ، ومنهج ليوم كامل .,نعم ، لدينا . دورة نصف يوم ودورة يوم كامل .
14505,انسرقت شنطتي من كتفي في الشارع.,سرقت حقيبتي في الشارع .,سرقت حقيبتي من كتفي في الشارع .
30731,معليش، أبا اسلم تقرير السرقة.,معذرة . ولكني أريد تسليم تقرير السرقة .,معذرة ، أريد أن ألقي نظرة على تقرير السرقة .
12296,أسف، إحنا مش بنبيع تذاكر للمسرح.,آسف ، نحن لا نبيع تذاكر للمسرح .,آسف ، ليس نبيع تذاكر للمسرح .
43065,الشوفير اخد مني كتير . شو بعمل؟,تقاضى مني السائق أجرة باهظة . ماذا ينبغي علي أن أفعله ؟,لقد أغلقت الشوفير كثيراً . ماذا أفعل ؟
49122,ياخذ نص ساعة تقريباً.,تستغرق حوالي ثلاثين دقيقة .,إنها تستغرق نصف ساعة تقريباً .
42149,فين المكان؟,أين هذا المكان ؟,أين المكان ؟
32023,يسلمو . إنت كمان .,شكرا . أنت أيضا .,شكراً . إنك أيضاً .
38647,الآن بمقدورك أن تأخذ واحداً مما يخصّني .,الآن بمقدورك أن تأخذ واحداً مما يخصّني .,الآن بمقدورك أن تأخذ واحداً مما يخصّني .
47825,على حسابي هالمرة.,سأشتري هذه الشريحة .,على حسابي هذا المرة .
35849,هل هذا بيكون نقدي او شحن؟,هل سأدفع نقداً أم يضاف على الفاتورة ؟,هل هذا سيكون نقدا أم شحن ؟
39747,أي نوع من الفاكهة لديك ؟,أي نوع من الفاكهة لديك ؟,أي نوع من الفاكهة لديك ؟
49312,إمتى أقدر آخد حمام؟,متى يمكنني أن آخذ حماما ؟,متى يمكنني أن أخذ حمام ؟
12628,ممكن أخده معفي من الضريبة؟,هل يمكنني شرائها معفاة من الضرائب ؟,هل يمكن أن أخذها معفي من الضريبة ؟
32028,بص تحت هنا.,انظر إلى الأسفل هناك .,أنظر تحت هنا .
19185,بغيت أأجر طراد حق يوم واحد.,أريد أن أستأجر قاربا لمدة يوم واحد .,أريد استئجار طراد لمدة يوم واحد .
35600,شلون تسوي اتصال؟,كيف أجري اتصالا هاتفيا ؟,كيف تفعل اتصالاً ؟
3776,لا ما بنبسط شوف الناس عمتلعب . بحب انا العب .,"ل , ؟ أنا لا استمتع بمشاهدة الآخرين يلعبون . أنا أحب أن ألعب بنفسي .",لا نستطيع أن أرى الناس الذي تلعب . أحب أن ألعب .
45521,عايز اد إيه؟,ما الكمية التي تريدها ؟,ماذا تريد ؟
14768,بغير سجق مع بصل، لو سمحت.,أود شطيرة هوت دوج بالبصل ، من فضلك .,أغير سجق مع بصل ، من فضلك .
25573,القطار السريع ، من فضلك .,القطار السريع ، من فضلك .,القطار السريع ، من فضلك .
38772,براهن بخمسة دولار.,أنني أراهن على خمسة دولارات .,سأراهن بخمسة دولارات .
36151,إمشى على طول، لو سمحت.,سر مباشرة ، من فضلك .,خذ على طول ، من فضلك .
20034,أود حجز غرفة منفردة في فندقكم لثلاث ليال من واحد يوليو .,أود حجز غرفة منفردة في فندقكم لثلاث ليال من واحد يوليو .,أود حجز غرفة منفردة في فندقكم لثلاث ليال من واحد يوليو .
17052,أدي التاكسي عهالأوتيل؟,كم أجرة التاكسي حتى هذا الفندق ؟,كم أجرة التاكسي إلى هذا الفندق ؟
20627,تياب، جزادين، صبابيط، إشيا متل هيدي .,ملابس وحقائب وأحذية وأشياء من هذا القبيل .,تياب ، زجاجة ، زجاجة ، زجاجة ، شيا ، مثل هذه .
6095,إزا بتريد كتبو عورأة الخدمات. في تكلفة إضافية.,من فضلك دون هذا على صفحة الخدمة . يوجد رسم زائد .,من فضلك كتبها على قائمة الخدمات . هناك تكلفة إضافية .
19626,هوي هونيك عاليمين .,إنه هناك على الجانب الأيمن .,إنه هناك مباشرة .
49201,متى ستصل الطائرة إلى روما ؟,متى ستصل الطائرة إلى روما ؟,متى ستصل الطائرة إلى روما ؟
25887,ابغي غوري ماي مغلي.,أريد إناءاً من الماء المغلي .,أريد بعضاً من مياه المغلي .
14786,نفس الشي لي لو سمحت.,الشيء نفسه لي ، من فضلك .,نفس الشيء لي ، من فضلك .
36595,الحاجات دي شكلها طعمها حلو.,يبدو أن هذا الطعام لذيذ .,هذه الحاجات يبدو لذيذة .
13035,خليت الاكرامية في الجيك.,لقد ضممت البقشيش في الإيصال .,لقد وضعت الكرة في الطريق .
43759,أجل ، ولكن نطلب منك رسم التوصيل .,أجل ، ولكن نطلب منك رسم التوصيل .,أجل ، ولكن نطلب منك رسم التوصيل .
22281,مما تتكون الفرقة الموسيقية ؟,مما تتكون الفرقة الموسيقية ؟,مما تتكون الفرقة الموسيقية ؟
26664,كنت بفكر آخد الكورس دة الترم الجاى.,كنت أفكر في الحصول على هذه الدورة في فترة نصف العام المقبلة .,أفكر في أن أقوم بعمل هذا الكرسي في الثالث من مارس .
16109,ما هو رقم البار ؟,ما هو رقم البار ؟,ما هو رقم البار ؟
18597,بغيت بودرة وجه، لو سمحت.,أريد بعض من مسحوق الوجه ، من فضلك .,أريد بعضاً من كريم الوجه ، من فضلك .
39268,هل تتحدث ؟,هل تتحدث ؟,هل تتحدث ؟
40029,أرجو أن يظل الجو هكذا .,أرجو أن يظل الجو هكذا .,أرجو أن يظل الجو هكذا .
14511,انا أكيد إنك رح تصح بوقت قصير .,أنا متأكد إنني سأتعافى سريعاُ .,بالتأكيد سوف تصح بوقت قصير .
6166,تمام، كويس .,حسناً ، رائع .,حسناً ، حسناً .
31583,وقعت منى الشوكة . من فضلك أحضر واحدة أخرى .,وقعت منى الشوكة . من فضلك أحضر واحدة أخرى .,وقعت منى الشوكة . من فضلك أحضر واحدة أخرى .
17900,ممكن ترسل هذي؟,هل يمكنك أن ترسل هذا بالبريد ؟,هل يمكن أن ترسل هذا ؟
3067,موظفين المبيعات في المحل ده طيبين قوي.,موظفو المبيعات في هذا المتجر لطفاء جداً .,موظفين المبيعات في هذا المحل طيبين جداً .
3221,بتقدر لو سمحت تحط هاي الشنتة في شنطة السيارة؟,هل يمكن أن تضع حقيبة السفر هذه في صندوق السيارة .,هل يمكنك أن تضع هذه الحقيبة في حقيبة السيارة ؟
11749,شو هوي تذكار مثالي من هاواي؟,ما التذكار الخاص بهاواي ؟,ما هو تذكار مثالي من هاواي ؟
48934,لو سمحت ودني هالعنوان.,من فضلك ، أوصلني إلى هذا العنوان .,من فضلك أرني هذا العنوان .
5921,ده شامل مصاريف الخدمة؟,هل تشمل ثمن الخدمة ؟,هل هذا يشمل رسم الخدمة ؟
42485,غير غرفتي، لو سمحت. ريحتها غريبة.,بدّلوا غرفتي ، من فضلكم . فهي تنبعث منها رائحة غريبة .,غير غرفتي ، من فضلك . لقد رأيتها عجيبة .
22000,بدي واحد بيضاوي .,أريد واحدة بيضاوية الشكل ؟,أريد واحدة بيضاوية .
13205,بألوان مختلفة ؟,بألوان مختلفة ؟,ألوان مختلفة ؟
44994,نعم ، سيدي . هل معك أي إثبات شخصية ؟,نعم ، سيدي . هل معك أي إثبات شخصية ؟,نعم ، سيدي . هل معك أي إثبات شخصية ؟
38288,أيوة، بس إنت مش جنتلمان، مش كدة؟,"نعم أنت لست مهذبا , أليس كذلك ؟",نعم ، ولكن أنت لا نحضر ، أليس كذلك ؟
4573,إنت محتاج انك حد ياخدك من المطار؟,هل تريد أن يأتي أحد ليأخذك من المطار ؟,هل تريد أن يحضر أحداً لمشاهدة المطار ؟
29914,أريدك أن تقوم بعمل أشعة سينية .,أريدك أن تقوم بعمل أشعة سينية .,أريدك أن تقوم بعمل أشعة سينية .
16657,ضيعت تذكرة السفر.,لقد أضعت تذكرة الطيران الخاصة بي .,لقد فقدت تذكرة السفر .
28153,ده غالي أوي.,هذا ثمنه مرتفع جداً .,إنه غالي الثمن .
16796,لنروح عالوادي الكبير.,لتذهب إلى جراند كانيون .,لنذهب إلى الوادي الكبير .
15232,ابغي اشتري فاكهة. شنو الزين الحين؟,أريد أن اشتري بعض الفاكهة . ما هو المناسب الآن ؟,أريد شراء فاكهة . ماذا يناسب الآن ؟
36213,مافيش مشكلة خالص . تحب تاخده فين؟,لا مشكلة على الإطلاق . أين يجب أن نأخذها .,لا يوجد مشكلة كثيرة . أين تريد أن تأخذها ؟
6347,انا هكون راجع اليابان الاتنين اللي جاي.,سأعود إلى اليابان الاثنين المقبل .,سأعود إلى اليابان الثالث .
8976,لو سمحت خبرهم اني وصلت بالسلامة.,من فضلك أخبرهم أني قد تصرفت على نحو لائق .,من فضلك أخبرهم أنني وصلت بسلامة .
35306,اوة، الاطباق الخاصة موجوده هنا .,"آه , الأسعار اليوم الخاصة تعطي هنا .",أوه ، هذه الطعام الخاصة موجودة هنا .
23063,مأكولات بحرية.,الأطعمة البحرية .,مأكولات بحرية .
49349,مالقيتش ابدا حاجة زى كده في اليابان . حأشتريه .,لن أجد شيئا مثل هذا في اليابان . سوف اشتريها .,لا أستطيع أن أفعل شيئاً مثل هذا في اليابان . سأشتريه .
22341,فيك تخففلي دقني، عمول معروف؟,هل لك أن تهذب لحيتى من فضلك ؟,هل يمكنك أن تخفف ألمني ، من فضلك ؟
6193,شو رأيك بقهوة أو شي؟,ما رأيك في احتساء بعض القهوة أو أي شيء من هذا القبيل ؟,ماذا عن بقهوة أم شيء ؟
42404,بغيت بير، لو سمحت.,"أريد زجاجة من البيرة , من فضلك .",أريد بعض البياضات ، من فضلك .
13197,حسنا . سوف أرسل الخادمة حالا لتفتح الباب بالمفتاح الأساسي . ما رقم غرفتك ؟,حسنا . سوف أرسل الخادمة حالا لتفتح الباب بالمفتاح الأساسي . ما رقم غرفتك ؟,حسنا . سوف أرسل الخادمة حالا لتفتح الباب بالمفتاح الأساسي . ما رقم غرفتك ؟
40851,ده قلم حبر.,هذا قلم جاف .,هذا قلم حبر .
16954,لدي بعض الأشياء تحتاج للكي .,لدي بعض الأشياء تحتاج للكي .,لدي بعض الأشياء تحتاج للكي .
37673,مبسوط جدا اني اشوفك .,إنني مسرور جداً لرؤيتك .,أنا آسف جداً أن أرىك .
3377,ايه، لكن هذا كثير جدا و انا شبعت خلاص.,أجل ، ولكن هذا كثير جدا ، ولقد شبعت بالفعل .,نعم ، لكن هذا كثير جداً وأنا شبعت حقاً .
19697,كانه الفلوس اللي أعطيتني أياها ناقصة عشرة دولار.,يبدو أن النقود التي أعطيتني إياها ناقصة عشر دولارات .,كان هذه الفلوس ناقصة عشرة دولارات .
25182,أعطني شهادة طبية، من فضلك.,"اعطني شهادة طبية , من فضلك .",أعطني شهادة طبية ، من فضلك .
12212,طوفت محطتي. شكثر بعد على ما نوصل المحطة الجاية؟,فاتتني محطتي . كم من الوقت استغرق لأصل للمحطة التالية ؟,لقد وضعت محطتي . ماذا عندما نصل إلى المحطة القادمة ؟
20931,هل يمكنك أن تلغ حجز المقاعد لي ؟,هل يمكنك أن تلغ حجز المقاعد لي ؟,هل يمكنك أن تلغ حجز المقاعد لي ؟
49309,أي نوع من الحلو لديكم ؟,أي نوع من الحلو لديكم ؟,أي نوع من الحلو لديكم ؟
8393,لو سمحت اضغط صفر وعقب رقم التلفون اللي تبغيه.,من فضلك ، اضغط على الرقم صفر ثم اتصل بالرقم الذي تريده .,من فضلك اضغط صفر وعقب رقم الهاتف الذي تريد .
44846,سأصبح بديناً في حال ما ظللت جالساً هنا آكل باستمرار .,سأصبح بديناً في حال ما ظللت جالساً هنا آكل باستمرار .,سأصبح بديناً في حال ما ظللت جالساً هنا آكل باستمرار .
37508,هي ديه محطة القطر اللي رايح نيويورك؟,هل هذا هو الرصيف الصحيح لنيويورك .,هل هذه هي محطة الحافلات التي ذهب إلى نيويورك ؟
2191,هل هناك أيّ شيء لا يمكنك آكله ؟,هل هناك أيّ شيء لا يمكنك آكله ؟,هل هناك أيّ شيء لا يمكنك آكله ؟
48473,أد إيه وجبة عظيمة.,يا لها من وجبة طيبة .,ما هي وجبة عظيمة .
40693,اوكي، عيل لازم تعرف بشنو نحس احنا هني. ما نحب الغرب يقولون لنا شلون نعيش حياتنا.,حسناً ، إذن لابد من تعريفك بحقيقة مشاعرنا جميعاً في هذا المكان . إننا لا نتقبل من الأغراب إسداء التوجيهات إلينا حول الطريقة التي نعيش بها حياتنا .,حسنا ، علي أن تعرف ماذا نحن هنا . لا نحب أن نعرف كيف نعيش حياتنا .
7180,انا في رحلة عمل.,أنا في عمل .,أنا في رحلة عمل .
21599,دة جاى إزاى؟,كيف تسير الأمور ؟,كيف يمكنني أن أفعل ذلك ؟
16810,بغيت عصير برتقال، لو سمحت.,"أريد عصير برتقال , من فضلك .",أريد عصير برتقال ، من فضلك .
11499,انت قلتلي ان الاجرة كانت عشر دولارات عند المطار .,لقد قلت لي أن التعريفة دولاران في المطار .,لقد قلت أن الأجرة كانت عشر دولارات عند المطار .
47480,شنو تخصصك؟,ما الطبق المميز لديكم ؟,ما هو تخصصك ؟
42603,فيي اخد كباية مي؟,هل لي أن آخذ كوبا من الماء ؟,هل يمكنني أن أخذ كباية من الماء ؟
25077,أفضل واحد في الطيارة من قدام.,أفضل واحدا في مقدمة الطائرة .,أفضل واحدة في الطائرة من أمام .
19253,كم تحسب على الشحن؟,كم تطلب للشحن ؟,كم تتقاضى على هذا الشحن ؟
14737,شارع اتنين و تلاتين .,شارع أثنين و ثلاثين .,شارع اثنين وثلاثين .
23709,لازم نتجمع تاني قريب .,سنضطر أن نجتمع معاً مرة أخرى قريباً .,يجب أن نتجمع قريباً قريباً .
30239,الاضلاع مشهورة هني.,وجبة أضلاع لحم خنزير شعبية هنا .,هذه الاضلاع مشهورة هنا .
45331,ممكن آخد شاي بدل قهوة؟,هل يمكن أن أتناول شاي بدلا من القهوة,هل يمكنني أن أحصل على شاي بدل قهوة ؟
8807,ابني تعبان كتير.,إن طفلي قد أصابه الإعياء الشديد .,أشعر بألم شديد .
18112,إسمي كامي. حاجز هون لليلتين.,اسمي كامي . لدي حجز هنا لمدة ليلتين .,اسمي كامي . سأذهب هنا لليلتين .
12358,عندك اكبر؟,هل لديك أحجام أكبر ؟,هل لديك أكبر ؟
7677,لو انت عايز . ممكن نفضل هنا .,إذا كنت تودّ ، بإمكاننا الاستراحة هنا .,إذا كنت تريد . يمكننا أن نفضل هنا .
25160,ليه ده بيحصل؟,لماذا يحدث ذلك ؟,لماذا يصل هذا ؟
39953,من الصباح.,منذ هذا الصباح .,من الصباح .
27612,تقدر تقوله بكلمات ثانية؟,هل يمكن أن تقول لي ذلك بعبارة أخرى ؟,هل يمكنك أن تقوم بذلك بكلمات أخرى ؟
3955,عم فتش عغيرون.,أبحث عن آخرين .,أريد أن أغيرها .
11827,أظن ان فيه غلطة في الحساب .,أظن أن هناك خطأ في هذه الفاتورة .,أظن أن هناك خطأ في الحساب .
35552,حطيت التبس بالشك .,لقد ضممت البقشيش في الإيصال .,لقد وضعت بعض التبس بالشك .
33452,هني كتير قوايا؟,هل هم أقوياء جدا ؟,هل هناك كثير من القوايا ؟
4064,مفتاحي مكسور .,مفتاحي مكسور .,مفتاحي مكسور .
48650,دة متوسخ نوعا ما.,هذا ضرب من الدناءة .,هذا يبدو نادرة جداً .
48267,في شوكة في صبعي. ممكن تعطيني ملقط، لو سمحت؟,عندي شظية في إصبعي . هل من الممكن أن تعطني ملقاط صغير ، من فضلك ؟,هناك شوكة في صبعي . هل يمكن أن تعطيني ملقط من فضلك ؟
8690,هذي حق حريم ولا رياييل؟,هل هذا للسيدات أم للرجال ؟,هل هذا لـ حريم أم رياييل ؟
28392,بالفطار؟ انا عايز احجزه .,بالإفطار ؟ أود أن أحجزها .,هل هذا هو الطريق ؟ أريد أن أحجزها .
44378,هل يناسبك الثلاثاء القادم ؟,هل يناسبك الثلاثاء القادم ؟,هل يناسبك الثلاثاء القادم ؟
12257,عايز أروح محطة المترو.,أريد الذهاب إلى محطة مترو الأنفاق .,أريد الذهاب إلى محطة مترو الأنفاق .
38956,بعتزر. بدي روح عميامي.,معذرة . أريد أن أذهب إلى ميامي .,آسف . أريد الذهاب إلى ميامي .
14747,و ايه بخصوص اللي فوق؟ ممكن اخد شويه من اللي فوق؟,ماذا عن القمة ؟ هل انقص بعضاً من القمة ؟,ماذا عن هذا الطريق ؟ هل يمكن أن أخذ بعضاً من الخلف ؟
12678,عطيني خمستعشر ليتر من الممتاز، عمول معروف.,أعطني خمسة عشر لتراً من السوبر ، من فضلك .,أعطني خمسة عشر ليتر من الممتاز ، من فضلك .
9606,يصير اجربه؟,هل يمكنني أن أقيس ذلك ؟,هل يمكن أن أقوم بعملها ؟
17396,ده ضيق جدا .,إنها ضيقة جدا .,إنه ضيق جداً .
25450,هل يوجد هناك ملعب للتنس بالقرب من هنا ؟,هل يوجد هناك ملعب للتنس بالقرب من هنا ؟,هل يوجد هناك ملعب للتنس بالقرب من هنا ؟
31544,تُرى هل ستمطر غدا ؟,تُرى هل ستمطر غدا ؟,تُرى هل ستمطر غدا ؟
12187,تبيعون اشياء معفية من الضرايب في الطيارة؟,هل تبيع بضائع معفاة من الجمارك على متن السفينة ؟,هل تبيعون أشياء معفية من الضرايب في الطائرة ؟
35750,بعتئد إنو مكبرني.,أظن أنها تجعلني أبدو أكبر سناً .,أعتقد أنها مكبرني .
9057,بعلمك شلون تستخدم أعواد الأكل.,سأريك كيفية استخدام العودين لتناول الطعام .,أعلمك كيف تستخدم أعواد الطعام .
13655,هو مو غالي، بس مهم بالنسبة لي.,"إنها ليست قيمة , و لكنها هامة بالنسبة لي .",إنه ليس غالي جداً ، ولكن ليس مهماً بالنسبة لي .
2493,أنهى مطار همشى منه؟,من أي المطارات سأغادر ؟,ما هو مطار الذي يجري منه ؟
10491,عن اذنك؟ ، فيي غير محلي؟,"معذرة , هل يمكن أن أغير مقعدي ؟",معذرة ؟ هل يمكنني أن أغير محلي ؟
4622,شكل ماتش البيسبول اتأجل .,يبدو أنه تم تأجيل مباراة البيسبول ؟,يبدو أن ماتش البيسبول اتأجل .
27822,انا بنام. ممكن تجيب اكلي بعدين؟,سوف أذهب للنوم . هلا أحضرت وجبتي فيما بعد ؟,أنا في حالة . هل يمكنك أن تحضر لي بعضاً من الوقت ؟
19647,بدي احجز وقت لنبلش لعب الغولف، لعشر اشخاص بكرا .,أودّ حجز وقت لمباراة جولف الساعة العاشرة غداً .,أريد حجز وقت لنبلش لعب الغداء لعشرة أشخاص غدا .
29801,كل اديه بيركضوا؟,كم عدد مرات تكرار حدوثها ؟,كم عددها التي قضيتها ؟
26640,أه، بس اتأكد تكون تزكرتك معك.,نعم ، ولكن تأكد أن تذكرتك معك .,أجل ، ولكن تأكد أنك ستكون على اتصالك معك .
1030,حق صداقتنا.,في نخب صداقتنا .,لدينا صداقتنا .
3780,دعني أشاهد بعض الأحذية بنية اللون .,دعني أشاهد بعض الأحذية بنية اللون .,دعني أشاهد بعض الأحذية بنية اللون .
16751,فين الأي شادو؟,أين مظلل العيون ؟,أين يمكنني أن أجد ؟
45825,بيتك كبير . فيه كام أوضه ؟,منزلك كبير . كم عدد الغرف ؟,بيتك كبير . هناك كم غرفة ؟
26441,واحد سندويش ديك رومي . مع شوية خردل، إذا بتريد .,شطيرة لحم ديك رومي . خفف المسطردة ، من فضلك .,واحد سندويش ديك رومي . مع بعض الخدل ، من فضلك .
1163,اكا وصل السجق اخوي.,ها قد أتى رجل السجق الساخن .,لقد وصلت السجق صديقي .
23791,اوكي. باخذه، بس شوي، لو سمحت.,حسنا . سوف أخذها ، ولكن قطعة صغيرة ، من فضلك .,حسناً . سأخذها ، ولكن بعضاً من فضلك .
17628,في واحد قياس اكبر؟,هل توجد واحدة بمقاس أكبر ؟,هل يوجد أي مقاس أكبر ؟
48421,بالمناسبة، إنت فاضى السبت الجاي دة؟,"على فكرة , هل أنت غير مشغول السبت القادم ؟",بالمناسبة ، هل أنت فاضت في السبت القادم ؟
39928,انت حجزت؟,هل عملت حجزاً .,هل حجزت ؟
32059,ده مش شغال كويس .,إن هذا لا يعمل بشكل جيد .,هذا لا يعمل جيد .
34931,أنا عضو في مجموعة الجولة إيه.,إنني عضو في جماعة السائحين .,أنا عضو في مجموعة الجولة إيه .
17672,من فضلك تحدث باليابانية .,من فضلك تحدث باليابانية .,من فضلك تحدث باليابانية .
29201,لحو هونيك ورا المستشفى.,إنه هناك خلف المستشفى .,خذها هناك عند المستشفى .
8171,ايوه، بنفتح طول الليل .,نعم ، نحن نفتح طوال الليل .,نعم ، سنفتح ليلة الليل .
46375,انا اسف جدا جدا، احنا بنجهز الاوضه اللي انت طلبتها .,أنا أسف جدا ، نحن نجهز لك الغرفة التي طلبتها .,آسف جداً ، نحن نبحث عن غرفة التي طلبتها .
27061,مكتب اجر-سيارة، لو سمحت.,"قسم تأجير السيارات , من فضلك .",مكتب نقل سيارات ، من فضلك .
36915,انا صادني حادث على شارع اوشن و اثنعش.,كنت في حادث سيارة في طريق المحيط والشارع الثاني عشر .,أنا أصادني حادث في شارع رقم اثنان واثنين .
28089,مو برد؟,أليست باردة ؟,هل هذا برد ؟
48647,سوف أزوره في الغد .,سوف أزوره في الغد .,سوف أزوره في الغد .
10761,سر مباشرة ، من فضلك .,سر مباشرة ، من فضلك .,سر مباشرة ، من فضلك .
5266,في شي موتيل أريب من هون؟ إزا بتريد رسملي خريطة.,هل يوجد أية فنادق قريبة من هنا ؟ من فضلك ارسم لي خريطة .,هل يوجد فندق أريب من هنا ؟ من فضلك أرني خريطة .
47039,بقدر آخد طاولة برا؟,هل يمكن أن نحصل على منضدة بالخارج ؟,هل يمكنني أن أحصل على مائدة برا ؟
35805,انا اسف . انا نفسي غريب عن المكان .,أنا أسف . أنا نفسي غريب عن هذا المكان .,آسف . أنا أشعر أنني غريب عن المكان .
38536,كان لازم ابعتهم بالبريد الجوي .,كان يجب علىّ إرسالها بالبريد الجوي .,كان يجب أن أرسلها بالبريد الجوي .
15999,ما القطار الذي تنوي أخذه ؟,ما القطار الذي تنوي أخذه ؟,ما القطار الذي تنوي أخذه ؟
46156,لنتقابل في المطعم .,لنتقابل في المطعم .,لنتقابل في المطعم .
439,كنت منطلقا بسرعة خمسة وأربعين في منطقة السرعة فيها خمسة و عشرون ميلا في الساعة . قد تذهب للسجن لمدة تسعين يوماً .,كنت منطلقا بسرعة خمسة وأربعين في منطقة السرعة فيها خمسة و عشرون ميلا في الساعة . قد تذهب للسجن لمدة تسعين يوماً .,كنت منطلقا بسرعة خمسة وأربعين في منطقة السرعة فيها خمسة و عشرون ميلا في الساعة . قد تذهب للسجن لمدة تسعين يوماً .
1000,ما اشعر اني بخير.,أشعر بوعكة .,لا أشعر بخير .
43284,في باصات شغالين؟,هل هناك أية حافلات تعمل على الخط ؟,هل هناك أية أتوبيس ذات أتوبيس ؟
6802,تمانية و عشرين دولار؟ ايه رأيك في خمستاشر دولار؟,ثمانية وعشرون دولارا ؟ ماذا عن خمسة عشر دولارا ؟,ما هو ثمانية وعشرين دولاراً ؟ ماذا عن خمسة وعشرين دولاراً ؟
46105,بعد ما شيكت . بس بعتقد حراراتي عالية .,لم أفحص بعد . ولكن أعتقد أن عندي حرارة مرتفعة .,بعد أن شيكت . لكنني أعتقد أن حراراتي عالية جداً .
80,لمؤاخذة، الفيلم ده هيخلص إمتى؟,"معذرة , متي ينتهي هذا الفيلم ؟",معذرة ، متى يمكنني أن يكون الفيلم جاهزا ؟
11438,اي محطة؟,أي محطة ؟,أي محطة ؟
22434,اتجه يساراً عند الناصية الثانية . إنها إلى يمينك .,اتجه يساراً عند الناصية الثانية . إنها إلى يمينك .,اتجه يساراً عند الناصية الثانية . إنها إلى يمينك .
31372,الحاجات اليومية .,ضروريات يومية .,الحاجات اليومية .
45013,منين اشتري بكرة فيلم كاميرا؟,أن يمكنني أن أشتري لفة من الفيلم ؟,أين يمكنني شراء فيلم كاميرا غدا ؟
31336,عايزه احمر شفايف .,أريد أحمر شفاه .,أريد بعض الأحمر شفايف .
50545,عمول معروف فرجيني شوية كفوف جلد.,أرني بعض القفازات الجلدية من فضلك .,من فضلك أرني بعضاً من الفاتورة .
25206,عايز أحجز فندق، لو سمحت.,أريد القيام بحجز في الفندق ، من فضلك .,أريد حجز فندق من فضلك .
8257,اقدر احصل على نفس الطبق مثل هذاك؟,هل بإمكاني الحصول على طبق آخر مثل هذا ؟,هل يمكنني أن أحصل على نفس الطبق مثل هذا ؟
10755,تمام. عاوز سكارف تليق مع دة؟,جميل . هل تريدين إيشارباً يتناسب مع هذا ؟,حسناً . هل تريد بعض سكارف لذلك ؟
5354,انا متأكد اني خليته في شنطتي.,أنا متأكد أنني وضعتها في محفظة الأوراق الخاصة بي .,أنا متأكد أنني وضعتها في حقيبتي .
8517,فين الحمام؟,أين غرفة الدش ؟,أين الحمام ؟
15594,اكيد، حأرتب يتصلو بيك على خمسة الصبح بالظبط بكرة الصبح .,بالتأكيد . سوف أرتب للاتصال بك الساعة الخامسة تماما صباح الغد .,بالتأكيد ، سأرتبك على هاتفك على خمسة صباحاً صباحاً .
12377,خمسين وحدة، خمس عشرينات، عشر عشرات، لو سمحت.,"واحدة فئة خمسين , وخمسة فئة عشرين , وعشرة فئة عشرة من فضلك .",خمسين وحدة ، خمسة وعشرين ، عشرة وعشرة ، من فضلك .
49479,هذا واحد لك، سيدي.,إليك إحداها يا سيدي .,هذا واحد لك ، سيدي .
28316,سطح لامع من فضلك .,سطح لامع من فضلك .,سطح لامع من فضلك .
8193,دور على دكتور بيفهم ياباني، من فضلك .,"أبحث عن طبيب يفهم اللغة اليابانية , من فضلك .",دور على طبيب يفهم ياباني ، من فضلك .
49331,بيمشي الحال مع الين الياباني؟,هل تقبل بالين الياباني ؟,هل يسير الأمر مع الين الياباني ؟
47513,إزا بتريد فرجيني هالغليون. التالت.,من فضلك أرني هذا الغليون . الثالث .,من فضلك أرني هذه البلاستة . الثالثة .
19463,الكعب كتير عالي عليي .,الكعب عالي جدا بالنسبة لي .,الكعب عالي جداً عليي .
11497,هذا هو المركز التجاري أكتمل للتوّ .,هذا هو المركز التجاري أكتمل للتوّ .,هذا هو المركز التجاري أكتمل للتوّ .
30253,شو اسم القصر؟,ما هو اسم القلعة ؟,ما اسم القصر ؟
43869,كيف أثر الركود على الأعمال التجارية؟,كيف أثر الركود على الشركة ؟,كيف أثر الركود على الأعمال التجارية ؟
484,ما تعتل هم . رح نعلنو.,لا تقلق . سنعلنها .,لا تفعل ذلك . سنعلنها .
33406,شكراً. خل الباقي.,هل يوجد أدوات التزلج بالقرب من هنا ؟,شكراً . دعني أخذ الباقي .
35603,ممكن تديني جرة؟,هل يمكنك أن تجر سيارتي ؟,هل يمكنك أن تحضر لي جرة ؟
40429,تفضل من هنا . هل هذه المائدة ملائمة ؟,تفضل من هنا . هل هذه المائدة ملائمة ؟,تفضل من هنا . هل هذه المائدة ملائمة ؟
2084,امتى الوقت المناسب للاتصال بباريس؟,ما هو وقت ركوب الطائرة الثانية لباريس ؟,متى يمكنني الاتصال بباريس ؟
30264,أنا آسف لقد نفذت الكمية كلها . جرب إحدى محطات مترو الأنفاق .,أنا آسف لقد نفذت الكمية كلها . جرب إحدى محطات مترو الأنفاق .,أنا آسف لقد نفذت الكمية كلها . جرب إحدى محطات مترو الأنفاق .
46306,أديش فاتورتي؟,كم فاتورة الحساب ؟,كم تبلغ تكلفة فاتورتي ؟
38819,نقدر نحصل على منتجات براندات مستورده .,نستطيع الحصول على أصناف متعددة من البضائع المستوردة من الماركات المعروفة .,يمكننا أن نحصل على منتجات بروندات مستوردة .
2705,أريد قلم حبر من فضلك .,أريد قلم حبر من فضلك .,أريد قلم حبر من فضلك .
29415,ممكن تقراه عشان تتأكد؟,هلا أطلعت عليها حتى تتيقن ؟,هل يمكنك أن تقول لي كيف تحقق منها ؟
25203,ما هو معدل التضخم ؟,ما هو معدل التضخم ؟,ما هو معدل التضخم ؟
46663,ايوه، حصل . انا رحت الحد اللي فات مع صاحبي .,نعم ، فعلت . ذهبت الأحد الماضي مع صديق .,نعم ، سأصل . لقد ذهبت إلى الحد الذي فات مع صديقي .
8363,لازم تشوف متخصص.,تحتاج لرؤية أخصائي .,يجب أن ترى متخصص .
1278,أنا مش هاعرف أدخل. المفتاح جوه العربية.,لقد أغلقت السيارة وأنا خارجها . المفتاح بداخلها .,لا أعرف أن أدخل . المفتاح على متن السيارة .
42136,فيك تطلب هيدا لحد طوكيو؟,هل لك أن تستفسر عنها لطوكيو ؟,هل يمكنك أن تطلب هذا إلى طوكيو ؟
22489,هل عشرة دولارات ستكون كافية للذهب بالتاكسي ؟,هل عشرة دولارات ستكون كافية للذهب بالتاكسي ؟,هل عشرة دولارات ستكون كافية للذهب بالتاكسي ؟
26443,بتاخد حوالي نص ساعة .,تستغرق حوالي ثلاثين دقيقة .,سآخذ حوالي نصف ساعة .
40596,انا بعد جوعان. ليش ما نروح ناكل في مكان؟,وأنا جوعان كذلك . لما لا نأكل في مكان ما ؟,أنا ذاهب إلى جوعان . لماذا لا نذهب إلى مكان ما ؟
32861,"حسناً , سأفكر في الأمر .","حسناً , سأفكر في الأمر .","حسناً , سأفكر في الأمر ."
33555,واحدة واربع دقايق الضهر.,واحد صفر أربعة مساءا .,واحدة وأربعة دقائق في الظهر .
36878,بتنطق المحطة دي إزاي؟,كيف يمكنك نطق الاسم الخاص بهذه المحطة ؟,كيف يتم وضع هذه المحطة ؟
13793,بتاخد وقت قد إيه عشان الوصول لشيكاغو؟,ما قدر المدة الإضافية التي تستغرقها للوصول إلى شيكاغو ؟,ما وقت الانتظار للوصول إلى شيكاغو ؟
10873,عن اذنك، ممن تبدل هيدا؟,معذرة ، هلا بدلت هذا المبلغ ؟,معذرة ، هل يمكنك أن تبدل هذا ؟
31465,علبة ميللر.,علبة واحدة ميلر .,علبة ميللر .
15806,لقد أكلت منذ برهة .,لقد أكلت منذ برهة .,لقد أكلت منذ برهة .
7678,إحنا بنطير تلات مرات في الأسبوع، تلات وجمعة وسبت.,نسافر جواً ثلاث مرات في الأسبوع ، أيام الثلاثاء والجمعة والسبت .,نطير ثلاث مرات في الأسبوع ، ثلاثة وجمعة وسبت .
23479,بدي احجز طاولة لشخصين .,أريد أن حجز منضدة لفردين .,أريد حجز مائدة لشخصين .
29142,عبالك تشرب شي؟,هل تحب بعض المشروبات ؟,هل تريد أن تشرب شيئاً ؟
8225,أنا أبحث عن عطر .,أنا أبحث عن عطر .,أنا أبحث عن عطر .
39211,أنا باخد ستيك من لحم الخصر، و لحم غنم مشوي لمرتي.,أنا سآخذ شريحة لحم بقري من الخصر ، ولحم حَمَل مشوياً لزوجتي .,أريد لحم الخصر ، ولحم الخنزير مشوي للمرتي .
44012,اديه فيي اخد معي شناط؟,ما حجم الأمتعة التي يمكنني حملها ؟,كم عدد الأمتعة التي يمكنني أن أخذ معي ؟
9736,انزين، غرفتك هي تسعة صفر ثمانية، انسة، وهذا مفتاحك.,"حسنا , حجرتك يا آنسة هي رقم تسعة صفر ثمانية . هذا مفتاحك .",حسناً ، غرفتك هو تسعة صفر ثمانية ، وهذا مفتاحك .
44767,بقدر إشتري من دون ضريبة؟,هل لي أن اشتريها معفاة من الضرائب ؟,هل يمكنني شراء من دون ضريبة ؟
10441,سأعود هنا مرة أخرى غداً . ما هي مواعيد عملك ؟,سأعود هنا مرة أخرى غداً . ما هي مواعيد عملك ؟,سأعود هنا مرة أخرى غداً . ما هي مواعيد عملك ؟
12140,اه، فاتح من تسعة ل تسعة.,أجل ، إنها مفتوحة من التاسعة حتى التاسعة .,نعم ، إنها فاتح من التاسعة إلى التاسعة .
36459,هايبقى يوم حلو إمتى؟,من يصفو الجو ؟,متى يمكن أن يكون يوماً جميلاً ؟
9769,قبل ما نسميه يوم، ممكن تدينى دقايق قليلة؟,قبل أن ننهي العمل ، هلا أعطيتني بضعة دقائق ؟,قبل أن نسميه يوماً ، هل يمكن أن ننتظر دقائق قليلة ؟
15521,انت بتحكي؟,هل تتحدث ؟,هل تقول لي ؟
32098,لسه متاح التزلج على الثلج باللوح في موناكي في الوقت ده؟,ألا يزال ممكناً ممارسة التزلج على الجليد في موناكيا في هذا الوقت من العام ؟,هل هذا متاح التزلج على اللوح في موناكي في هذا الوقت ؟
482,إزا بتريد خليني أعرف بس نوصل عبوسطن.,من فضلك دعني أعرف حينما نصل بوسطون .,من فضلك دعني أعرف لكننا سنصل إلى بوسطن .
10490,كان شغال في اى مجال قبل كده؟,في أي مجال كان من قبل ؟,هل كان هناك أي مجال قبل ذلك ؟
11730,إنها تحتوي علي أربعة جزر رئيسية .,إنها تحتوي علي أربعة جزر رئيسية .,إنها تحتوي علي أربعة جزر رئيسية .
49366,ما عندي كاش كفاية، بدفع بالكردت كارد.,ليس معي ما يكفي نقداً ، ولذلك سأدفع عن طريق البطاقة الائتمانية .,ليس لدي نقداً ، سوف أدفع بالبطاقة الائتمانية .
14701,أين أقرب دورة مياه هنا ؟,أين أقرب دورة مياه هنا ؟,أين أقرب دورة مياه هنا ؟
25584,هل انت بتدي خصومات كبيرة؟,هل تقدمون تخفيضات كبيرة ؟,هل لديك خصومات كبيرة ؟
7891,جزدان و كاميرا .,حافظة نقود وكاميرا .,زجاجة صغيرة و كاميرا .
30417,فيي اخد بعد واحد؟,هل لي أن آخذ واحدة أخرى ؟,هل يمكنني أن أخذ واحدة أخرى ؟
47822,أكيد. روح سيدا بعدين لف يمين عند ثالث زاوية، حتلاقيه يمينك.,بالتأكيد . سر في خط مستقيم ثم اتجه يميناُ عند الناصية الثالثة . ستجده على يمينك .,بالتأكيد . اتجه يساراً ثم اتجه يساراً عند الناصية الثانية ، ثم اتجه يساراً .
4384,عندي حساسيه من البيض .,لدي حساسية للبيض .,لدي حساسية من البيض .
5211,من فضلك ابق داخل قطر الغطس البالغ ثلاثين قدما .,من فضلك ابق داخل قطر الغطس البالغ ثلاثين قدما .,من فضلك ابق داخل قطر الغطس البالغ ثلاثين قدما .
9848,لأ، لو بنتكلم عن سواقين التاكسي، هم امناء بدرجة مش محدده .,"كلا , بالنسبة لسائقي التاكسي ، فهم إما أكثر أو أقل أمانة .",لا ، إذا اتصلت بسيارتي التاكسي ، هذه أمناء بدرجة ليست محددة .
48913,باغلق الان. شكرا لك على انتباهك.,سأغلق الآن . شكراً على انتباهكم .,سوف أحضر هنا . شكراً لك على انتباهك .
25853,صباح الخير. هذي اتصال حق نقعدك.,صباح الخير . هذه مكالمة لإيقاظك .,صباح الخير . هذه اتصال لدينا .
32604,بعد إزنك، ضيعت الطريء.,معذرة . لقد ضللت الطريق .,معذرة ، لقد فقدت الطريء .
28998,منظر جميل قوي .,يا له من منظر !,منظر جميل للغاية .
22384,هانقعد أسبوع على الأقل.,سنمكث لمدة أسبوع على الأقل .,سوف نجلس أسبوعاً على الأقل .
34082,مش عارف الرسوم يلي بفاتورتي لشو.,أتساءل عن هذه الرسوم الزائدة على فاتورتي .,لا أعرف الرسوم الذي يمكن أن أقوم بعملها في سيارتي .
25900,بدي إخد تأمين .,أريد الحصول على تأمين .,أريد أن أخذ تأمين .
8647,من الأحسن إنك تركب على التران تماني تلاتين .,من الأفضل أن تستقل قطار الثامنة والنصف .,من الأفضل أن تركب على رقم اثنان ثلاثين .
24269,في قطار سريع؟,هل هناك قطار سريع ؟,هل يوجد قطار سريع ؟
34706,كنت أتحدث مع السيد دوجلاس من إدارة المبيعات وانقطع الخط .,كنت أتحدث مع السيد دوجلاس من إدارة المبيعات وانقطع الخط .,كنت أتحدث مع السيد دوجلاس من إدارة المبيعات وانقطع الخط .
12586,ممكن تحط اسمي على قايمة الانتظار؟,هل يمكنك تسجيل اسمي بقائمة الانتظار ؟,هل يمكنك أن تضع اسمي على قايمة الانتظار ؟
27016,أرغب في حقيبة مستحضرات تجميل .,أرغب في حقيبة مستحضرات تجميل .,أرغب في حقيبة مستحضرات تجميل .
20747,كام محطة لحد ما أغير؟,كم محطة قبل التحويل ؟,كم محطة حتى لا أغير ؟
18432,بدي روح عالحمام .,أريد الذهاب إلى الحمام .,أريد الذهاب إلى الحمام .
48731,هل بإمكاني الحصول على طوابع بريد من أجل سبع بطاقات بريدية إلى اليابان ؟,هل بإمكاني الحصول على طوابع بريد من أجل سبع بطاقات بريدية إلى اليابان ؟,هل بإمكاني الحصول على طوابع بريد من أجل سبع بطاقات بريدية إلى اليابان ؟
231,فين ممكن ألاقي مكان جميل لرحلة لمدة يوم احد؟,أين يوجد مكان لطيف لقضاء نزهة ليوم واحد ؟,أين يمكنني أن أجد مكان جميل لرحلة لمدة يومين ؟
8844,من اي مسار يمشي هالقطار؟,من أي مسار يغادر هذا القطار ؟,من أي مسار يذهب هذا القطار ؟
1557,بدي كتاب تلوين .,أريد كتاب تلوين .,أريد كتاب تلوين .
5879,محتاج تعملي جميل .,أريد منك أن تسدي إلى معروفاً ؟,أريد أن تحضر لي جميلاً .
48383,أيمكنك فَكّ هذه الورقة ذات العشرين دولاراً إلى عشرين ورقة من فئة الدولار الواحد ؟,أيمكنك فَكّ هذه الورقة ذات العشرين دولاراً إلى عشرين ورقة من فئة الدولار الواحد ؟,أيمكنك فَكّ هذه الورقة ذات العشرين دولاراً إلى عشرين ورقة من فئة الدولار الواحد ؟
38600,دلني على أكثر نوادي موسيقى الريجاي إثارة في نيويورك .,دلني على أكثر نوادي موسيقى الريجاي إثارة في نيويورك .,دلني على أكثر نوادي موسيقى الريجاي إثارة في نيويورك .
40417,أنت مخطئ .,أنت مخطئ .,أنت مخطئ .
49250,اى جزمة من دول في الاوكازيون ؟,أي من هذه الأحذية للبيع ؟,أي جزمة من هذه في الإوكازيون ؟
30727,إذا بتريد عطي هالدوا لابنك. مرة بعد كل وجبة.,"من فضلك أعط طفلك هذا الدواء الشراب , جرعة واحدة بعد كل وجبة .",من فضلك أعطي هذا الدواء على وجهك . مرة بعد كل وجبة .
39889,اعذرني. ممكن أسألك سؤال؟,معذرة . هل يمكن أن أسألك سؤالا ؟,معذرة . هل يمكن أن أسألك سؤالاً ؟
39525,راجع بالبر.,سأعود براً .,راجع بالبر .
12514,ابغا هذا الشكل في وضع خمسة اماكن.,أريد هذا الطراز لخمسة أماكن مرصعة .,أريد هذا الشكل في وضع خمسة أماكن .
40637,هيدا البوط كتير ضيئ عإجري.,هذا الحذاء ضيق جداً علىّ .,هذا الحذاء ضيق جداً .
31801,ايوه، بس انا مش بأحب الحاجات المسكرة.,نعم . لكنى لا أحب الحلو منها .,نعم ، لكنني لا أحب هذه الحاجات .
23933,شوف التعليمات على غلاف الطعام المفرغ من الهواء.,انظر التعليمات على علبة الطعام الفارغة .,أرى التعليمات على غلاف الطعام المفرغ من الهواء .
31268,فيي إخد شوية فواكي؟,هل من الممكن أن احصل علي بعض الفاكهة ؟,هل يمكنني أن أخذ بعض الفاكهة ؟
40654,أبغا بعض حفاضات لمرة وحده.,أريد بعض الحفاضات التى يمكن التخلص منها بعد الاستعمال .,أريد بعض الحفاضات لمدة ساعة .
47621,من وين بروح عالمترو؟,أين أجد مترو الأنفاق ؟,من أين يمكنني الذهاب إلى المترو ؟
18389,هني جوعانين .,انهم جوعي .,هنا جوعانين .
14711,ممكن تكتب لي التشخيص؟,أتسمح أن تكتب تشخيصا لي ؟,هل يمكنك أن تكتب لي التشخيص ؟
44142,انت حق أي جزء من إيه رايح؟,على أي قسم من (أي) أنت ذاهب !,ما هو نوع الوقت الذي تريدها ؟
47431,الفرع التشريعي هو الدايت .,الفرع التشريعي هو الدايت .,الفرع التشريعي هو الدايت .
19841,في باص؟,هل هناك حافلة ؟,هل هناك حافلة ؟
24889,احتاج لبعض مشابك الغسيل .,احتاج لبعض مشابك الغسيل .,احتاج لبعض مشابك الغسيل .
37703,إريت هيدي البطاءة تبع إرشادات الأمان؟,هل قرأت بطاقة تعليمات الأمان ؟,هل يمكن أن تقوم بعمل تذكرة إرشادات الأمان ؟
8042,عايزهم بكرة .,أحتاجها غداً .,أريدها غداً .
3000,في البداية لازم اشكرك واجد على البرنامج الممتاز اللي جهزته لي.,في البداية ينبغي علي أن أشكرك كثيرا على البرنامج المثالي الذي أعددته لي .,علىّ أن أشكرك كثيراً على هذا البرنامج الممتاز الذي قدمته لي .
13620,في محل لتصريف المصاري الأجنبية قريب من هون؟,هل يوجد مكان قريب من هنا لتغيير النقود الأجنبية ؟,هل يوجد محل لتصريف المصاري الأجنبية بالقرب من هنا ؟
13847,طيب، أنا لسة معرفش، بس بالتأكيد هحاول.,حسنا ، لا أعلم بعد لكنني سوف أحاول بالتأكيد .,حسنا ، لم أعرف ، لكن بالتأكيد سأحاول .
1390,تركت شنطتي بالترين .,لقد تركت حقيبتي في القطار .,تركت حقيبتي في الخارج .
34055,أنا بدور على جاكيت بياقة ضيقة.,أبحث عن سترة ياقتها ضيقة .,أبحث عن جاكيت ضيق .
46444,عايز أشوف ده.,أريد أن أرى هذا .,أريد أن أرى هذا .
48363,ماذا ؟ ألا يعطونك فرشاة أسنان كمجاملة ؟,ماذا ؟ ألا يعطونك فرشاة أسنان كمجاملة ؟,ماذا ؟ ألا يعطونك فرشاة أسنان كمجاملة ؟
10949,أد إيه رسوم التوصيل؟,ما قيمة رسوم التوصيل ؟,كم تبلغ تكلفة التوصيل ؟
6496,ما تلمسني.,لا تلمسني .,لا تلمسني .
12157,ايوة، انا بس. إمتى هعرف؟ أنا هتعوض إزاي؟,أجل ، واحدة فقط . متى سأعرف ؟ وكيف سيتم تعويضي ؟,نعم ، أنا فقط . متى يعرف ؟ كيف تريدني ؟
651,أيوة، الاول، نضفه بطريقة منفصلة.,"نعم , في بادئ الأمر ، اغسليها على منفصلة .",نعم ، أولا ، نقوم بذلك بطريقة منفصلة .
18621,إنه للأسفل هناك على اليسار .,إنه للأسفل هناك على اليسار .,إنه للأسفل هناك على اليسار .
15020,كمل في الطريق ده، ولف شمال عند تاني اشارة.,"استمر في هذا الطريق , وانعطف يساراً عند ثاني إشارة .",كم ثمن هذا الطريق ، ثم يساراً عند أخرى إشارة .
1792,أي ناد هو الأفضل في موسيقى الجاز ؟,أي ناد هو الأفضل في موسيقى الجاز ؟,أي ناد هو الأفضل في موسيقى الجاز ؟
22569,العرض شكله ضيق شوي. عادي؟,يبدو الاتساع ضيقاً إلى حد ما . أهذا على ما يرام ؟,يبدو أن العرض ضيق جداً . هل يمكن أن أفعل ذلك ؟
33908,ثبتها جيدا ، وفي مكان ظاهر .,ثبتها جيدا ، وفي مكان ظاهر .,ثبتها جيدا ، وفي مكان ظاهر .
11504,حسناً ، يبدو ضيقاً إلى حد ما من عند الأكتاف .,حسناً ، يبدو ضيقاً إلى حد ما من عند الأكتاف .,حسناً ، يبدو ضيقاً إلى حد ما من عند الأكتاف .
49656,أدي وقت هيدا رح ياخد؟,كم ستستغرق من الوقت ؟,كم وقت يمكنني الحصول على هذا ؟
26983,شو اسم الرسام؟,ما هو اسم الرسام ؟,ما اسم الرسام ؟
49895,أنا ممتن لأن يكون لدي صديق مثلك .,أنا ممتن لأن يكون لدي صديق مثلك .,أنا ممتن لأن يكون لدي صديق مثلك .
11839,فين المغسلة اللي بتشتغل بالفلوس المعدنية؟,أين المغسلة التي تعمل بالنقود المعدنية ؟,أين المغسلة التي تصنع في صندوق المعدنية ؟
43428,اسمي هيروشي موري .,اسمي هيروشي موري .,اسمي هيروشي موري .
41510,هدايا لأصدقائي .,هدايا لأصدقائي .,هدايا لأصدقائي .
38860,انا اسف، بس محتاج حد يساعدني .,معذرة ، لكني أريد أحداً لمساعدتي .,آسف ، لكنني أحتاج إلى مساعدتي .
16900,رح إسأل شوفير تاكسي تاني.,سوف أسأل سائق تاكسى آخر .,سأسأل شيفير سيارة أجرة أخرى .
21755,بيقدمون الأكل؟,هل سيقدم طعام ؟,هل يقدمون الطعام ؟
31068,ما في عنا نفس الستايل هلأ. رح أشوف في المخزن. استنى دقيقة، لو سمحت.,لا يوجد لدينا نفس الطراز الآن . سأفحص مخزوننا . انتظر دقيقة من فضلك .,لا يوجد لدينا نفس الالستايل الآن . سأرى في المخزن . انتظر دقيقة من فضلك .
25834,رجاءً ارجع للباص على الساعة ثلاث.,من فضلكم عودوا إلى الحافلة عند الثالثة .,سوف أعود إلى الحافلة في الساعة الثالثة .
7760,هل بإمكانك عمل الأطباق في وقت لاحق ؟,هل بإمكانك عمل الأطباق في وقت لاحق ؟,هل بإمكانك عمل الأطباق في وقت لاحق ؟
22090,المياه الساخنة ليست ساخنة بالقدر الكافي .,المياه الساخنة ليست ساخنة بالقدر الكافي .,المياه الساخنة ليست ساخنة بالقدر الكافي .
28052,درجة ثانية بس ذهاب، لو سمحت.,درجة ثانية ذهاب فقط من فضلك .,درجة ثانية فقط ذهاب ، من فضلك .
18844,أنا ضيعت تذكرة الطيارة.,لقد فقدت تذكرة الطائرة .,لقد فقدت تذكرة الطيران .
18739,بالبركة، دريت ان سووك نائب رئيس.,مبروك ، علمت أنه قد تم ترقيتك إلى نائب رئيس .,على فكرة ، لقد اتصلت بشركة سووك نائب رئيس .
39797,خدني عأبي رود، إذا بتريد .,"خذني إلى طريق أباي , من فضلك .",خذني إلى أبي رود ، من فضلك .
11044,ايوه، دوس تسع صفر واحد واحد، بعدها كود البلد و رقم التليفون .,حسنا ، اضغط تسعة وصفر واحد واحد ، ثم الكود الخاص بالبلد ورقم الهاتف .,نعم ، رقم تسعة صفر واحد واحد ، ثم رقم الهاتف .
34750,كل يوم اتنين بيبقى كده.,أنها هكذا كل يوم اثنين .,سوف يحضر كل يوم ثلاثين يوماً .
4246,ابغي احول كم ين ياباني للدولار الامريكي.,أريد تحويل الين الياباني إلى دولار أمريكي .,أريد أن أحول بعض الين ياباني إلى دولارات أمريكية .
5582,بغيت اتصل في اليابان.,أريد الاتصال هاتفياً باليابان .,أريد أن أتصل في اليابان .
10632,نعم. لحظه، بايبلك واحد لك.,"نعم . انتظر , سوف احضر لك واحدة .",نعم . لحظة واحدة ، سأرسل لك واحدة لك .
36464,حطلي كريم عشعري إذا بتريد .,ضع بعض اللوسيون على شعري ، من فضلك .,ضع لي كريم قشعري ، من فضلك .
4980,كيف تبغا شعرك اليوم؟,كيف تحب أن يصفف شعرك اليوم ؟,كيف تريد شعرك اليوم ؟
50194,دة سمك تعبان مشوى مع صوص مخصوص على وش طبق رز.,إنه سمك ثعبان مشوي مع مرقة خاصة فوق سلطانية من الأرز .,هذا سمك ذو طبق جيد مع طبق جيد مثل طبق زجاجة خضراء .
40506,ايه أحدث لعبة كمبيوتر تناسب عمر خمستاشر سنة؟,ما هي أحدث ألعاب الكمبيوتر لفتى سنه خمسة عشر عاما ؟,ما هي أحدث لعبة كمبيوتر لعمر خمسة عشر عاما ؟
8919,بدي إطلب بيتزا. مين بوصل هون؟ شو الرأم؟,أريد طلب بيتزا . من يقوم بالتسليم هنا ؟ كم الرقم ؟,أريد أن أطلب بيتزا . من يصل هنا ؟ ماذا عن الفندق ؟
19341,أوافق ، ولكن ببعض الشروط .,أوافق ، ولكن ببعض الشروط .,أوافق ، ولكن ببعض الشروط .
19366,اوكي. وانتي، يا اختي؟,بحالة جيدة ، وكيف حالك أنت ، يا سيدتي ؟,حسناً . هل أنت يا سيدتي ؟
14865,لف عالشمال عتاني زاوية. هوي عيمينك.,اتجه يساراً عند الناصية الثانية . إنها إلى يمينك .,اتجه يساراً عند الناصية الثانية . إنه يساراً .
8188,أبا فيلم رقمه دا الإيه إس إيه لدي الكاميرا، لو سمحت.,أود بعضاً من فيلم رقم ايه إس ايه لهذه الكاميرا ، من فضلك .,أريد فيلم رقم هذه الإيه إس إيه لدي الكاميرا ، من فضلك .
10171,السنة اللي فوق دي بتوجع.,تؤلمني هذه السنة في أعلى الفم .,لقد ضاع العام الماضي .
30528,"سأقوم بدفع الفارق , لذلك من فضلك اعد الحساب .","سأقوم بدفع الفارق , لذلك من فضلك اعد الحساب .","سأقوم بدفع الفارق , لذلك من فضلك اعد الحساب ."
50341,كيف بروح عوسط المدينة؟,كيف يمكنني أن أذهب إلى وسط المدينة ؟,كيف أذهب إلى وسط المدينة ؟
4569,فيني سخونة.,إني مصاب بحمى .,لدي بعض السجائر .
8639,احنا مهتمين بالأزياء.,نحن مهتمون بالأزياء .,نحن مهتمون بالأزياء .
38710,أديش بدو وأت تيوصل عاليابان بالبريد الجوي؟,كم المدة التي يستغرقه لكي يصل لليابان عن طريق البريد الجوي ؟,كم المدة التي ستغادر في اليابان بالبريد الجوي ؟
17298,انتظر . ثلاث مربعات سكنية ثم اتجه يساراً ؟,انتظر . ثلاث مربعات سكنية ثم اتجه يساراً ؟,انتظر . ثلاث مربعات سكنية ثم اتجه يساراً ؟
22011,اسمح لي، بس احس اني مريض.,عفواً ، ولكني أشعر بالإعياء .,معذرة ، لكني أشعر بمرض .
42212,عندك أي خريطة للمدينة دي؟,هل لديك أيّ خرائط بسيطة للمدينة ؟,هل لديك أي خريطة لمدينة هذه ؟
46986,من فضلك دعها لي .,من فضلك دعها لي .,من فضلك دعها لي .
8570,إيه رأيك عشرة جنيه للتلاتة؟,ما رأيك في عشرة جنيهات مقابل ثلاثة ؟,ماذا عن عشرة جنيها للثلاثة ؟
49000,هل تريد أن أقص من السوالف قليلا ؟,هل تريد أن أقص من السوالف قليلا ؟,هل تريد أن أقص من السوالف قليلا ؟
34936,مع الفطور، الضريبة، و الخدمة، أربعة و خمسين دولار على الشخص بالليلة.,بما في ذلك الإفطار ، والضريبة ، ورسم الخدمة ، سيكون الحساب خمسة أربعون دولارا للشخص الواحد في الليلة .,مع الفطور ، الضريبة ، الخدمة ، أربعة وخمسين دولاراً على الشخص في الليلة .
36223,ده الوقت المناسب انك تدي و تظهر حسن النيه .,إنه وقت إظهار الود واقتسامه .,هذا الوقت مناسب لأن تكون جاهزة .
29865,بدي مسبحة الوردية.,أريد سبحة .,أريد بعض المسبحة الوردية .
49326,اقدر المسه؟,هل بإمكاني اللمس ؟,هل يمكن أن أقوم بعمل ذلك ؟
48393,فيك زكام.,لقد أصبت بالأنفلونزا .,يمكنك أن تحضر .
23713,بتقدر تكبس زر التصوير؟,هلا ضغطت على زر مصراع النافذة ؟,هل يمكنك أن تكبس زر التصوير ؟
40815,لقد قضيت وقتاً رائعاً هذا المساء ، شكراً لك .,لقد قضيت وقتاً رائعاً هذا المساء ، شكراً لك .,لقد قضيت وقتاً رائعاً هذا المساء ، شكراً لك .
15280,أنا متحمس عشان ألبس بدلة السباق الجديدة.,أود قياس بذلة السباق الخاصة بي .,أنا ممتن لأن ألبس بدلة السباق الجديدة .
585,ما بتعرف إزا في شي مطعم إسباني أريب من هون؟,هل تعرف أي مطعم أسباني بالقرب من هنا ؟,هل تعرف كيف يمكنني أن أجد مطعم إسباني قريب من هنا ؟
3660,بس، ده حيكون مريح بعد الاستخدام.,"ولكنه , سيصير مريحاً بعد أن يُروّض .",لكن ، سيكون هذا مريح بعد الاستخدام .
22938,تسعة ثلاثة تسعة ستة سبعة صفر صفر .,تسعة ثلاثة تسعة ستة سبعة صفر صفر .,تسعة ثلاثة تسعة ستة سبعة صفر صفر .
7100,أين أفضل مكان يمكنني زيارته مع صديقي ؟,أين أفضل مكان يمكنني زيارته مع صديقي ؟,أين أفضل مكان يمكنني زيارته مع صديقي ؟
26429,المفروض أتكلم منين، لو قابلتني مشكلة؟,بمن اتصل إذا وقعت في مشكلة ؟,أين يمكنني أن أتحدث ، إذا كنت واجهت مشكلة ؟
40877,سكوتش مع ميا، لو سمحت.,ويسكي اسكتلندي وماء من فضلك .,سكوتش مع ميا ، من فضلك .
34894,الكعب واجد رفيع.,الكعب مرتفع جداً .,الكعب جميل جداً .
10593,اي يوم يكون مسكر؟,ما هو اليوم الذي تغلق فيه ؟,أي يوم سيكون مسكر ؟
24228,من فضلك اطلب صفر وبعدين رقم التليفون اللي إنت عاوزه.,من فضلك ، اضغط على الرقم صفر ثم اتصل بالرقم الذي تريده .,من فضلك اطلب صفر وبعد رقم الهاتف الذي اتصل به .
42487,اظن نقدر نوفر طاولة في نص ساعة.,أظن أننا نستطيع توفير مائدة في غضون ثلاثين دقيقة .,أعتقد أننا يمكننا أن نأخذ مائدة في نصف ساعة .
11607,شو اختصاصك؟,ما الطبق المميز لديكم ؟,ما هي وظيفةك ؟
29121,أنت تري علامة المترو هناك .,أنت تري علامة المترو هناك .,أنت تري علامة المترو هناك .
47741,إزا بتريد عطيني رأم تلاتة تنان ستة تنان تسعة واحد تمانة.,من فضلك اتصل لي برقم ثلاثة اثنان ستة اثنان تسعة واحد ثمانية .,من فضلك أعطني رقم ثلاثة اثنان ستة اثنان تسعة واحد اثنان .
31873,شكراً على هذا .,شكراً على هذا .,شكراً على هذا .
39854,انا مو عاجبني هذي.,لا يروق لي ذلك .,أنا لا أحب هذا .
24415,أنت عايز تعمل المكالمة إزاي؟,كيف ترغب في إجراء المكالمة ؟,كيف تريد إجراء المكالمة ؟
13539,أنا بحالة جدية ، لكن هل تمانع في الاتصال بصديق ؟,أنا بحالة جدية ، لكن هل تمانع في الاتصال بصديق ؟,أنا بحالة جدية ، لكن هل تمانع في الاتصال بصديق ؟
39368,ضعها في إحدى الحقائب الكبيرة في غرفة الملابس . من فضلك قدم طلب التنظيف بخصوص الأشياء التي ترغب في أن يتم تنظيفها .,ضعها في إحدى الحقائب الكبيرة في غرفة الملابس . من فضلك قدم طلب التنظيف بخصوص الأشياء التي ترغب في أن يتم تنظيفها .,ضعها في إحدى الحقائب الكبيرة في غرفة الملابس . من فضلك قدم طلب التنظيف بخصوص الأشياء التي ترغب في أن يتم تنظيفها .
44708,ضربتك عجيبة.,"أغنيتك جميلة , رائعة .",ضربتك عجيبة .
3296,لازم نختصر في النفقات.,نحتاج إلى خفض الميزانية .,يجب أن نتصر في النفقات .
49882,سلّمها ، هل هذا كل ما لديك ؟,سلّمها ، هل هذا كل ما لديك ؟,سلّمها ، هل هذا كل ما لديك ؟
11547,القطار السريع في الرصيف ثمانية.,القطار السريع في الرصيف رقم ثمانية .,القطار السريع في الرصيف ثمانية .
27417,إذا بتريد خبرني وين عنوانك .,من فضلك أخبرني مكان الاتصال بك .,من فضلك أخبرني أين عنوانك .
19711,بأي بوظة بتنصحني؟,ما هو الآيس كريم الذي تزكيه ؟,ما هي بوظة التي تريدها ؟
46260,بغيت شريحة بيتزا سجق، لو سمحت.,أود شريحة من البيتزا بالسجق من فضلك .,أريد شريحة بيتزا سجق ، من فضلك .
655,إنها تبلت اليخن بالثوم .,إنها تبلت اليخن بالثوم .,إنها تبلت اليخن بالثوم .
37666,إنها الواحدة وخمس دقائق .,إنها الواحدة وخمس دقائق .,إنها الواحدة وخمس دقائق .
25151,للأسف ما عنا، يا استاذ .,أخشى أننا لا نقوم بذلك ، يا سيدي .,أخشى أننا لا نستطيع ، يا سيدي .
47861,اسمه مستر هارادا. شكرا جزيلا ليك.,اسمه السيد هارادا . شكراً جزيلاً لك .,اسمه مستر هارادا . شكراً جزيلاً لك .
41879,معي اذن يورايل، و فيزا سوفياتية .,معي تصريح لأوريل وتأشيرة روسية .,معي أذن ويرايل ، و فيزا سوفياتية .
29879,بالبركة على ترقيتك لمدير عام.,تهاني على ترقيتك لمنصب المدير العام .,أنا علىّ أن أقوم بترقيتك لمدير عام .
21632,أنا ماستخدمتهوش خالص.,لم استخدمها على الإطلاق .,لا يستخدمها كثيراً .
45480,من فضلك ، نظم الغرفة .,من فضلك ، نظم الغرفة .,من فضلك ، نظم الغرفة .
48214,يصير اغير طلبي؟ بغيت خوفعه بدال الحويت.,هل لازال متاح لي أن أغير طلبي ؟ أفضل سمك موسى بدلا من محار الصخر .,هل يمكنني تغيير طلبي ؟ أريد أن أغيرها مرة أخرى .
14828,هل يوجد شخص ما هنا يمكنه أن يتحدث الإنجليزية ؟,هل يوجد شخص ما هنا يمكنه أن يتحدث الإنجليزية ؟,هل يوجد شخص ما هنا يمكنه أن يتحدث الإنجليزية ؟
12144,إمتى حيكون عندك كتب متوقعة؟,متى يتم توقيع عقود المكتب ؟,متى سيكون لديك كتب متوقعة ؟
18478,ممكن تبعت الجواب ده بالبريد؟,هلا أرسلت هذا الخطاب عبر البريد ؟,هل يمكنك أن ترسل هذا السؤال بالبريد ؟
14273,أنا هون سياحة.,إني هنا لمشاهدة المعالم .,أنا هنا في سياحة .
49668,هو في ملعب تنس هنا؟,هل يوجد هناك ملعب للتنس بالقرب من هنا ؟,هل يوجد ملعب تنس هنا ؟
34544,سآخذ هذا وهذا .,سآخذ هذا وهذا .,سآخذ هذا وهذا .
12528,اي ساعة الترويقة؟,ما هو وقت الإفطار ؟,متى يمكنني الحصول على تذكرة ؟
31260,أريد بعض الأملاح للحمام .,أريد بعض الأملاح للحمام .,أريد بعض الأملاح للحمام .
31841,أنا بسكر بالنبيد.,بدأت الخمر تثملني .,أنا أسكر في النافذة .
1710,كدا كويس مرة. دحين للأسئلة، لو سمحت.,هذا جيد للغاية . والآن الأسئلة ، من فضلك .,هذا جيد للغاية . لذلك اتصل بي في الساعة السادسة ، من فضلك .
20626,شارع أثنين و ثلاثين .,شارع أثنين و ثلاثين .,شارع أثنين وثلاثين .
30634,خلينا نرنلو.,لنتصل به .,دعنا نريد .
20870,فيك تقيسني؟,هل يمكن أن تأخذ مقاساتي ؟,هل يمكنك أن تقوم بتسليمني ؟
49078,علبة لميلر.,علبة واحدة ميلر .,علبة لاملر .
15199,ثلج، لو سمحت.,آيس كريم ، من فضلك .,ثلج ، من فضلك .
12980,ماذا تحب سيدتي أن تشرب ؟,ماذا تحب سيدتي أن تشرب ؟,ماذا تحب سيدتي أن تشرب ؟
12130,ممكن تملا ده؟,هل لك أن تتفضل وتملأ هذه ؟,هل يمكن أن تمرر هذا ؟
6354,معذرة ، هل يمكنني الدخول هنا ؟ لقد رأيت حقيبتي .,معذرة ، هل يمكنني الدخول هنا ؟ لقد رأيت حقيبتي .,معذرة ، هل يمكنني الدخول هنا ؟ لقد رأيت حقيبتي .
23493,رح على الطول للزاوية و لف يسار عند الإشارة.,اذهب إلى الناحية وانعطف يساراً عند إشارة المرور .,سأصل على الجانب الأيمن ثم اتجه يساراً عند الإشارة .
9594,هالجواتي واجد ضيقة.,الحذاء ضيق جداً .,هذه الجسم ضيقة جداً .
15703,فيه أي مكان في المنطقة دي يقتروحوه بشكل كبير؟,هل هناك أي أماكن في المنطقة تلقي تزكية كثيرة ؟,هل يوجد أي مكان في هذه المنطقة تذهب بشكل كبير ؟
46746,هل أنت جاهزة للطلب يا سيدتي ؟,هل أنت جاهزة للطلب يا سيدتي ؟,هل أنت جاهزة للطلب يا سيدتي ؟
5048,فى أى أتوبيس بيروح هناك مباشرة؟,هل هناك حافلة تذهب مباشرة إلى هناك ؟,هل يوجد أي حافلة تذهب إلى هناك مباشرة ؟
3863,"إن وجبة إفطاري لم تحضر بعد , من فضلك أحضرها لي الآن .","إن وجبة إفطاري لم تحضر بعد , من فضلك أحضرها لي الآن .","إن وجبة إفطاري لم تحضر بعد , من فضلك أحضرها لي الآن ."
8489,هل لي أن أحصل على نسخة من تقرير الشرطة ، من فضلك ؟,هل لي أن أحصل على نسخة من تقرير الشرطة ، من فضلك ؟,هل لي أن أحصل على نسخة من تقرير الشرطة ، من فضلك ؟
50128,ممكن لو تكرمت تغيرلي الفستان ده بواحد مقاس أكبر؟,هلا بدلت هذا الفستان بآخر من مقاس أوسع ؟,هل يمكنك أن تغير هذا الفستان بواحد مقاس أكبر ؟
31550,بتحب تروح على ملهى رقص؟,هل تحب الذهاب إلى المَرْقص ؟,هل تريد الذهاب إلى ملهى رقص ؟
26696,ثلاث ليالي.,ثلاثة ليالي .,ثلاث ليالي .
8178,وين احصل استعلامات السياح؟,أين يمكنني أن أجد استعلامات السائحين ؟,أين يمكنني أن أجد استعلامات السياح ؟
28271,حأو خمسة وتمانين سنت. ما تنسى تاخد تحويلة بس توصل، وهيك ما بيكون لازم تدفع مرة تانية بس تغير الباص.,"ثمنها خمس وثمانون سنتاً . لا تنس أن تحصل على تذكرة التغيير من حافلة لأخرى عند الركوب , حتى لا تكون بحاجة لأن تدفع مرة أخرى حينما تغير بين الحافلات .",خمسة وثمانون سنتاً . لا تقلق أن تدفع مرة أخرى فقط .
22944,كان رائع شكرا الك.,كان عظيماً . شكراً .,كان رائعاً شكراً لك .
46380,نفضل تناول أطباق في حدود ثلاثين جنيهاً للشخص .,نفضل تناول أطباق في حدود ثلاثين جنيهاً للشخص .,نفضل تناول أطباق في حدود ثلاثين جنيهاً للشخص .
12203,"ربما عليك أن تجرب فندق "" إتش "" أو "" سي "" .","ربما عليك أن تجرب فندق "" إتش "" أو "" سي "" .","ربما عليك أن تجرب فندق "" إتش "" أو "" سي "" ."
1180,المبلغ ده لإيه؟,إلى كم يصل الإجمالي ؟,ما هو إجمالي المبلغ ؟
9058,فيي إخد برنامج؟,هل يمكنني الحصول على برنامج ؟,هل يمكنني أن أخذ برنامجاً ؟
41506,في غلط بهالشيك، بفتكر .,أعتقد أن هناك خطأ فى هذه الفاتورة .,هناك خطأ في هذا الشيك ، من فضلك .
28304,تعالا، كينجي. خليني أفرجك ع المكتب.,تعالى ، كينجي . دعني أريك أرجاء المكتب .,حسنا ، كينجي . دعني أرجاء المكتب .
34689,شنو اشوف في شيكاغو؟,ماذا ينبغي علي مشاهدته في شيكاغو ؟,ماذا أرى في شيكاغو ؟
4844,اشعر اني تعبان جدا.,أشعر بمرض شديد .,أشعر بألم شديد .
5712,عايز عصير أوطة، إذا سمحت .,أريد عصير طماطم من فضلك .,أريد عصير طعام ، من فضلك .
35320,ممكن تساعدني في الشنط ديه؟,هل تستطيع مساعدتي في الأمتعة ؟,هل يمكنك مساعدتي في هذه الحقائب ؟
18659,شو تفعل عادة في المنزل بعد العشاء؟,ماذا تعمل في المعتاد بالمنزل بعد تناول العشاء ؟,ماذا تفعل عادة في المنزل بعد العشاء ؟
16785,شي لمرا متوسطة العمر.,بعضاً لسيدة في منتصف عمرها .,شيء لمدة متوسطة العمر .
39366,ممكن اطلب تيك اوي؟,هل يمكن أن أطلب على الحساب ؟,هل يمكنني أن أطلب بعض الملابس ؟
30938,بس عندي موعد اني أشوفها على الساعة تنتين.,لكنّي لدى موعد لرؤيتها في السّاعة الثّانية .,لكن لدي موعد لمشاهدةها في الساعة الثانية .
49461,نفس الشي، لو سمحت.,"نفس الشيء , من فضلك .",نفس الشيء ، من فضلك .
47053,الرحلة متأخرة خمسة واربعين دقيقة.,تأجلت الرحلة الجوية لمدة خمسة وأربعين دقيقة .,الرحلة متأخرة خمسة وأربعين دقيقة .
41631,أنا عندي سخونية وحاسس جدا بدوخة.,أنني أعاني من حمة شديدة وأشعر أنني مصاب بدوار .,لدي زجاجة عاجلة وألم شديد .
14495,يوجد شيئ ما خطأ في السيارة . هل يمكنك أن تفحصها ؟,يوجد شيئ ما خطأ في السيارة . هل يمكنك أن تفحصها ؟,يوجد شيئ ما خطأ في السيارة . هل يمكنك أن تفحصها ؟
16808,أريد غلاية .,أريد غلاية .,أريد غلاية .
50480,تمام . ايه رأيك؟ اكيد حابب أسمع وجهه نظرك .,حسنا ، ما هو ، رأيك ؟ أود بالتأكيد أن أستمع إلى وجهات نظرك .,حسناً . ماذا عنك ؟ أود أن أسمع وجهه نظرك .
8279,صح، مبينين متل الشجر الطبيعية. العالم بتحب منظرن.,حقاً . إنها تبدو مثل الأشجار الطبيعية كاملة النمو . يستمتع الناس بالمنظر الطبيعي لها .,حسنا ، ليس هناك بعض الشجر الطبيعية . يمكنك أن تملأ هذا المكان .
43069,بدي روح بكرا عفيلادلفيا. أي ساعة في ترين؟,أريد الذهاب إلى فيلادلفيا غداً . متى أجد قطارا ؟,أريد الذهاب إلى فيلادلفيا . متى توجد ساعة ؟
34471,عشر طوابع من فضلك .,عشرة طوابع من فضلك .,عشر طوابع من فضلك .
37944,أعمل في شركة نشر .,أعمل في شركة نشر .,أعمل في شركة نشر .
18388,فينس و ليندا عاوزين يكونوا لوحدهم، فللأسف هضطر أبقى هنا الليلة دى.,فينس وليندا يريدان أن يبقيا بمفرديهما ، لذا أخشى أنني لا بد أن أبقى هنا هذه الليلة .,فينس و ليندا يمكنني أن يكونوا على متنها ، لذلك أخشى أنني سوف أكون هنا الليلة الماضية .
25790,ليس قصيراً جداً . ولكن تشذيب جيد .,ليس قصيراً جداً . ولكن تشذيب جيد .,ليس قصيراً جداً . ولكن تشذيب جيد .
30715,واحد برجر بالجبن و عصير برتقال، لو سمحت.,"واحد هامبورجر بالجبن و عصير برتقال , من فضلك .",واحد برجر بالجبن و عصير برتقال ، من فضلك .
26697,طبعا، القعر ده ممكن يكبر ويصغر زي ماتحب.,بالطبع ، هذا القاع يمكن أن يمدد أو يقلص كما تحب .,طبعا ، هذا القعر يبلغ نحو خمسة وعشرين دقيقة .
28396,سأخبرك بمجرد وصولي إلى هناك .,سأخبرك بمجرد وصولي إلى هناك .,سأخبرك بمجرد وصولي إلى هناك .
33781,لماذا يحدث ذلك ؟,لماذا يحدث ذلك ؟,لماذا يحدث ذلك ؟
50796,معنديش اي فكة.,ليس معي فكة صغيرة .,ليس هناك أي فكة .
34,فيه تكلفة للدخول لهذا المبنى؟,هل يكلفني دخول هذا المبنى أي أموال ؟,هل هناك تكلفة للدخول إلى هذا المبنى ؟
33442,أصيب رفيقي بأزمة ربوية .,أصيب رفيقي بأزمة ربوية .,أصيب رفيقي بأزمة ربوية .
10915,عندي وجع بينقح في ودني .,عندي آلم ينبض في أذني .,لدي ألم في وجهي .
34774,سوف أُقيم في فندق .,سوف أُقيم في فندق .,سوف أُقيم في فندق .
42467,والله، لازم تكلمني قبل ما تجي المرة الجاية.,حسناً ، عليك الاتصال بي قبل أن تأتي المرة المقبلة .,حسناً ، يجب أن تكلمني قبل أن تحضر المرة القادمة .
14474,أي ساعة بقدر إتحمم؟,متى يمكنني أن آخذ حماما ؟,متى يمكنني أن أتحميم ؟
1334,مقعد بجوار النافذة ، من فضلك . وأريد أن أجلس مع ابنتي .,مقعد بجوار النافذة ، من فضلك . وأريد أن أجلس مع ابنتي .,مقعد بجوار النافذة ، من فضلك . وأريد أن أجلس مع ابنتي .
41565,دا اختصاصنا، سمك مفلطح مشوي.,"هذا هو طبقنا المميز , سمك موسى المشوي الخاص بدوفر .",هذا طبقنا ، سمك مشوي .
4724,غير مشابه جدا.,غير محتمل بدرجة كبيرة .,ليس هناك مشابهة جداً .
4091,أنا بصدد الطهي الآن .,أنا بصدد الطهي الآن .,أنا بصدد الطهي الآن .
35127,بغيت ولاعة.,أريد قداحة .,أريد بعضاً من ألم .
30301,فيك تعطينا رايك عهيدي النقطة؟,هل يمكن أن تعطينا أرائك حول هذه النقطة ؟,هل يمكننا أن تعطينا رأيك في هذه النقطة ؟
14341,زين. وشلون في اليابان؟,جيد . ماذا عن اليابان ؟,حسناً . كيف حال اليابان ؟
45247,أية بوابة أتوجه إليها بعد ذلك ؟,أية بوابة أتوجه إليها بعد ذلك ؟,أية بوابة أتوجه إليها بعد ذلك ؟
13328,اهلاً، كيف حالك؟,مرحبا . كيف حالك ؟,مرحباً ، كيف حالك ؟
6896,كاميرتي لا تعمل بطريقة صحيحة ، هلا تفضلت بفحصها ؟,كاميرتي لا تعمل بطريقة صحيحة ، هلا تفضلت بفحصها ؟,كاميرتي لا تعمل بطريقة صحيحة ، هلا تفضلت بفحصها ؟
24140,روح دغري بهالشارع. هوي عالشمال.,استمر في نفس الاتجاه بهذا الشارع . إنها على يسارك .,اتجه يساراً هذا الشارع . إنه يساراً .
43777,لا، ما بدي . ممكن شوف غيرو؟,لا ، لا أريد . هل أرى واحدة أخرى ؟,لا ، لا أريد . هل يمكن أن أرى أخرى ؟
13352,فيه بانيو و تواليت؟,هل تحتوي على حمام ومرحاض ؟,هل يوجد هناك بعض الأطعمة والحمام ؟
28717,هتوريني قايمة بأنواع العربيات والتكلفة؟,هل لك أن تريني قائمة بأنواع السيارات وأسعارها ؟,هل هذه قايمة في نوع السيدات والتكلفة ؟
7209,أريد إلغاء الأطباق الأخرى لأنه يستغرق وقتاً طويلاً .,أريد إلغاء الأطباق الأخرى لأنه يستغرق وقتاً طويلاً .,أريد إلغاء الأطباق الأخرى لأنه يستغرق وقتاً طويلاً .
34696,أشكرك ثانية لأنك ذكرتني . هل يميل كثير من الناس أن ينسوا توقيع أسمائهم ؟,أشكرك ثانية لأنك ذكرتني . هل يميل كثير من الناس أن ينسوا توقيع أسمائهم ؟,أشكرك ثانية لأنك ذكرتني . هل يميل كثير من الناس أن ينسوا توقيع أسمائهم ؟
36149,كم المجموع؟,ما هو الإجمالي ؟,كم إجمالي المجموع ؟
41211,أحنا عايزين طربيزة قريبة من المسرح.,نريد مائدة بالقرب من المسرح .,نريد مائدة قريبة من المسرح .
37507,اثنين بالغين واثنين يهال تحت الاثنعش، لو سمحت.,من فضلك ، اثنين بالغين وطفلين تحت اثنى عشر عاماً .,اثنان بالغين واثنين يساراً تحت الاثنين ، من فضلك .
26923,اكيد. تعا نروح عمحل الأكل الجاهز بالجهة التانية من الشارع.,أنا أؤيد ذلك كلياً . هيا نذهب إلى محل الأطعمة المعلبة في الناحية الأخرى من الشارع .,بالتأكيد . سنذهب إلى محل الطعام القادم في هذا الشارع .
18841,بدي إنزل هون.,ارغب في النزول هنا .,أريد أن أنزل هنا .
33125,شنو الزود في هالمطعم؟,ما هو الطبق المميز في هذا المطعم ؟,ما هو الزود في هذا المطعم ؟
12422,من المرجح أن محبا للإبداع الفني مثلك سيستمتع اللوحات الزيتية غير التقليدية وعروض الموسيقى بالشوارع .,من المرجح أن محبا للإبداع الفني مثلك سيستمتع اللوحات الزيتية غير التقليدية وعروض الموسيقى بالشوارع .,من المرجح أن محبا للإبداع الفني مثلك سيستمتع اللوحات الزيتية غير التقليدية وعروض الموسيقى بالشوارع .
46775,غير القطر لقطر محلي في فونيكس .,غير إلى قطار محلي في فينكس .,غير القطر لقطر محلي في فونيكس .
43179,فيك تجي عبرودواي قبل السبعة؟,هل لك أن تجعلها لبرودواى بحلول الساعة السابعة ؟,هل يمكنك أن تحضر إلى عبرودواي قبل السابعة ؟
1226,ابغي اروح متحف إيه.,أود الذهاب إلى متحف أ .,أريد الذهاب إلى متحف إيه .
27797,ايوه، انا حابب . امتى حنمشي من هنا؟,نعم ، سأفعل . متى سنغادر من هنا ؟,نعم ، أنا آسف . متى سنصل من هنا ؟
39309,بسرعة لو سمحت.,من فضلك ، أسرع .,بسرعة من فضلك .
30840,ممكن تعطيني ابرة وخيط؟,هل لي بإبرة وخيط ؟,هل يمكن أن أحصل على بعض الأقراص الخيط ؟
33581,نقدر نشوف بعض المحافظ الجلدية؟,هل يمكننا أن نلقي نظرة على حافظات جلدية ؟,هل يمكننا أن نشاهد بعض المحافظ الجلدية ؟
385,عدد سكان طوكيو اثنعش مليون تقريباً. زحمة وسعر الاسكان مرتفع.,يبلغ عدد سكان طوكيو حوالي اثني عشر مليوناً . إنها مزدحمة وسعر السكنى مرتفع .,عدد سكان طوكيو اثنان عشرمائة مليوناً . زحمة وسعر الأسكان مرتفع .
32041,بدي إحجز لحفلة لخمس أشخاص عالساعة ستة عشية.,أريد الحجز لمجموعة من خمسة أشخاص الساعة السادسة هذه الليلة .,أريد حجز لحفلة لخمسة أشخاص في الساعة السادسة مساءاً .
36983,ده مش ذوقي.,هذا لا يناسب ذوقي .,هذا لا يعمل .
33260,كنت عايز شنطة كيلي الحمرة نفس الإستايل ده.,أريد حقيبة كيلي حمراء نفس هذا الطراز .,أريد حقيبة كيلي الحمرة نفس هذا النوع .
23316,بدي إشتري خمسة. مع هيك، ما رح ترخصلي ياهون؟,أريد شراء خمسة . حتى في هذه الحال ألا يمكنك تخفيض السعر ؟,أريد شراء خمسة . مع ذلك ، هل ستكون جاهزة ؟
31577,بدي كاس نبيد أحمر .,أريد كوباً من الخمر الأحمر .,أريد بعضاً من زجاجة النبيذ الأحمر .
22596,هل يمكنني معرفة اسمك ورقم تليفونك ؟,هل يمكنني معرفة اسمك ورقم تليفونك ؟,هل يمكنني معرفة اسمك ورقم تليفونك ؟
12104,ممكن تدفع عشر دولارات هنا عربون؟,هل من الممكن أن تدفع مبلغ عشرة دولارات للمقدم ؟,هل يمكنك أن تدفع عشر دولارات هنا إلى عربون ؟
14424,البطارية فارغة . هل يمكنني أن استعير وصلتك ؟,البطارية فارغة . هل يمكنني أن استعير وصلتك ؟,البطارية فارغة . هل يمكنني أن استعير وصلتك ؟
7306,نفسك في حلا؟,هل تريد بالحلويات ؟,هل أنت في حمام ؟
7680,هيكون من دواعى سروورنا إننا نقدملك مشروب من اختيارك، وراه عشا. دليل كامل للمشروبات اللى بنقدمها فى الرحلة دى موجود فى دليل معلومات المجلة بتاعتنا.,يسعدنا أن نقدم لك الشراب الذي تريده متبوعاً بالغداء . دليل كامل بالمشروبات التي نقدمها على رحلتنا موجودة في دليل المعلومات الخاص بمجلتنا .,سوف نقدم دواعى لدينا مشروبات ذات مشروبات خاصة ، لذا سوف نقدم هذه الرحلة موجودة في دليل معلومات المجلة .
14361,يصير انزل في دربي؟,هل لي أن أترجل في طريقنا ؟,هل يمكن أن أنزل في دربي ؟
702,هذي حق الشغل؟,هل هذا للعمل ؟,هل هذا للعمل ؟
28486,متى يمشي الباص الجاي حق بوسطن؟,متى يغادر القطار التالي إلى بوسطن ؟,متى يغادر الحافلة التالية إلى بوسطن ؟
6262,كم الكثافة السكانية في دولتك؟,ما هو عدد سكان بلدك ؟,كم عدد الكثافة السكانية في منزلك ؟
6747,ابغي أأمن هذي.,أريد التأمين على هذا .,أريد أن أأمن هذا .
18856,كنت عايز آجر لنش.,أود أن أؤجر قارب بمحرك .,أريد تأجير بعض الملابس .
46376,دعني أنظر .,دعني أنظر .,دعني أنظر .
37780,بس اذا الضو ما اشتغل ما فيك تبدلو .,لكن ، إذا لم يعمل النور ، فلا يمكنك تغيره .,لكن إذا لم يأت ، لا يمكنك أن تقوم بذلك .
14198,اليابانيين ما يغيرون وظايفهم واجد.,اليابانيون لا يغيرون وظائفهم غالبا .,اليابانيون لا يمكنني الحصول على وظايفهم كثيراً .
5657,عايز مزيل مونيكير .,أريد مزيلا لطلاء الأظافر .,أريد مزيل ماء .
21011,احتاج إلى تقرير عن الحادث للحصول على التأمين .,احتاج إلى تقرير عن الحادث للحصول على التأمين .,احتاج إلى تقرير عن الحادث للحصول على التأمين .
16530,عايز آكل أكل ايطالي.,أريد بعض الطعام الإيطالي .,أريد أن آكل أكل إيطالي .
476,ستيك إزا بتريد.,لحم مفروم ، من فضلك .,ستيك من فضلك .
18218,عندي تأمين صحي.,عندي تأمين صحي .,لدي تأمين صحي .
27121,فيي شوف اللائحة إذا بتريد؟,هل يمكنني رؤية القائمة ، من فضلك .,هل يمكنني أن أرى اللائحة ، من فضلك ؟
3502,زهور الخوخ واجد حلوة على البنات في مهرجان الدمى تاريخ ثلاثة مارس.,"أزهار الخوخ تلقى إعجاباً في احتفال "" دل "" للفتيات في الثالث من مارس .",زجاجة الخوخ جميلة على الأطفال في مهرجان الدمى منذ ثلاثة مارس .
45154,بغيت آخذ هذي.,أود أن آخذ هذا .,أريد أن آخذ هذا .
49176,كم رقم بوابة رحلة الخطوط اليابان الجوية لطوكيو؟,ما هو رقم بوابة الدخول لرحلات الخطوط اليابانية إلى طوكيو ؟,كم رقم بوابة رحلة الخطوط اليابان الجوية إلى طوكيو ؟
36750,سوف أحضر واحدة في الحال .,سوف أحضر واحدة في الحال .,سوف أحضر واحدة في الحال .
4162,فيه ستة في حفلتنا. عاوزين نقعد على ترابيزة واحدة، لو سمحت.,ثمة ستة أشخاص في مجموعتنا . نريد أن نجلس إلى نفس المائدة ، من فضلك .,هناك ستة في حفلتنا . أريد أن نجلس على مائدة واحدة ، من فضلك .
7094,حاجرب اشرب جاك دانيالز .,سآخذ صورة لجاك دانيلز .,أنا أريد أن أشرب جاك دانيلز .
38939,احنا خارجين.,إننا سندفع الحساب ونغادر .,نحن خارجين .
2081,هو اتصال مباشر بين شخص وشخص. يعني الواحد يقرا افكار الثاني بدون ما الثاني يتكلم.,إنه اتصال مباشر من عقل لآخر . وهذا يعني أن شخصا يقرأ ما في عقل شخص آخر بدون استخدام الكلمات .,إنه اتصال مباشر بين شخص وشخص . يعني أن الشخص يتحدث بدون أن يتحدث .
21719,إن محفظتي نشلت في القطار .,إن محفظتي نشلت في القطار .,إن محفظتي نشلت في القطار .
27010,لو سمحت ضيق ريل البنطلون وخلها بدون كفسات.,من فضلك ضيّق سيقان البنطلون قليلاً و اجعله بدون ثنيات .,من فضلك ضيق ريل البنطلون و هذه دون كفسات .
3467,اتصلت على سيد سميث في غرفة تنين صفر واحد، بس ما حدا رد. بتقدر تشوفلي ازا لساتو مقيم هون؟,لقد اتصلت بالسيد سميث في غرفة رقم اثنان صفر واحد منذ لحظات ، لكن لم يرد أحد . هل لك أن ترى هل لا يزال يقيم هنا ؟,لقد اتصلت على السيد سميث في غرفة اثنان صفر واحد ، لكن لم يرد أحد . هل يمكنك أن ترى كيف يقيم هنا ؟
47895,أليس يوماً جميلاً ؟,أليس يوماً جميلاً ؟,أليس يوماً جميلاً ؟
23460,رح ننط من هون؟,هل سنقفز من هنا ؟,هل سنأخذ من هنا ؟
22792,عندك باص من المطار؟,هل لديك أتوبيس من المطار ؟,هل لديك أية حافلة من المطار ؟
46251,انا واجد عطشان. كاس كبير، لو سمحت.,أشعر بعطش شديد . أريد كوباً ضخما ، من فضلك .,أنا على ما يرام . زجاجة كبيرة من فضلك .
41877,أين المشكلة ؟ من فضلك اشرح .,أين المشكلة ؟ من فضلك اشرح .,أين المشكلة ؟ من فضلك اشرح .
29676,هلق، من وين بطلع لروح عكارنيجي هول؟,الآن ، أيّ مخرج آخذ لكارنيجي هول ؟,حسنا ، أين يمكنني الوصول إلى عكارنيجي هناك ؟
8615,سيبوني أبص وأشوف إذا كان فيه وظايف.,دعني أراجع وأري إذا ما كانت هناك أماكن شاغرة .,سأذهب لأرى إذا كان هناك وظايف .
30648,أعد شحن البطارية من فضلك .,أعد شحن البطارية من فضلك .,أعد شحن البطارية من فضلك .
21208,ممكن تقول تاني؟,قلها ثانية ؟,هل يمكنك أن تقول ثانية ؟
26722,سأحتسي شراب مارتيني غير حلو . وعصير برتقال لها من فضلك .,سأحتسي شراب مارتيني غير حلو . وعصير برتقال لها من فضلك .,سأحتسي شراب مارتيني غير حلو . وعصير برتقال لها من فضلك .
46716,أنا حقدر تكاليف السفر.,سأقدر تكاليف السفر .,يمكنني أن أدفع تكاليف السفر .
35035,ليه متعديش عليا شوية؟,لما لا تتوقف هنا لفترة محدودة ؟,لماذا لا تتعدي على بعض الوقت ؟
16178,هو فيه جولة للمدينة؟,هل ثمة رحلة في المدينة ؟,هل هناك جولة إلى المدينة ؟
41260,لو سمحت قعدني باجر الساعة ست الصبح.,من فضلك أيقظني في تمام الساعة السادسة صباح غد .,من فضلك خذني إلى باجر في الساعة السادسة صباحاً .
47175,الكيمونو هو اللبس التقليدي لليابان.,الكيمونو هو الزي التقليدي لليابان .,الكيمونو هو اللبس التقليدي إلى اليابان .
20794,أيمكنك الحصول على تذكرتين لنا ؟,أيمكنك الحصول على تذكرتين لنا ؟,أيمكنك الحصول على تذكرتين لنا ؟
22858,عندك نصية نبيد؟,هل لديكم نبيذ أحمر سعة نصف زجاجة ؟,هل لديك نصف نبيد ؟
3539,ياخد وقت اد ايه من هنا لبرج لنان؟,كم ستستغرق لكي ننتقل من هنا إلى برج لندن ؟,كم وقت يستغرق من هنا إلى برج لنان ؟
24291,ما هي النقط الإشارية التي بالطريق ؟,ما هي النقط الإشارية التي بالطريق ؟,ما هي النقط الإشارية التي بالطريق ؟
8692,"حسنا , دعني أتثبت من المفقود والموجود . أي نوع من الكاميرات هي ؟","حسنا , دعني أتثبت من المفقود والموجود . أي نوع من الكاميرات هي ؟","حسنا , دعني أتثبت من المفقود والموجود . أي نوع من الكاميرات هي ؟"
16754,هل ستعود لبلادك في الاجازات ؟,هل ستعود لبلادك في الاجازات ؟,هل ستعود لبلادك في الاجازات ؟
48667,نمت كويس؟,هل استرحت في نومك ؟,هل نمت جيد ؟
32643,هيي شنطة جلد كبيرة.,إنها حقيبة ضخمة من الجلد .,إنها حقيبة جلدية كبيرة .
18955,الاكل ممتاز و الناس بيشتغلو جامد جدا، لكن التليفزيون مش حلو .,الطعام رائع والناس جادون في العمل ، لكن التلفاز صبياني .,الالوجبات ممتازة والأشخاص يصنعون جيداً ، لكن التلفاز لا يناسبني .
31994,أريد أن أخذ دروساً في التزلج .,أريد أن أخذ دروساً في التزلج .,أريد أن أخذ دروساً في التزلج .
16133,شو بتحب تشرب المدام؟,ماذا تحب سيدتي أن تشرب ؟,ماذا تريد أن تشرب المدام ؟
45334,أنا هكون برجع اليابان الأتنين الجاى.,سأعود إلى اليابان الاثنين المقبل .,سأعود إلى اليابان في الثانية .
43845,ممكن أغير شركة الطيران؟,هل يمكن أن أغير شركة الطيران ؟,هل يمكنني تغيير شركة الطيران ؟
36697,الشوفير آل شو الموائف؟,هل يعلن قاطع التذاكر عن المحطات ؟,ما هو اللون الأزرق الذي يناسبني ؟
13609,خلينا نشوف.,لنرى .,دعنا نشاهد .
48714,اوك قبل ما تفل، فيك تقلي شو كانت انطباعاتك عن اليابان؟,نعم ، قبل الرحيل ، هلا أخبرتني عن انطباعاتك عن اليابان .,حسناً ، قبل أن تفحص ، هل يمكنك أن تخبرني عن كيف كانت انطباعاتك في اليابان ؟
3375,ممكن تبعتلي الطرد ده بالسعر المكتوب ده؟,هل يمكنك إرسال هذا الطرد بالسعر المحدد في الكتيب ؟,هل يمكن أن أرسل هذا الطرد بالسعر المكتوب ؟
20938,الى أي وقت اقدر استخدم مطعم الفندق؟,إلى متي يظل مطعم الفندق متاحا للاستخدام من قبلي ؟,إلى أي وقت يمكنني استخدام مطعم الفندق ؟
48891,ما فيها الا شوية سعرات حرارية. بس ثلاثين.,سعراتها الحرارية منخفضة جدا . فقط 30 سعر .,لا يوجد هناك أية سعرات حرارية . ولكن ثلاثين .
28113,سأعود إلى اليابان الاثنين المقبل .,سأعود إلى اليابان الاثنين المقبل .,سأعود إلى اليابان الاثنين المقبل .
128,أنا ساتو . استأجرت سيارة هذا الصباح .,أنا ساتو . استأجرت سيارة هذا الصباح .,أنا ساتو . استأجرت سيارة هذا الصباح .
46059,هنعرض فيلم دلوقتي. لو سمحت نزل ستارة شبلكك.,سنعرض فيلما بعد لحظة . من فضلك أسدل ستائر النافذة .,هنا عرض فيلم الآن . من فضلك نزل ستارة شبلك .
10732,لو سمحت. ممكن تصورنا؟,معذرة . هل يمكن أن تأخذ صورة لنا من فضلك ؟,معذرة . هل يمكن أن ترسم صورةنا ؟
3335,الساعة كام؟,كم الوقت ؟,كم المدة التي ستغادر فيها ؟
4244,شو المحطة يلي بعدها؟,ما هي المحطة التالية ؟,ما هي المحطة التي يمكن أن تفعلها ؟
2266,فيك توصلو من هون لبكرا؟,هل يمكن أن توصله بحلول الغد ؟,هل يمكنك أن تقوم بعملها من هنا غداً ؟
4119,كيف يربون الإباء اليابانيين ابنائهم؟ هل هم شديدين مع أطفالهم؟,كيف يربي الآباء اليابانيون أولادهم ؟ هل هم صارمون مع أطفالهم ؟,كيف يمكنني أن يربون الإباء اليابانيين ابنائهم ؟ هل هم شديدين مع أطفالهم ؟
35128,هل من الممكن أن حصل على زجاجة ماء ساخن ؟,هل من الممكن أن حصل على زجاجة ماء ساخن ؟,هل من الممكن أن حصل على زجاجة ماء ساخن ؟
29440,أول مكان غطس النهاردة هو واحد من أشهر المنحدرات في هاواي.,يعتبر أول مواقع للغوص اليوم واحدا من أكثر المنحدرات شهرة في هاواي .,أحد أشهر منحدرات اليوم هو واحد من أشهر المنحدرات في هاواي .
49422,فين بوايه اربعة و عشرين؟,أين البوابة أربع وعشرين ؟,أين بوصة أربعة وعشرين ؟
22033,آسف ، لكن كل موائدنا مشغولة . هل تود أن تنتظر ؟,آسف ، لكن كل موائدنا مشغولة . هل تود أن تنتظر ؟,آسف ، لكن كل موائدنا مشغولة . هل تود أن تنتظر ؟
45043,هل هناك قطار سريع ؟,هل هناك قطار سريع ؟,هل هناك قطار سريع ؟
5685,عند المكتب اللي هناك.,في المكتب هناك .,عند المكتب هناك .
10259,عايز كورة .,أبغي كرة .,أريد بعضاً من كورة .
38004,بدي غطا عدسة، عمول معروف .,أرغب في غطاء عدسة من فضلك .,أريد غطاء عدسة ، من فضلك .
1507,اي، هذي ميموريال تاور. واحد من اشهر المباني في المدينة.,نعم ، إنه برج ميموريال : أحد أشهر المباني بالمدينة .,نعم ، هذا ميموريال تاور . واحد من أشهر المباني في المدينة .
41673,عدل كلامك-اعرف، ليش ما نروح هناك مع بعض؟,"أنت محق فأنا أعرف , لماذا لا نذهب إلى هناك سوياً ؟",حسناً ، أعرف ، لماذا لا نذهب إلى هناك ؟
22134,بغيت أأكد حجزي.,أريد إعادة تأكيد حجزي .,أريد أن أأكد حجزي .
17998,هل ستزداد الرياح قوة بعد الظهر ؟,هل ستزداد الرياح قوة بعد الظهر ؟,هل ستزداد الرياح قوة بعد الظهر ؟
47443,مسامحة بس ما ناخذ هذي. ناخذ فيزا.,معذرة ، لا نقبل هذا . نأخذ فيزا .,آسف لكننا لا نستطيع ذلك . سوف نأخذ بعض الفيزا .
43772,ممكن تغير الصيقة للي انتي لسه قايله دلوقتي؟,هل يمكنك أن تغير الصياغة طبقاً لما قلته للتو ؟,هل يمكنك تغيير الصيقة التي تريدها الآن ؟
43762,كم دولار تبغي؟,كم من الدولارات تريد ؟,كم دولار تريد ؟
49208,عايز أروح سان جييجو.,أريد الذهاب إلى سان دييجو .,أريد الذهاب إلى سان جييجو .
6648,إزا بتريد عالساعة تمانة.,الساعة الثامنة ، فضلاً .,من فضلك في الساعة الثامنة .
3431,في ناس جداد بيتوظفون في ابريل.,تشغل أشخاصاً جدد في أبريل .,هناك كثير من الناس يوظفون في أبريل .
6329,دلوقتي جاتلي فكرة .,الآن خطرت لي فكرة .,الآن لقد اتصلت ببعض الفكرة .
14597,الدرب طويل؟,هل هو طريق طويل ؟,هل الدرب طويل ؟
30675,هدا بارد شوي. بتقدر تسخنه؟,هذا بارد إلى حد ما . هل يمكن أن تقوم بتسخينه ؟,هذا بارد للغاية . هل يمكنك أن تسخنها ؟
47755,ستة وثلاثين صورة، لو سمحت.,ستة وثلاثون صورة من فضلك .,ستة وثلاثين صورة ، من فضلك .
18794,أي طابئ؟,أي طابق ؟,أي طابئ ؟
44583,فينا نتفرج بمحلات السوء الحرة بالمطار؟,هل يمكن أن نقوم بالتجول في الأسواق الحرة في المطار ؟,هل يمكننا أن نتفرج في محلات السوء الحرة بالمطار ؟
5369,فك لي هذه الدولار فكة صغيرة ، من فضلك .,فك لي هذه الدولار فكة صغيرة ، من فضلك .,فك لي هذه الدولار فكة صغيرة ، من فضلك .
5576,انا عايز اروح اصطاد . فيه مكان مناسب قريب؟,أريد الذهاب للصيد . هل يوجد موقع جيد بالقرب من هنا ؟,أريد الذهاب إلى إصطاد . هل يوجد مكان مناسب ؟
49414,فيك تقلي شو رح نزور بالجولة؟,هل يمكنك أن تخبرني الأماكن التي سنزور في الجولة ؟,هل لك أن تخبرني كيف يمكنني أن نذهب إلى الجولة ؟
2975,هل هاذي هو الحافلة الصحيحة لوسط المدينة؟,أهذه هي الحافلة التي توصل إلى وسط المدينة ؟,هل هذه هي الحافلة الصحيحة إلى وسط المدينة ؟
22358,أين مكتب تسجيل الدخول الخاصة بلوفتهانزا ؟,أين مكتب تسجيل الدخول الخاصة بلوفتهانزا ؟,أين مكتب تسجيل الدخول الخاصة بلوفتهانزا ؟
26286,من الاحسن انك تكلم قسم المفقودات.,"يفضل أن تتصل بقسم "" المفقودات و الأشياء التي عثر عليها . """,من الأفضل أن تحدث إلى قسم المفقودات .
43910,لا، اللي بعد.,لا ، التالي .,لا ، ما بعد .
36888,من فضلك افتح فمك على مداه .,من فضلك افتح فمك على مداه .,من فضلك افتح فمك على مداه .
43794,هل اقدر أن أشرح ذلك بالتفصيل؟,هل من الممكن أن تفصل أكثر ؟,هل يمكنني شرح ذلك بالتفصيل ؟
21410,بالتأكيد. إزاى نقدر نخدمك؟,بالتأكيد . كيف يمكننا خدمتك ؟,بالتأكيد . كيف يمكننا أن نقوم بعمل ذلك ؟
23575,هو طالع يتغدا الحين. بيرجع في عشر دقايق.,خرج للتو للغذاء . سيعود خلال عشر دقائق .,إنه على متن الغداء الآن . سيعود في عشر دقائق .
39699,هل هو جلد حقيقي ؟,هل هو جلد حقيقي ؟,هل هو جلد حقيقي ؟
38466,"إذن , هذا ألفان وخمسمائة دولاراً شهرياًُ . يمكننا أن نؤكد إننا سوف ندفع لك ثلاثة آلاف دولاراًُ شهرياً . ماذا عن ذلك ؟","إذن , هذا ألفان وخمسمائة دولاراً شهرياًُ . يمكننا أن نؤكد إننا سوف ندفع لك ثلاثة آلاف دولاراًُ شهرياً . ماذا عن ذلك ؟","إذن , هذا ألفان وخمسمائة دولاراً شهرياًُ . يمكننا أن نؤكد إننا سوف ندفع لك ثلاثة آلاف دولاراً شهرياً . ماذا عن هذا عن هذا عن هذا"
898,ليه عملته؟,لماذا فعلت ذلك ؟,لماذا فعلت ؟
36889,يعني مو لازم نحط اكراميات؟,هل هذا يعني أنه لا يجب على أن أدفع بقشيشا ؟,هل يمكن أن نحط بعض الأمتعة ؟
30252,دول كبار قوي عليا، ممكن أجرب دول؟,إنه واسع جداً علىّ . هل يمكن أن أجرب هذه ؟,هذا جيد جداً ، هل يمكن أن أجرب هذا ؟
40313,اى واحد من دول هو اخر لون؟,أي من هذه أحدث لون ؟,أيهما هو آخر لون ؟
3279,بتعرفلك شي مطارح منيحة لتنشاف بشيكاغو؟,هل تعرف أي أماكن جيدة لمشاهدتها في شيكاجو ؟,هل تعرف أي مطار جيد لمشاهدة المعالم في شيكاغو ؟
23129,لدينا ما يكفينا للاستمرار لمدة يومين .,لدينا ما يكفينا للاستمرار لمدة يومين .,لدينا ما يكفينا للاستمرار لمدة يومين .
42225,"جيني . مايك . سارة . سام . تعالوا , الجميع مستيقظ .","جيني . مايك . سارة . سام . تعالوا , الجميع مستيقظ .","جيني . مايك . سارة . سام . تعالوا , الجميع مستيقظ ."
41140,أي ساعة لازم سجل دخولي؟,متى ينبغي علىّ الدخول ؟,متى يجب أن أجد إجراء دخولي ؟
40903,عربيتي إتعطلت، ممكن تيجي وتاخدها.,لقد تعطلت سيارتي . من فضلك احضر لتأخذها .,لقد اتصلت سيارتي . يمكنك أن تحضر .
1039,وين لازم إتركو بعد جمعة؟,أين يجب أن اتركها بعد أسبوع ؟,أين يجب أن أتركها بعد جمعة ؟
48118,وين من بلش؟,من أين نبدأ ؟,أين هذا المكان ؟
49380,ممكن تراجهه تاني، إذا سمحت؟,هل لك أن تفحصها ثانية من فضلك ؟,هل يمكن أن تحضرها ثانية ، من فضلك ؟
7431,هيدا قياسي؟,هل هذا مقاسي ؟,هل هذا قياسي ؟
28075,بدي تقرير حادث.,أحتاج إلى تقرير عن الحادثة .,أريد تقرير حادث .
38685,هل لي في الحصول على تذكرة طبية ؟,هل لي في الحصول على تذكرة طبية ؟,هل لي في الحصول على تذكرة طبية ؟
7844,في شي غلط بلمبة الفلاش.,هناك خطأ ما في لمبة الفلاش .,هناك خطأ في بلمبة الفلاش .
39910,إذا كنت تودّ ، بإمكاننا الاستراحة هنا .,إذا كنت تودّ ، بإمكاننا الاستراحة هنا .,إذا كنت تودّ ، بإمكاننا الاستراحة هنا .
43338,فى ينابيع سخنة كتير.,هناك الكثير من الينابيع الحارة .,هناك ينابيع جيدة جداً .
18863,اوك. شو رأيك بهيدي؟ هيدي جولة نص نهار بترجعك لهون الساعة وحدة .,حسنا . ماذا عن هذا ؟ رحلة نصف النهار هذه تعيدك هنا الساعة الواحدة بالضبط .,حسناً . ماذا عن هذا ؟ إنها جولة نصف نهار ستعود إلى هذه الساعة الواحدة .
35160,أين مكتب الطيران الذي سأواصل عليه الرحلة ؟,أين مكتب الطيران الذي سأواصل عليه الرحلة ؟,أين مكتب الطيران الذي سأواصل عليه الرحلة ؟
32722,بخير ، شكراً لك ، و أنت ؟,بخير ، شكراً لك ، و أنت ؟,بخير ، شكراً لك ، و أنت ؟
26281,بدي كريم للبشرة العادية.,أريد كريما للبشرة العادية .,أريد كريم للبشرة العادية .
42402,مش عارف الف المفتاح في قفل الباب .,لا أستطيع إدارة المفتاح في قفل بابي .,لا أعرف أية المفتاح في قفل الباب .
7547,والأخت شنو تبغي تشرب؟,ماذا تحب سيدتي أن تشرب ؟,ماذا تريد أن تشرب ؟
5567,ما فينا نعملو هون .,لا نستطيع القيام بذلك هنا .,لا نستطيع أن نفعلها هنا .
20295,حلو.,شيق .,هذا جميل .
13653,احس بدورة شوي.,أشعر بدوار بسيط .,أشعر بدورة كثيراً .
17160,اربع برتقالات.,أربع برتقالات .,أربع برتقالات .
22046,هل يمكنك أن ترني أشياء أخري ذات تصميمات مختلفة .,هل يمكنك أن ترني أشياء أخري ذات تصميمات مختلفة .,هل يمكنك أن ترني أشياء أخري ذات تصميمات مختلفة .
38673,أديش الأوضة بالليلة؟,ما تكلفة الغرفة في الليلة الواحدة ؟,كم تكلفة الغرفة الليلة ؟
3732,تربيزة أكبر أوي، من فضلك.,منضدة أكبر بكثير من فضلك .,مائدة أكبر حجرة ، من فضلك .
36232,ميكي هاياكاوا.,ميكي هاياكاوا .,ميكي هاياكاوا .
11300,فينا نبعتو عمكتب البريد كرمالك .,يمكننا أن نرسله لك إلى مكتب البريد .,يمكننا أن نبعثها إلى مكتب البريد .
12005,هو شمال.,انها باتجاه الجنوب .,إنه يساراً .
20876,رايحين شوبنج بس.,سنخرج للتسوق حالا .,لقد ذهبت إلى حد ما .
10533,كم يجب أن أنفق ؟,كم يجب أن أنفق ؟,كم يجب أن أنفق ؟
17710,هي البوابة دي للاس فيجاس؟,هل هذه هي البوابة إلي لاس فيجاس ؟,هل هذه هي البوابة إلى لاس فيجاس ؟
25631,من غبر لبن، لو سمحت.,"بدون حليب , من فضلك .",من غبر لبن ، من فضلك .
20205,نص إزازة، من فضلك.,"نصف زجاجة , من فضلك .",نصف زجاجة ، من فضلك .
7762,عندك حاجه كاجوال اكتر؟,هل لديك أي شيء كاجوال أكثر ؟,هل لديك أي شيء لبيع الملابس أكثر ؟
30007,عندك مرشد مع خبرة؟,هل لديكم مرشد ذو خبرة ؟,هل لديك مرشد مع خبرة ؟
3402,بكام البرفان ده؟,بكم هذا العطر ؟,كم تكلفة هذا البرفان ؟
22278,أيوة، أنا لسه مستلم الأوضة حالا، بس الأوضة مش متوضبة.,"حصلت لتوي على غرفة , ولكنها لم تجهز بعد .",نعم ، لم أستلم غرفة حالا ، لكن الغرفة لا تبدو توضبة .
17712,العروسة دي للبيع؟,هل هذه الدمية للبيع ؟,هل هذه العروسة للبيع ؟
42750,شو رأيك بالجاز؟,ما رأيك لو استمعنا إلى موسيقى الجاز ؟,ماذا عن الجاز ؟
42696,ممكن تخلي بالك من حاجتي المهمه، من فضلك؟,"هل يمكن أن تحفظ أشيائي الثمينة , من فضلك ؟",هل يمكنك أن تحفظ بعض شيء الذي يناسبني ، من فضلك ؟
3120,مش عملاقي شنطاتي .,لست قادراً على أن أجد أمتعتي ؟,لا أستطيع أن أجد حقيبتي .
29208,لدي بعض واجبات اللغة الإنجليزية والرياضيات واللغة الفرنسية .,لدي بعض واجبات اللغة الإنجليزية والرياضيات واللغة الفرنسية .,لدي بعض واجبات اللغة الإنجليزية والرياضيات واللغة الفرنسية .
24189,عربيتي خلصت بنزين.,نفد الوقود من سيارتي .,لقد أغلقت عربتي بنزيناً .
18730,عندك نفس الشي بس بلون غير؟,هل عندكم نفس الشيء بلون مختلف ؟,هل لديك نفس الشيء بلون أخر ؟
27721,هل هي متينة ؟,هل هي متينة ؟,هل هي متينة ؟
625,هل ستبحث في مطعمك عن كيس نقودي ؟,هل ستبحث في مطعمك عن كيس نقودي ؟,هل ستبحث في مطعمك عن كيس نقودي ؟
16840,هل لديك مكان لغسيل السيارات ؟,هل لديك مكان لغسيل السيارات ؟,هل لديك مكان لغسيل السيارات ؟
20969,وين مستودع الباصات؟,أين محطة الحافلات ؟,أين قسم الحافلة ؟
20834,لو سمحت اكتبلي جواب.,من فضلك اكتب لي خطاباً .,من فضلك ، أخبرني عن سؤال .
35494,فين أقرب محل للهدوم؟,أين أقرب متجر ملابس ؟,أين أقرب محل لمشاهدة المعالم ؟
32436,عطني وقت حق ارد افكر.,اعطني بعض الوقت للتفكير .,أعطني وقتاً لكي أفكر .
17515,ممكن تغيرلي ديه بواحده جديدة؟,هل يمكنك تبديل هذه بواحدة جديدة ؟,هل يمكنك تغيير هذه بواحدة جديدة ؟
23392,أديش بتعطيني خصم؟,ما مقدار الخصم الذي ستقدمه لي ؟,كم تعطيني خصماً ؟
26350,كل سنة جديدة وانت بخير.,عام جديد سعيد .,كل عام جديدة وأنت على ما يرام .
13734,ممكن تدهنلي أوضة الأعدة وج دهان جديد؟,هل من الممكن طلاء غرفة المعيشة من جديد ؟,هل يمكن أن تدلني غرفة ذات غرفة جديدة ؟
38866,ياه، لأ، أنا سبت رقم التليفون في البيت.,لا ، لقد تركت رقم تليفونه في المنزل .,نعم ، لا ، لقد أغلقت رقم الهاتف في المنزل .
29606,إنها دولارين وخمسين .,إنها دولارين وخمسين .,إنها دولارين وخمسين .
49048,شجر الكرز بيزهر في الربيع .,في فصل الربيع تزهر أشجار الكرز .,شجر الكرز يزهر في الربيع .
14935,فيي وئف عالطريء؟,هل يسعني التوقف بالطريق ؟,هل يمكنني أن آخذ هذا الطريء ؟
46339,الدخول سهل هناك؟,هل من السهل الوصول إلى هناك ؟,هل هذا الدخول سهل هناك ؟
26874,هو القطر ده بيقف في بالتيمور؟,هل يتوقف هذا القطار في بالتيمور ؟,هل هذا القطار يتوقف في التيمور ؟
23512,يبعد حوالي تسعة وتسعين ميلا.,إنها تبعد حوالي تسعة وتسعون ميلا .,إنها تبعد حوالي تسعة وتسعين ميلا .
23206,كان لطيف جدا إنى قابلتك.,كم كان لطيفاً أن التقي بك .,كان لطيف جداً أن أقابلتك .
19269,ماذا تريد أن تشرب ؟,ماذا تريد أن تشرب ؟,ماذا تريد أن تشرب ؟
21422,عيدان، إذا بتريد.,زوج من العصي ، من فضلك .,عيدان ، من فضلك .
12451,انا ابغي اشتري خمسة. كل هذي، وبعد ما بترخصهم؟,أريد شراء خمسة . حتى في هذه الحال ألا يمكنك تخفيض السعر ؟,أريد شراء خمسة . كل هذا ، وبعد ما ترخصهم ؟
29108,هلا تكرمت وذهبت وتأكدت منها الآن ؟ لو كانوا هناك ، هل ستحضر كل شيء هنا في الحال ؟,هلا تكرمت وذهبت وتأكدت منها الآن ؟ لو كانوا هناك ، هل ستحضر كل شيء هنا في الحال ؟,هلا تكرمت وذهبت وتأكدت منها الآن ؟ لو كانوا هناك ، هل ستحضر كل شيء هنا في الحال ؟
22670,أنا عايز أروح مركز هارفارد. ممكن تقولى لما توصل هناك؟,أريد الذهاب إلى مركز هارفارد . هل يمكن أن تخبرني عندما نصل إلى هناك ؟,أريد الذهاب إلى مركز هارفارد . هل يمكنك أن تقوم بإرسالها عندما تصل إلى هناك ؟
23414,أتذكّر الآن . لقد ذهبنا إلى الغداء سوياً .,أتذكّر الآن . لقد ذهبنا إلى الغداء سوياً .,أتذكّر الآن . لقد ذهبنا إلى الغداء سوياً .
49425,فيي شوفو؟ عمول معروف . عمتستعملو من اليوم؟,هل لي أن أراها ، من فضلك . هل تستخدمها من اليوم ؟,هل يمكنني أن أفعل ؟ من فضلك . هل يمكنك أن تفعلها اليوم ؟
21759,بقدر آخد بطاءتين لليلة، إزا بتريد؟,هل يمكن أن أخذ تذكرتان لليلة ، من فضلك ؟,هل يمكنني أن أحصل على بطاقات طعام لليلة ، من فضلك ؟
24635,حنكسب ولا نخسر يوم في الطريق لأميركا؟,هل نفقد أم نكسب يوماُ في طريقنا لأمريكا ؟,هل سنكسب أم نكسب يوماً في الطريق إلى الولايات المتحدة ؟
8663,امشي شمال لغاية الناصية التالتة.,اتجه يسارا عند الناصية الثالثة .,اتجه يساراً إلى الناصية الثالثة .
22294,عورت رقبتي وانا نايم.,عانيت من ألم في الرقبة أثناء نومي ؟,لقد وضعت رقبتي وانا نايم .
16468,داير راسي.,أشعر بالدوران .,لقد اتصلت بالسيارة .
39847,انا هني حق ازور رفيجي.,أنني موجود هنا لزيارة صديقي .,أنا هنا للصديق .
40669,إن القيادة على الجانب الأيمن من الطريق مختلفة تماماً بالفعل .,إن القيادة على الجانب الأيمن من الطريق مختلفة تماماً بالفعل .,إن القيادة على الجانب الأيمن من الطريق مختلفة تماماً بالفعل .
4506,بأنصح بتحفة .,أرشح تحفة .,أريد تحفة .
7356,ممكن اخذ واحد ثاني؟,هل لي أن آخذ واحدة أخرى ؟,هل يمكنني أن أخذ واحدة أخرى ؟
10758,مداك تحول عملات اجنبية؟,هل تغير عملات أجنبية ؟,هل يمكنك أن تغير عملات أخرى ؟
43475,هل تتضمن هذي الرحلة زيارة الى برج سيرز؟,هل تشمل هذه الرحلة زيارة لبرج سيرز ؟,هل تتضمن هذه الرحلة زيارة إلى برج سيرز ؟
7122,عندنا نظام مترو انفاق في المدن الرئيسية زى طوكيو .,لدينا أنظمة مترو أنفاق في المدن الكبرى مثل طوكيو .,لدينا نظام مترو انفاق في المدن الرئيسية زى طوكيو .
34834,أصعب من سنت الماضي.,أشد صعوبة من العام الماضي .,أصعب من سنت الماضي .
4215,الدرجة الأولى أو التانية؟,درجة أولى أم ثانية ؟,هل الدرجة الأولى أم الثانية ؟
47236,أزاى الأزمة الاقتصادية أثرت على العمل؟,كيف أثر الركود على الشركة ؟,ما هي الأزمة الاقتصادية التي أثرت على العمل ؟
29132,شوي بعد من ورا.,أكثر قليلاً من الخلف .,ثمة وقت طويل .
34871,تمام. لو سمحت أدخل.,حسناً . تفضل بالدخول .,حسناً . من فضلك ادخل .
23986,عايز تأمين شامل، لو سمحت .,تغطية كاملة ، فضلا .,أريد تأمين شامل ، من فضلك .
49993,اي وقت الترين التاني بروح على فيلاديلفيا؟,في أي وقت يغادر القطار التالي المتجه إلى فيلادلفيا ؟,أي وقت يذهب الفندق التالي إلى فيلاديلفيا ؟
46065,هاي عيادة اف؟,أهذه عيادة إف ؟,هل هذه عيادة اف ؟
3016,سأدفع ببطاقة الائتمان .,سأدفع ببطاقة الائتمان .,سأدفع ببطاقة الائتمان .
40412,عاوز قاموس جيب، لو سمحت.,أريد قاموس جيب ، من فضلك .,أريد قاموس جيب ، من فضلك .
23602,حسب طول الرحلة.,هذا الأمر مرهون بطول الرحلة .,طول الرحلة .
40434,ممكن تقوللى على فنادق رخيصة و نضيفة؟,هل يمكن أن تدلني على بعض الفنادق الرخيصة والنظيفة ؟,هل لك أن تقول لي على فنادق رخيصة ونضيفة ؟
47284,هاخد اتنين.,سوف آخذ اثنين .,سوف أخذ اثنين .
47386,ممكن آخد نص قارورة؟,هل يمكن أن أخذ نصف إبريق ؟,هل يمكنني أن أحصل على نصف نافذة ؟
3154,أين يوجد أكبر متجر متعدد الأقسام قريب من هنا ؟,أين يوجد أكبر متجر متعدد الأقسام قريب من هنا ؟,أين يوجد أكبر متجر متعدد الأقسام قريب من هنا ؟
27941,عفوا.,مرحباً بك .,عفواً .
7984,لا تحاتي. في زباين جربوهم في اللبس.,لا تقلق . لقدر جربها بعض الزبائن .,لا تشعر بذلك . هناك بعض الزبد الذي جرب فيه في اللبس .
10389,أبا كاسة خمرة.,أريد زجاجة من نبيذ شيري الأسباني .,أريد كاسة خمرة .
37875,متى سينتهي ؟,متى سينتهي ؟,متى سينتهي ؟
11461,كيف أقدر اساعدك؟,كيف أستطيع مساعدتك ؟,كيف يمكنني مساعدتك ؟
35998,ما في مناشف وج كفاية .,لا يوجد ما يكفي من قماش الحمام .,لا يوجد هناك مناشف وجبة .
37402,هل يمكنني أن أطلب هذا من اليابان بعد أن أعود ؟,هل يمكنني أن أطلب هذا من اليابان بعد أن أعود ؟,هل يمكنني أن أطلب هذا من اليابان بعد أن أعود ؟
48654,يالله نروح.,هيا بنا نذهب .,حسناً ، نذهب .
22255,فينا نشوف قائمة؟,هل لنا أن نطلع على القائمة ؟,هل يمكننا أن نشاهد قائمة ؟
26477,كان لون السيارة أصفر.,السيارة كانت صفراء اللون .,كان لون السيارة أصفر .
2755,ممكن تنزلي شنطي عالساعة سبعة الصبح؟,هل يمكن أن تحضر أمتعتي أسفل عند السابعة صباحاً ؟,هل يمكنك أن تنزل أمتعتي في السابعة صباحاً ؟
50415,دفعت فيه كام؟,كم دفعت فيها ؟,كم دفعت ؟
44110,سياحة فقط.,فقط سياحة .,سياحة فقط .
2757,انا آسف، كلهم متباعين، بس هيكونوا عندنا خلال أيام قليلة.,آسف لقد نفدت ، لكن سوف تردنا بعد بضعة أيام .,آسف ، كلهم متباعين ، لكن سوف يكونوا لدينا خلال أيام قليلة .
8442,هل لديك مسترد ؟,هل لديك مسترد ؟,هل لديك مسترد ؟
31995,ممكن توريني أشياء تانية بتصميم مختلف؟,هل يمكنك أن ترني أشياء أخري ذات تصميمات مختلفة .,هل يمكن أن تريني أشياء أخرى بتصميم مختلف ؟
36017,في مكانلعزف موسيقى؟,هل هناك مكان يتم فيه عزف الموسيقي الريفية ؟,هل يوجد مكان لمشاهدة موسيقى ؟
2522,اي جهة مدخل مكتب البريد المركزي؟,أي طريق يؤدي إلى مكتب البريد المركزي ؟,أي طريق يؤدي إلى مكتب البريد المركزي ؟
8668,وين اقدر احصل حلق؟,أين يمكنني العثور على أقراط ؟,أين يمكنني أن أحصل على حلق ؟
5572,ممكن اطلب منك ترسملي السكة لمكتب البريد؟,هل لي أن أطلب منك رسم الطريق إلى مكتب البريد ؟,هل يمكن أن أطلب منك أن ترسل لي السكة إلى مكتب البريد ؟
16976,ابغا اتصل باستخدام بطاقة الائتمان.,أود إجراء مكالمة هاتفية باستخدام بطاقة ائتمان .,أريد الاتصال باستخدام بطاقة الائتمان .
20657,لا ، نريد كل فاتورة على حدة من فضلك . ليدفع كل عن نفسه .,لا ، نريد كل فاتورة على حدة من فضلك . ليدفع كل عن نفسه .,لا ، نريد كل فاتورة على حدة من فضلك . ليدفع كل عن نفسه .
42790,اسمي نوقوجي. توني اتصلت فيك من الفندق.,اسمي نوجوتشي . لقد اتصلت بك من الفندق منذ لحظات .,اسمي نوقوجي . لقد اتصلت بك من الفندق .
14009,شنو اكثر مكان عليه اقبال في المهرجان؟,أين أكثر المناطق حيوية في هذا الكارنفال ؟,ما هو أكثر مكان على الإقبال في المهرجان ؟
46206,ممكن تشيل مفتاح أوضتي؟,هل لك أن تحتفظ بمفتاح غرفتي ؟,هل يمكنك أن تحضر مفتاح غرفتي ؟
19458,لا، زيادة شوي قدام. هناك، ايه.,لا . قليلاً في الأمام . هناك ، نعم .,لا ، إنها صغيرة قليلاً . هناك ، نعم .
38552,فيك تحجزلنا لبكرا عشية؟,هل تقوم بالحجز لنا لمساء الغد ؟,هل يمكنك أن تقوم بالحجز لنا غداً غداً ؟
27505,ديه خدامة . انت محتاج حاجه؟,إنها الخادمة . هل تريد أيّ شيء ؟,هذه هادئة . هل تحتاج إلى شيء ؟
12704,فيك تبدل هيدا البوتين باصغر؟,هل يمكن أن تغير هذا الحذاء عالي الساق بآخر أصغر ؟,هل يمكنك أن تبدل هذا البوتين بشكل أقص ؟
33580,بعد إزنك. بدي أعمل طلبية.,معذرة . أريد أن أطلب طلب .,معذرة . أريد أن أقوم بعمل طلبية .
29169,من متى كانت في المملكة المتحدة؟,كم المدة التي قضتها هي حتى الآن في المملكة المتحدة ؟,من متى كانت في المملكة المتحدة ؟
6687,خليك بعيد عن الشغل للتلاتا، و ما تاكل كتير .,"لا تذهب إلي العمل حتى الثلاثاء , و لا تأكل كثيرا .",خذك بعيد عن العمل لثلاثة ، ولكن لا تأكل كثيراً .
20253,معك حق، إعادة تأكيد الحجز.,حسناً ، تم إعادة التأكيد على حجزك .,معك ، إعادة تأكيد الحجز .
36574,عنا قهوة، شاي، عصير ليمون، و غيرو، شو بتحب؟,لدينا قهوة ، شاي ، عصير برتقال ، وما إلى ذلك . ماذا تحب ؟,لدينا قهوة ، شاي ، عصير ليمون ، وبعضها ، ماذا تريد ؟
22179,خود الخط إي تتروح عالشارع الرابع ونئول عالخط إف.,خذ خط إي إلى الشارع الرابع ثم غير إلى خط إف .,خذ الخط إي إلى الشارع الرابع ونئول إلى الخط إف .
40229,جميل اني اشوفك هنا .,من العجيب أن أقابلك هنا .,جميل أن أراك هنا .
36319,من فضلك أخبرني إجراء الإعفاء الضريبي .,من فضلك أخبرني إجراء الإعفاء الضريبي .,من فضلك أخبرني إجراء الإعفاء الضريبي .
19486,أحط علامات الشنط ديه فين؟,أين يجب علىّ أن أضع متعلقات السفر هذه ؟,أين يمكنني أن أضع هذه الحقائب ؟
28423,بقدر أستعمل تلفونك؟,هل يمكن أن أستعمل هاتفك ؟,هل يمكنني أن أستعمل هاتفك ؟
16946,أريد كيساً من الفشار ، من فضلك .,أريد كيساً من الفشار ، من فضلك .,أريد كيساً من الفشار ، من فضلك .
50451,عندك بروشات دبابيس بتصاميم حلوة؟,هل لديكم دبابيس زينة ذات تصميمات رائعة ؟,هل لديك بعض البرتقالات الدبابيس ذات تصميمات جميلة ؟
39055,هي تريد بيرة .,هي تريد بيرة .,هي تريد بيرة .
29282,احنا استمتعنا. شكرا.,كانت ممتعة . شكرا .,لقد استمتعنا . شكراً لك .
5297,اراهن على الأرقام الحمره المتساوية.,سأراهن بها على الأرقام الزوجية الحمراء .,أراهن على الأرقام الحمراء المتساوية .
19908,وين يصير محل بيع الهدأيا؟,أين محل الهدايا ؟,أين يمكنني أن أجد محل بيع الهدأيا ؟
2900,الساعة كم ارد اتصل؟,في أي وقت أعاود الاتصال بك ؟,متى اتصل ؟
21132,لو سمحت قوله انه يكلمني أول ما يوصل . رقمي تلاته خمسه اربعه تمانية واحد واحد تلاته تسعه . فندق هيلتون، رقم الغرفة اتناشر صفر تسعة.,من فضلك أخبره أن يتصل بي ثانية بمجرد أن يعود . هنا رقم ثلاثة خمسة أربعة ثمانية واحد واحد ثلاثة تسعة . فندق هلتون ، الغرفة اثني عشر صفر تسعة .,من فضلك أخبره أنني يكلمني أولاً . رقمي ثلاثة خمسة أربعة ثمانية واحد واحد ثلاثة تسعة . فندق هيلتون ، رقم الغرفة هو ثلاثة صفر تسعة .
33041,عندك حاجة للبرد؟,هل لديك شيء لنزلات البرد ؟,هل لديك أي شيء للبرد ؟
780,وين كحلة العيون؟,أين مظلل العيون ؟,أين كحلة العيون ؟
20726,أريد الحجز لثلاثة أشخاص في الساعة السابعة .,أريد الحجز لثلاثة أشخاص في الساعة السابعة .,أريد الحجز لثلاثة أشخاص في الساعة السابعة .
37961,وين المكان الجميل لرحلة يوم واحد؟,أين يوجد مكان لطيف لقضاء نزهة ليوم واحد ؟,أين المكان الجميل لرحلة يوم واحد ؟
28431,باخد طلياني، إزا بتريد.,أريد إيطاليا من فضلك .,أريد طلياني ، من فضلك .
21091,مين اللي بتخطط تروح معاه؟,من تعتزم الذهاب معهم ؟,من الذي تخطط لذهاب ؟
5373,ما بعتمد عليه.,لا أعتمد على ذلك .,لا أعتمد عليها .
46176,اوكي. الحين عندك حجز.,حسنا . لقد قمنا بالحجز لك .,حسناً . لديك حجز .
37776,كم المدة التي تستغرقها عملية إعادة إصدار لجواز السفر ؟,كم المدة التي تستغرقها عملية إعادة إصدار لجواز السفر ؟,كم المدة التي تستغرقها عملية إعادة إصدار لجواز السفر ؟
50789,شنو أحلى موسم في هالدولة؟,أي فصل هو الأجمل في هذا البلد ؟,ما هو أفضل موسم في هذه الدولة ؟
2354,على الساحل الشرقى، إنت كمان بتلاقى أماكن مشهورة، زى نيويورك، واشنطن دى سى و بوسطن.,على الساحل الشرقي ، تجد أيضاً أماكن شهيرة . مثل نيويورك ، واشنطن ، دي دي وبوسطن .,على الساحل الشرقي ، يمكنك أن تجد أماكن مشهورة ، مثل نيويورك ، واشنطن ، هذه سى و بوسطن .
22803,الفرق الأكبر هوي شعور الفضا .,الفارق الكبير هو الإحساس بالفراغ .,الفرق الأكبر هو شعور الضوضاء .
10153,إننا سندفع الحساب ونغادر .,إننا سندفع الحساب ونغادر .,إننا سندفع الحساب ونغادر .
48961,بأخذ هالوجبة الثابتة.,سأتناول هذه الوجبة .,أريد هذهالوجبة الثابتة .
20743,اظافر التركيب هذي تخلي اظافرج اطول.,هذه الأظافر الصناعية سوف تطيل أظافرك .,اظافر التركيب هذا يجعل اظافرك أطول قليلاً .
31847,يا ظبطو يا بدلو، إزا بتريد.,إما أن تصلحها أو تستبدلها ، من فضلك .,خذها ، من فضلك .
